probe set	AA1521m99hpp_av06	AA1521n99hpp_av06	AA1521o99hpp_av06	AA1521p99hpp_av06	AA1521q99hpp_av06	AA1521r99hpp_av06	AA1521s99hpp_av06	AA1521t99hpp_av06
AFFX-MurIL2_at	91.854	89.211	88.615	96.753	119.842	108.393	110.11	98.959
AFFX-MurIL10_at	96.359	88.135	87.214	89.57	100.858	97.908	117.817	90.936
AFFX-MurIL4_at	52.973	41.182	46.781	44.408	62.581	58.368	53.721	54.261
AFFX-MurFAS_at	29	25.8	28.581	32.256	33.484	39.338	38.571	27.517
AFFX-BioB-5_at	513.043	526.617	537.912	500.486	450.727	443.308	577.226	481.837
AFFX-BioB-M_at	647.886	675.956	699.919	654.079	581.181	591.236	695.198	573.71
AFFX-BioB-3_at	614.378	629.398	662.296	614.038	543.431	538.692	673.362	548.308
AFFX-BioC-5_at	690.504	631.924	667.341	618.819	635.251	612.194	679.953	709.51
AFFX-BioC-3_at	507.922	478.848	451.106	452.435	467.98	454.55	499.511	518.544
AFFX-BioDn-5_at	252.399	238.178	210.389	216.589	220.879	221.041	216.639	241.292
AFFX-BioDn-3_at	1050.682	1011.665	1056.78	1010.821	1068.074	1091.454	1067.171	1110.124
AFFX-CreX-5_at	247.353	239.934	234.381	225.164	231.615	229.161	229.005	252.872
AFFX-CreX-3_at	365.39	406.639	339.18	388.882	322.762	345.229	379.311	344.343
AFFX-BioB-5_st	260.995	234.781	245.375	228.618	244.338	259.654	247.285	262.239
AFFX-BioB-M_st	194.217	161.975	169.121	151.75	183.158	182.181	157.507	182.973
AFFX-BioB-3_st	144.805	131.031	139.861	136.629	143.155	143.841	143.462	153.082
AFFX-BioC-5_st	350.738	307.286	296.793	257.912	306.599	304.623	268.82	329.361
AFFX-BioC-3_st	116.473	102.71	100.118	92.117	105.208	101.169	102.623	104.183
AFFX-BioDn-5_st	369.44	301.113	314.427	287.652	370.641	380.661	301.832	389.441
AFFX-BioDn-3_st	167.199	135.542	132.18	124.678	137.936	142.452	148.702	149.903
AFFX-CreX-5_st	67.099	67.725	64.266	56.878	59.279	67.175	67.146	69.216
AFFX-CreX-3_st	71.513	66.381	56.688	57.69	67.836	64.004	59.038	68.481
AFFX-hum_alu_at	5889.548	6216.104	5982.752	5715.341	5491.616	5710.417	5589.721	5763.629
AFFX-DapX-5_at	393.465	456.276	411.385	455.854	344.162	365.326	414.09	391.713
AFFX-DapX-M_at	658.93	662.36	615.371	710.717	602.594	620.81	638.496	677.677
AFFX-DapX-3_at	476.761	459.742	382.706	472.443	353.402	373.754	403.452	400.772
AFFX-LysX-5_at	376.152	369.684	279.983	337.143	301.496	297.742	293.996	310.861
AFFX-LysX-M_at	479.919	487.603	432.108	456.563	413.851	438.07	446.004	457.105
AFFX-LysX-3_at	666.852	722.169	701.393	721.511	630.821	650.561	653.947	650.363
AFFX-PheX-5_at	422.481	446.662	389.341	473.723	361.897	362.287	417.476	388.003
AFFX-PheX-M_at	345.826	383.112	309.659	400.806	289.775	309.671	272.643	312.211
AFFX-PheX-3_at	464.925	532.245	440.852	551.098	438.187	453.386	512.807	471.468
AFFX-ThrX-5_at	683.415	811.353	680.216	772.166	583.601	618.63	589.837	607.528
AFFX-ThrX-M_at	472.626	537.459	472.199	530.639	440.272	444.215	450.26	440.482
AFFX-ThrX-3_at	884.024	946.948	913.487	971.893	888.641	853.541	985.383	909.503
AFFX-TrpnX-5_at	385.34	457.376	340.816	448.759	353.455	364.627	376.489	380.565
AFFX-TrpnX-M_at	271.543	296.665	249.297	289.466	259.333	275.395	279.379	276.677
AFFX-TrpnX-3_at	353.401	441.196	386.682	470.691	364.507	382.263	435.411	366.37
AFFX-HUMISGF3A/M97935_5_at	57.359	58.352	57.887	63.856	63.279	64.558	54.28	51.576
AFFX-HUMISGF3A/M97935_MA_at	393.799	366.566	288.49	304.715	350.137	386.299	307.13	411.603
AFFX-HUMISGF3A/M97935_MB_at	52.947	51.641	54.4	51.993	60.649	54.063	49.682	60.707
AFFX-HUMISGF3A/M97935_3_at	73.503	75.349	74.879	79.965	72.578	75.167	72.885	81.267
AFFX-HUMRGE/M10098_5_at	1162.929	1343.313	1264.56	1286.393	1205.128	1257.205	1350.763	1267.643
AFFX-HUMRGE/M10098_M_at	375.613	415.225	400.64	406.139	362.04	348.413	435.282	362.412
AFFX-HUMRGE/M10098_3_at	809.764	802.054	758.818	800.086	787.361	784.025	754.672	877.042
AFFX-HUMGAPDH/M33197_5_at	308.353	321.334	319.68	324.712	302.253	316.209	338.889	322.064
AFFX-HUMGAPDH/M33197_M_at	1108.839	1145.09	1082.434	1143.935	1124.022	1125.065	1014.009	1172.069
AFFX-HUMGAPDH/M33197_3_at	804.239	870.83	848.679	853.183	850.635	819.301	828.29	844.549
AFFX-HSAC07/X00351_5_at	1025.579	906.468	955.062	893.873	996.718	966.379	965.036	1016.993
AFFX-HSAC07/X00351_M_at	913.155	913.115	896.229	961.651	938.43	861.764	979.074	912.995
AFFX-HSAC07/X00351_3_at	922.174	1023.447	1035.921	1021.169	983.014	924.881	998.648	953.356
AFFX-HUMTFRR/M11507_5_at	95.397	94.592	103.345	94.56	99.651	104.409	86.552	95.512
AFFX-HUMTFRR/M11507_M_at	111.618	93.566	102.375	99.872	119.413	109.203	94.537	116.387
AFFX-HUMTFRR/M11507_3_at	153.054	156.823	142.056	151.445	140.926	155.627	136.144	161.438
AFFX-M27830_5_at	415.858	441.13	396.551	391.93	391.501	401.436	405.274	429.352
AFFX-M27830_M_at	808.468	818.478	785.362	790.259	828.815	802.523	775.659	831.404
AFFX-M27830_3_at	428.531	412.051	416.598	379.859	495.346	494.123	394.226	454.71
AFFX-HSAC07/X00351_3_st	114.999	113.01	107.005	110.528	109.253	104.837	106.385	110.483
AFFX-HUMGAPDH/M33197_5_st	95.536	98.567	101.147	92.324	97.185	98.589	84.807	89.1
AFFX-HUMGAPDH/M33197_M_st	109.921	109.874	112.014	107.407	108.794	107.233	108.636	105.886
AFFX-HUMGAPDH/M33197_3_st	136.035	128.246	139.38	129.741	152.41	147.508	144.022	146.637
AFFX-HSAC07/X00351_5_st	187.613	186.432	190.297	173.596	179.99	172.047	195.758	161.56
AFFX-HSAC07/X00351_M_st	97.895	104.405	103.777	100.819	97.847	100.637	94.853	95.096
AFFX-YEL002c/WBP1_at	35.184	30.479	29.167	32.51	28.985	34.539	32.211	35.932
AFFX-YEL018w/_at	28.98	24.173	24.713	26.349	30.346	30.42	27.048	26.343
AFFX-YEL024w/RIP1_at	86.578	79.457	90.195	86.43	110.239	90.717	90.074	88.112
AFFX-YEL021w/URA3_at	108.378	92.488	102.947	98.881	112.266	107.368	125.509	104.724
31307_at	47.157	44.919	39.908	41.594	52.091	56.579	44.67	56.35
31308_at	191.837	173.514	162.753	168.131	200.941	185.953	169.96	202.167
31309_r_at	56.215	60.924	56.355	71.415	64.134	59.156	72.24	58.413
31310_at	38.98	32.973	32.828	39.593	41.215	37.792	34.19	42.709
31311_at	174.741	166.622	164.964	161.046	182.469	185.747	176.639	187.978
31312_at	140.306	133.431	139.068	128.556	132.084	140.801	127.618	154.84
31313_at	131.732	110.38	105.08	103.105	131.494	124.156	120.793	123.376
31314_at	102.859	82.864	72.668	79.194	89.95	85.712	93.303	102.401
31315_at	144.815	139.888	139.042	141.189	140.04	136.401	135.332	140.281
31316_at	11.161	12.587	11.157	14.981	10.187	11.905	12.693	14.636
31317_r_at	482.374	458.572	478.196	447.75	489.774	483.063	452.325	480.29
31318_at	23.548	22.571	18.846	19.623	22.754	22.854	25.86	20.068
31319_at	192.604	180.116	172.028	175.77	166.755	173.238	177.242	186.404
31320_at	567.006	525.683	523.93	513.182	510.68	530.701	526.831	568.457
31321_at	156.282	141.887	139.895	133.144	163.226	159.089	135.385	159.939
31322_at	47.949	44.018	44.794	48.269	53.644	53.319	52.402	50.702
31323_r_at	135.646	141.162	146.08	145.579	151.32	137.611	152.715	135.221
31324_at	287.535	287.774	294.489	246.158	284.783	297.199	225.409	269.482
31325_at	169.552	175.729	171.531	186.134	174.059	172.485	184.436	192.162
31326_at	647.639	669.052	614.088	674.574	643.099	682.464	628.526	661.995
31327_at	37.035	30.322	32.635	33.509	35.425	24.813	35.372	30.37
31328_at	188.848	161.684	151.699	150.846	166.748	165.1	148.679	180.983
31329_at	20.871	20.278	20.982	21.771	22.291	23.055	23.643	17.484
31330_at	1543.99	1780.784	1606.533	1711.414	1554.314	1558.82	1676.963	1623.808
31331_at	42.619	37.268	38.958	36.554	33.605	36.658	37.547	37.252
31332_at	41.07	34.038	37.782	34.608	40.001	44.158	40.864	34.002
31333_at	55.983	49.47	55.518	57.296	59.603	52.846	59.513	57.812
31334_at	37.742	42.213	41.59	47.708	45.329	40.154	48.292	47.001
31335_at	56.156	45.704	43.868	44.348	50.809	58.686	43.183	52.642
31336_at	32.703	41.148	33.86	36.899	37.939	34.733	39.33	37.988
31337_at	568.158	556.122	523.667	509.491	491.491	515.945	539.638	537.754
31338_at	38.362	48.852	49.621	50.545	45.778	53.557	54.852	48.656
31339_at	102.123	112.1	131.124	134.195	121.036	116.705	153.667	122.351
31340_at	39.693	40.556	40.178	38.878	41.816	48.756	41.489	44.123
31341_at	92.468	92.312	96.46	79.946	88.1	92.536	88.404	87.857
31342_at	145.7	152.008	137.669	140.494	139.441	153.659	125.1	155.85
31343_at	30.347	32.186	28.552	38.788	31.711	33.317	39.527	35.537
31344_at	90.997	81.072	83.78	87.214	84.705	85.707	84.024	86.161
31345_at	25.928	22.513	26.052	24.739	26.786	24.607	28.882	24.149
31346_at	218.571	193.75	195.729	180.749	189.282	193.909	188.886	201.208
31347_at	80.815	82.589	75.357	68.621	74.703	75.407	73.156	71.868
31348_at	46.811	40.299	45.049	50.904	46.886	42.854	54.211	47.489
31349_at	143.616	117.798	128.395	126.792	136.133	142.689	120.284	124.956
31350_at	482.534	470.184	443.525	447.131	442.761	411.68	460.58	407.362
31351_at	105.001	113.375	117.165	108.856	101.752	112.324	104.488	103.834
31352_at	45.564	44.159	49.161	43.385	49.934	47.042	47.26	41.49
31353_f_at	174.396	199.898	199.858	197.884	218.701	206.646	192.281	210.89
31354_r_at	207.816	192.788	189.882	162.866	181.573	201.196	186.175	190.158
31355_at	167.224	146.691	143.208	144.903	129.232	132.399	150.855	130.842
31356_at	169.036	149.081	155.7	149.44	159.316	154.391	151.156	158.543
31357_at	75.194	72.566	74.623	73.8	90.437	83.65	62.86	73.68
31358_at	67.79	77.167	68.85	76.67	68.701	73.054	73.148	77.667
31359_at	10.488	17.606	14.765	17.249	14.495	14.5	16.366	13.134
31360_at	29.765	29.738	31.027	33.973	40.568	40.293	28.076	33.652
31361_at	31.261	32.733	29.916	30.903	25.771	30.851	32.938	29.411
31362_at	202.138	151.545	159.962	165.041	193.192	185.291	169.013	196.333
31363_at	148.592	133.171	126.622	135.336	134.961	147.233	129.133	141.352
31364_i_at	92.803	95.447	94.278	101.684	99.171	98.373	101.436	88.936
31365_f_at	48.396	46.766	42.079	49.121	49.923	51.519	44.75	51.138
31366_at	88.031	88.043	86.76	85.485	83.162	80.795	84.926	86.725
31367_at	127.004	114.998	104.809	102.841	114.298	110.196	109.109	110.173
31368_at	50.801	40.692	44.294	40.48	45.229	47.404	39.227	50.773
31369_at	76.326	70.183	73.005	68.263	69.406	76.281	66.065	72.191
31370_at	41.827	45.835	41.08	47.488	18.232	18.463	25.419	22.408
31371_at	36.454	31.524	39.508	34.382	35.12	35.242	35.548	37.539
31372_at	189.183	196.515	201.498	200.078	184.282	182.235	205.027	193.644
31373_at	60.729	55.652	50.673	50.199	53.991	53.739	44.927	52.408
31374_at	115.902	107.884	107.856	105.407	111.155	111.27	98.947	118.709
31375_at	201.743	194.909	212.121	182.672	190.995	204.102	179.829	194.833
31376_at	54.113	41.665	44.185	46.618	55.578	54.218	54.786	54.094
31377_r_at	46.812	35.702	36.458	34.284	38.343	37.456	35.24	37.95
31378_at	117.77	117.569	120.078	111.942	116.706	117.098	122.151	123.882
31379_at	92.488	81.84	75.596	73.711	88.623	94.117	74.132	92.59
31380_at	101.297	94.225	84.802	82.714	92.113	98.668	90.184	98.157
31381_at	100.04	88.009	99.751	87.372	98.201	95.015	99.05	100.038
31382_f_at	76.824	69.259	61.938	70.216	71.942	70.756	76.816	74.281
31383_at	19.795	21.972	16.68	20.41	23.767	24.197	22.783	19.528
31384_at	175.69	156.496	150.873	140.068	156.01	152.133	155.348	167.687
31385_at	1401.499	1749.814	1583.736	1737.364	1427.575	1449.088	1663.118	1499.544
31386_at	178.102	174.224	175.686	170.433	183.11	191.643	164.528	171.92
31387_at	160.9	148.064	151.489	144.416	149.028	147.095	145.49	141.696
31388_at	35.716	29.605	25.891	31.204	33.696	29.474	32.243	31.616
31389_at	42.874	39.385	37.839	35.718	43.376	44.641	41.351	42.365
31390_at	14.893	17.642	15.541	15.353	17.109	17.701	17.721	20.418
31391_at	1060.63	1027.472	993.702	1007.658	1072.844	1036.238	1131.542	1045.862
31392_r_at	48.171	42.797	39.169	38.623	46.833	45.665	43.964	51.878
31393_r_at	1941.839	1930.446	1894.295	1911.692	2027.065	2092.586	1867.383	1918.789
31394_at	1116.47	1250.452	1086.278	1129.796	1041.382	1020.311	1046.021	1076.241
31395_i_at	75.005	63.508	63.417	67.171	73.28	64.952	70.894	71.716
31396_r_at	2115.506	1949.539	2086.344	2034.971	2116.369	2227.257	1857.811	2074.341
31397_at	24.641	24.16	25.757	25.389	25.96	25.773	20.964	22.605
31398_at	49.136	53.935	45.068	46.696	52.535	52.709	50.79	47.672
31399_at	107.734	98.851	100.411	104.34	110.395	111.407	100.134	111
31400_at	28.977	24.205	32.022	24.101	37.729	26.432	32.371	28.564
31401_r_at	41.129	46.357	43.291	55.886	42.59	39.758	51.702	50.201
31402_at	89.796	82.898	81.471	82.665	86.279	96.158	80.343	98.447
31403_at	43.947	41.106	39.269	43.454	58.899	45.863	38.485	46.345
31404_at	82.106	87.672	89.972	84.974	89.436	85.31	86.368	86.66
31405_at	402.125	360.278	403.342	316.178	417.265	423.299	416.187	400.233
31406_at	674.587	675.184	659.95	674.33	715.231	681.396	672.023	696.357
31407_at	10.981	10.854	10.105	11.426	9.149	9.347	7.582	10.087
31408_at	93.693	76.309	76.18	71.561	86.202	78.718	71.635	77.463
31409_at	18.614	17.762	18.083	18.617	22.372	23.046	22.277	20.371
31410_at	213.122	190.052	190.845	174.076	193.622	191.784	185.479	192.14
31411_at	46.72	42.307	39.479	39.85	45.772	44.414	50.732	43.625
31412_at	172.563	167.199	145.503	156.923	105.932	112.29	100.864	114.769
31413_at	101.282	91.406	103.376	85.339	101.486	105.62	104.943	102.635
31414_at	231.043	199.401	199.946	189.548	228.477	227.799	196.85	253.677
31415_at	36.716	39.492	36.584	29.123	33.425	37.547	30.158	39.501
31416_at	27.62	27.683	23.698	30.514	31.329	23.638	23.816	29.801
31417_at	133.601	131.856	119.733	123.533	129.631	130.876	125.794	131.772
31418_at	15.894	15.427	14.043	17.37	10.317	12.714	18.136	12.761
31419_r_at	2359.289	2236.719	2419.824	2329.999	2391.895	2360.319	2031.735	2210.076
31420_at	63.603	61.644	61.78	58.26	61.521	66.887	55.683	64.322
31421_at	96.173	92.464	97.252	85.229	78.06	101.939	89.776	101.405
31422_at	50.702	41.204	39.528	35.768	37.041	44.52	44.549	44.235
31423_at	97.941	108.003	94.616	91.004	95.377	98.889	88.784	81.108
31424_at	291.909	257.798	253.43	242.712	276.32	278.661	269.37	271.496
31425_g_at	72.339	63.827	63.67	65.372	76.021	69.766	74.57	77.383
31426_at	232.808	232.247	199.438	227.39	220.281	229.381	217.688	230.262
31427_at	25.291	23.967	20.133	26.157	21.187	19.995	23.131	25.706
31428_at	51.608	52.988	58.872	54.803	57.062	58.615	57.156	55.637
31429_at	20.556	20.067	24.708	21.985	21.285	29.6	29.952	18.239
31430_at	46.233	40.929	43.967	49.989	53.658	48.441	45.928	53.635
31431_at	159.346	165.243	163.905	170.498	163.308	159.168	165.21	155.798
31432_g_at	390.604	396.976	369.442	391.115	375.32	367.613	389.246	374.468
31433_at	197.709	167.242	164.853	150.505	158.308	160.853	161.182	174.569
31434_at	137.292	131.026	120.188	119.1	137.209	135.656	109.395	143.593
31435_at	55.057	54.027	50.326	47.839	48.849	59.363	48.597	49.689
31436_s_at	88.292	87.612	80.792	82.58	92.201	89.861	93.748	95.58
31437_r_at	73.898	65.259	67.017	60.79	66.308	68.864	74.333	65.903
31438_s_at	87.327	75.411	80.64	76.754	86.958	84.852	81.497	86.212
31439_f_at	205.175	185.632	182.355	182.696	195.572	190.205	206.229	195.123
31440_at	584.579	548.95	530.025	482.683	582.926	579.924	554.439	571.874
31441_at	72.166	73.446	72.8	71.021	73.628	79.031	71.377	69.071
31442_at	112.896	107.746	103.127	103.138	101.178	111.828	115.051	98.903
31443_at	149.695	150.218	163.485	146.534	156.15	156.142	146.478	155.273
31444_s_at	1881.432	1924.691	1953.142	1929.861	1889.945	1877.936	2087.841	2116.125
31445_at	32.546	25.276	29.624	28.47	27.744	35.033	28.494	30.092
31446_s_at	79.884	76.823	84.49	70.332	79.739	92.593	74.523	90.802
31447_at	44.184	42.321	42.283	37.213	40.115	43.612	43.521	48.292
31448_s_at	25.202	30.364	25.094	28.759	25.919	31.628	28.34	26.116
31449_at	63.711	65.124	59.343	58.65	56.359	60.145	64.312	59.674
31450_s_at	33.374	26.473	28.579	24.258	31.714	36.184	24.533	34.743
31451_at	294.213	280.242	294.223	287.67	327.026	299.751	286.249	301.365
31452_at	84.567	86.156	81.07	82.918	89.387	97.342	85.594	93.698
31453_s_at	41.896	42.079	33.425	36.372	37.401	38.711	38.996	41.42
31454_f_at	43.251	45.441	42.626	39.249	40.808	44.179	45.059	39.228
31455_r_at	14.281	13.304	13.476	12.806	9.83	12.607	9.981	12.543
31456_at	283.084	347.413	354.622	347.045	312.313	330.982	346.976	343.286
31457_at	276.093	249.519	272.802	277.606	292.253	263.629	295.503	258.853
31458_at	203.166	171.364	181.777	161.634	207.092	207.301	171.44	197.54
31459_i_at	49.752	54.732	49.509	58.537	42.506	54.423	57.766	53.887
31460_f_at	56.129	46.462	44.219	50.658	55.914	55.971	55.974	56.48
31461_at	36.992	39.103	35.744	33.974	37.611	41.166	33.103	43.13
31462_f_at	46.123	38.284	37.056	34.18	39.331	36.787	31.488	40.736
31463_s_at	310.487	340.281	311.202	305.821	263.872	277.243	310.081	307.979
31464_at	13.658	15.71	14.361	17.15	14.16	14.751	16.612	15.609
31465_g_at	109.291	98.957	100.345	94.227	102.908	104.352	105.322	110.254
31466_at	179.289	158.963	154.076	141.4	151.235	145.492	153.622	149.57
31467_at	66.786	74.208	66.891	69.213	65.605	67.245	69.871	70.809
31468_f_at	152.178	120.018	128.157	120.229	156.248	140.433	126.065	149.641
31469_s_at	73.668	66.84	66.459	63.736	68.443	65.458	62.813	70.938
31470_at	28.036	23.876	27.88	28.73	24.772	31.134	34.316	27.545
31471_at	246.248	179.351	198.388	192.566	242.739	231.84	181.695	269.435
31472_s_at	68.786	72.409	64.625	62.219	65.175	66.378	60.49	66.45
31473_s_at	45.185	35.583	37.833	35.023	41.646	48.74	47.133	48.347
31474_r_at	47.421	40.719	35.548	38.851	43.116	47.253	36.024	47.035
31475_at	192.895	164.521	163.467	145.891	185.305	175.424	171.574	196.65
31476_g_at	33.585	30.539	29.361	30.74	28.047	34.187	26.828	28.395
31477_at	168.595	164.087	155.3	147.924	142.086	151.611	140.797	157.943
31478_at	9952.789	10093.597	9841.305	9781.738	9741.364	9716.558	9379.974	9637.725
31479_f_at	28.086	22.576	20.471	22.419	22.757	22.697	24.713	28.295
31480_f_at	107.298	93.902	106.474	99.482	113.097	115.463	115.315	119.88
31481_s_at	203.296	251.592	171.453	213.57	176.465	188.759	187.271	173.344
31482_at	4890.837	4870.954	4782.009	4790.123	4896.715	4970.722	4691.402	4769.172
31483_g_at	6541.644	6749.34	6575.174	6566.563	6286.773	6582.192	6275.548	6482.945
31484_at	154.404	138.734	144.38	139.418	139.625	150.855	136.061	157.501
31485_at	91.322	68.929	76.133	62.753	75.658	81.167	75.245	81.048
31486_s_at	21.98	23.154	23.914	24.135	20.997	23.022	24.607	26.679
31487_at	23.255	17.607	20.592	21.655	25.449	23.717	22.29	24.121
31488_s_at	63.651	64.608	52.652	55.812	54.984	62.175	51.203	58.61
31489_at	7.078	3.732	7.31	7.091	2.318	5.496	7.129	7.936
31490_at	184.287	216.464	216.428	224.855	207.594	219.472	218.665	209.05
31491_s_at	62.799	59.718	69.255	68.495	67.108	66.685	79.468	63.649
31492_at	191.671	205.136	180.972	207.746	188.803	181.922	196.98	212.11
31493_s_at	222.601	195.76	188.773	172.657	201.728	220.581	161.915	221.854
31494_at	42.007	42.823	41.558	43.663	43.369	45.111	54.972	53.029
31495_at	55.065	50.968	45.12	48.563	58.964	58.028	52.31	54.548
31496_g_at	40.687	35.477	34.52	30.452	48.266	38.034	38.421	33.968
31497_at	219.18	210.784	205.006	191.795	207.657	200.888	213.758	212.19
31498_f_at	60.426	56.386	61.909	60.168	64.577	58.937	58.395	59.342
31499_s_at	110.352	97.177	88.333	100.457	106.588	105.934	101.659	106.629
31500_at	289.937	248.687	253.659	257.557	263.956	255.507	261.988	272.223
31501_at	67.969	76.505	80.894	92.491	74.821	72.268	91.078	84.079
31502_at	134.701	132.849	141.042	140.114	137.054	129.519	142.594	140.671
31503_at	225.44	191.77	198.342	196.868	207.448	204.693	201.902	223.043
31504_at	791.583	819.47	812.373	800.807	768.291	768.09	850.076	802.887
31505_at	2949.761	3226.765	3230.66	3132.81	3072.283	3115.21	3020.728	3107.414
31506_s_at	119.413	90.412	104.652	87.784	115.194	111.936	110.083	113.538
31507_at	63.016	68.934	64.579	62.534	63.199	65.397	61.512	58.034
31508_at	774.123	883.864	800.547	862.502	805.558	771.564	807.779	748.43
31509_at	2195.602	2397.103	2463.958	2474.661	2312.136	2333.131	2331.21	2320.653
31510_s_at	428.012	476.714	388.616	463.493	428.545	406.103	467.961	434.586
31511_at	3683.042	3719.591	3629.416	3619.626	3585.776	3702.534	3603.461	3901.5
31512_at	55.054	48.221	51.021	46.925	44.963	53.261	49.463	53.652
31513_at	70.49	80.373	79.304	75.351	79.989	80.338	75.341	82.402
31514_at	181.703	175.343	170.301	158.244	155.429	162.896	156.088	176.779
31515_at	172.784	166.121	174.115	161.866	207.977	187.244	170.965	195.724
31516_f_at	55.107	57.618	59.887	54.921	53.961	54.278	56.322	52.71
31517_f_at	24.515	26.782	23.519	27.09	24.735	26.255	26.23	22.98
31518_i_at	28.245	26.073	27.739	27.687	28.918	27.657	29.845	32.708
31519_f_at	38.044	41.14	36.382	39.973	35.842	34.482	30.829	38.956
31520_at	88.99	78.284	76.901	76.842	76.818	80.305	70.887	77.381
31521_f_at	72.583	72.631	69.865	70.67	69.909	71.749	72.181	78.202
31522_f_at	189.729	166.101	170.079	180.647	167.283	187.191	158.084	195.63
31523_f_at	248.471	240.6	250.832	240.061	230.003	249.057	230.319	237.05
31524_f_at	197.635	207.858	212.912	192.734	182.853	199.21	184.371	187.986
31525_s_at	524.605	579.699	544.115	540.447	496.401	515.461	554.399	529.047
31526_f_at	111.688	114.143	102.785	110.232	98.263	105.048	107.968	105.136
31527_at	3036.479	3417.761	3522.191	3628.771	3397.388	3301.685	3288.316	3263.587
31528_f_at	216.473	225.377	225.023	205.717	218.78	225.148	207.097	235.639
31529_at	64.656	66.635	73.129	75.778	71.182	69.904	77.296	74.78
31530_at	192.999	169.384	173.768	161.641	183.043	183.866	169.914	188.777
31531_g_at	164.467	165.949	166.469	150.936	162.976	155.533	158.046	178.288
31532_at	241.65	221.703	212.014	202.087	224.011	217.795	205.399	212.189
31533_s_at	481.671	393.895	454.433	394.316	506.036	484.383	477.602	412.354
31534_at	142.226	117.239	114.715	105.717	122.617	124.659	97.665	132.194
31535_i_at	177.283	146.602	153.362	138.99	184.474	175.54	159.026	181.818
31536_at	450.018	505.445	464.673	487.421	467.649	453.243	511.736	483.095
31537_at	257.384	222.189	207.397	178.694	222.45	214.993	252.867	231.795
31538_at	3978.619	3753.391	3727.863	3731.173	3808.523	3856.602	3479.026	3916.182
31539_r_at	7.848	6.332	5.522	4.574	5.873	3.074	7.079	7.401
31540_at	40.653	43.413	39.391	45.777	51.977	52.135	51.772	54.573
31541_at	31.025	29.255	29.691	30.607	31.905	28.444	33.804	30.948
31542_at	17.289	16.47	18.138	15.849	14.918	18.277	18.748	16.649
31543_at	104.049	109.305	128.757	112.014	151.789	128.287	93.222	132.813
31544_at	179.031	161.474	167.894	148.137	158.84	160.842	156.065	169.166
31545_at	3746.614	3945.775	3724.477	3785.602	3788.761	3741.013	3803.77	3772.673
31546_at	1154.347	1382.05	1321.537	1395.506	1147.811	1160.285	1271.935	1165.346
31547_at	86.761	89.718	85.18	93.055	79.568	80.259	82.711	86.73
31548_at	224.396	206.724	202.837	176.844	208.204	208.779	200.422	215.616
31549_at	49.92	38.968	49.271	39.664	40.147	42.952	42.158	47.387
31550_at	80.177	68.479	78.744	81.299	87.244	83.357	74.182	79.312
31551_at	107.549	108.088	100.163	105.572	102.902	104.311	104.157	104.873
31552_at	23.718	22.59	21.952	21.616	19.338	17.729	20.78	21.217
31553_at	33.339	31.562	34.08	33.064	30.737	31.796	31.573	30.402
31554_at	527.757	456.747	484.315	471.915	464.462	477.81	474.017	419.034
31555_at	99.938	109.698	96.358	80.96	83.416	101.019	75.778	95.692
31556_at	120.963	128.485	119.079	126.211	124.485	130.33	116.907	132.463
31557_at	2897.804	2831.408	2687.61	2739.959	2665.222	2667.453	2824.31	2792.487
31558_at	52.125	51.624	46.504	49.69	48.309	50.028	45.925	46.724
31559_at	298.26	276.576	293.702	244.46	280.42	291.768	258.827	295.939
31560_at	57.634	57.171	47.1	54.356	55.751	55.686	57.309	57.867
31561_at	52.624	61.083	55.675	57.366	58.521	59.291	49.266	54.803
31562_at	114.805	116.331	118.579	114.123	120.388	108.646	115.15	115.879
31563_at	14.62	15.081	14.608	9.734	14.916	16.207	10.954	16.102
31564_at	130.708	113.332	112.469	104.083	121.183	119.2	120.864	129.711
31565_at	104.08	108.296	97.151	101.735	106.799	104.323	90.162	102.773
31566_at	52.507	43.303	44.553	43.678	54.986	56.457	42.764	52.677
31567_at	125.109	93.912	100.174	91.988	98.994	110.415	106.705	113.987
31568_at	2483.26	2697.631	2543.57	2614.29	2432.767	2417.064	2452.65	2466.86
31569_at	162.073	169.734	173.968	168.208	157.154	168.271	162.111	169.689
31570_at	74.826	75.37	71.129	84.76	91.607	79.34	95.808	79.982
31571_at	22.843	17.806	18.396	23.713	23.844	23.269	20.338	23.712
31572_at	144.998	136.995	138.768	133.545	148.099	150.391	124.562	154.487
31573_at	2294.816	2411.274	2452.725	2295.205	2323.345	2349.381	2188.054	2395.966
31574_i_at	51.623	48.662	43.343	44.486	45.742	46.784	45.2	46.916
31575_f_at	102.168	106.661	95.3	97.999	98.795	106.218	103.053	94.699
31576_at	198.852	166.769	188.733	149.291	195.003	190.266	184.194	198.767
31577_at	57.163	52.432	42.318	51.334	41.51	42.667	55.035	38.234
31578_at	49.43	51.236	47.963	44.742	54.968	53.56	47.712	56.1
31579_at	124.754	125.746	119.695	115.388	135.336	142.987	122.045	143.871
31580_at	37.904	33.546	32.957	32.571	35.674	38.312	33.55	27.688
31581_at	89.584	84.288	83.13	86.477	93.665	94.965	95.202	85.801
31582_at	123.179	107.829	117.102	115.902	127.409	126.897	114.722	130.011
31583_at	2697.876	2883.936	2899.95	2855.425	2844.336	2762.315	2799.443	2837.388
31584_at	4082.666	4090.991	3931.568	3974.677	3854.169	3884.982	3844.839	3815.525
31585_at	77.707	77.838	80.813	80.24	75.335	80.608	75.166	84.21
31586_f_at	213.445	259.328	259.272	261.085	230.945	232.238	234.905	222.349
31587_at	156.208	139.388	148.926	140.751	142.524	144.403	146.01	148.135
31588_at	91.518	85.82	75.414	68.921	79.182	76.791	72.597	85.017
31589_at	60.955	46.961	49.655	48.787	56.436	50.666	53.477	53.282
31590_g_at	353.859	299.472	324.045	305.314	322.322	350.047	298.496	327.983
31591_s_at	55.647	49.1	43.888	44.768	64.453	50.562	53.581	53.705
31592_at	72.618	74.582	64.067	73.655	74.392	71.47	74.049	84.913
31593_at	201.478	197.027	180.615	198.069	179.217	185.347	180.469	187.873
31594_at	365.276	308.515	289.466	298.483	338.509	340.061	302.752	337.635
31595_at	154.912	132.566	125.943	128.927	135.598	135.673	131.003	154.463
31596_f_at	905.648	790.556	843.841	830.436	972.55	886.383	876.614	871.627
31597_r_at	1191.89	1129.556	1226.709	1178.562	1260.632	1283.083	1232.389	1190.63
31598_s_at	70.026	64.811	67.323	66.845	65.788	68.2	65.75	70.004
31599_f_at	106.754	103.415	94.272	97.221	97.257	111.798	86.977	101.802
31600_s_at	30.447	29.703	30.24	32.742	33.035	31.658	30.144	31.291
31601_s_at	98.927	99.999	97.413	84.19	91.81	100.678	91.996	103.699
31602_at	193.55	180.603	179.123	175.691	184.34	179.429	199.476	196.392
31603_at	37.859	36.53	33.288	38.516	40.255	38.904	34.956	38.434
31604_at	97.152	95.496	93.346	98.726	96.269	95.122	90.672	83.723
31605_at	112.847	107.203	94.497	90.335	99.523	99.812	95.027	111.06
31606_at	34.007	26.465	27.589	25.976	33.801	34.508	34.112	36.025
31607_at	99.515	82.343	79.904	81.195	89.409	90.075	80.605	98.82
31608_g_at	79.837	80.826	73.042	68.473	72.513	75.1	68.483	72.625
31609_s_at	149.697	135.338	150.647	134.959	134.249	136.465	147.861	144.601
31610_at	136.358	131.341	132.009	125.609	120.172	125.45	127.544	136.969
31611_s_at	11.577	14.463	15.12	17.105	13.866	15.7	17.652	14.309
31612_at	110.123	106.251	93.98	106.296	114.857	111.913	95.144	112.97
31613_at	49.805	50.432	51.154	48.545	47.702	46.16	48.985	46.801
31614_at	46.926	48.861	45.372	43.82	53.04	41.978	41.937	47.385
31615_i_at	92.416	85.595	78.228	73.513	81.619	86.843	76.138	91.376
31616_r_at	26.319	29.901	25.134	25.864	27.118	26.977	24.552	30.893
31617_at	165.709	173.715	170.072	194.456	171.272	172.778	163.12	173.035
31618_at	26.289	25.202	25.448	22.967	25.368	28.222	23.799	27.776
31619_at	7.438	7.679	8.485	5.464	8.013	5.457	8.047	6.441
31620_at	288.07	270.925	235.608	253.092	301.069	299.485	247.718	303.899
31621_s_at	438.969	412.423	383.006	375.468	370.111	405.743	387.114	428.973
31622_f_at	1539.123	1620.683	1522.721	1513.765	1467.74	1538.709	1492.176	1550.644
31623_f_at	2573.275	2577.623	2461.244	2395.427	2568.035	2603.86	2863.31	2712.074
31624_at	137.683	137.754	132.986	128.082	145.748	143.88	138.832	137.496
31625_at	41.173	34.21	37.279	38.609	40.529	36.517	41.125	37.627
31626_i_at	186.433	180.581	186.791	159.592	189.16	187.408	169.634	202.755
31627_f_at	205.049	166.066	188.468	156.97	203.777	199.807	200.024	206.163
31628_at	18.431	21.589	19.846	16.813	19.968	20.509	20.572	21.189
31629_at	14.235	16.458	14.84	12.891	15.005	14.899	16.128	15.815
31630_at	30.366	29.153	37.33	30.354	26.782	31.165	28.72	31.103
31631_f_at	87.972	81.432	86.51	75.038	83.93	82.389	73.401	74.232
31632_at	89.629	78.456	83.843	88.101	92.063	88.092	87.523	90.372
31633_g_at	81.761	69.684	66.114	68.966	82.348	76.791	75.038	88.738
31634_at	254.477	201.957	211.89	206.644	206.554	215.132	225.654	224.291
31635_g_at	116.693	124.973	119.168	127.299	121.823	122.931	131.272	124.282
31636_s_at	524.269	490.831	458.334	456.262	491.053	513.889	425.259	488.129
31637_s_at	1294.694	1112.827	1173.609	1086.297	1025.27	1115.688	1100.739	1097.641
31638_at	358.583	387.622	353.614	349.968	363.711	360.995	362.907	382.567
31639_f_at	115.496	106.516	99.061	106.11	110.148	109.712	103.569	106.413
31640_r_at	171.854	175.576	180.536	171.118	172.205	186.629	173.118	181.143
31641_s_at	344.429	293.256	295.89	317.894	332.257	341.896	304.718	335.264
31642_at	50.513	39.426	48.341	47.859	67.332	60.156	42.195	59.927
31643_at	37.225	39.277	32.736	38.096	40.645	39.583	41.24	37.532
31644_at	181.793	177.432	156.834	181.758	168.537	165.333	153.694	162.384
31645_at	111.596	98.345	99.649	111.355	116.07	102.814	117.345	128.475
31646_at	38.831	33.171	34.894	34.26	37.875	46.874	37.961	39.648
31647_at	91.846	97.391	82.222	93.585	90.475	90.246	97.144	92.428
31648_at	46.921	42.767	46.511	48.702	50.033	51.074	42.961	46.999
31649_at	82.614	82.269	77.846	74.832	87.835	82.17	76.039	76.847
31650_g_at	371.116	360.492	393.029	388.261	382.032	393.797	314.433	384.281
31651_at	40.057	34.044	35.287	32.996	39.961	35.573	39.679	35.651
31652_at	67.882	76.842	76.394	80.838	75.398	70.518	78.285	74.406
31653_at	70.479	63.242	63.95	71.228	66.97	72.836	75.653	70.416
31654_at	78.825	64.607	65.988	64.669	72.58	68.692	62.768	62.947
31655_at	219.408	188.866	186.918	190.653	257.75	203.17	200.845	219.296
31656_at	11.264	11.474	5.39	12.447	7.117	8.061	12.217	8.508
31657_at	29.071	29.711	27.532	29.062	29.762	29.955	28.904	31.401
31658_at	82.732	78.534	79.997	77.135	77.103	80.059	75.271	79.708
31659_at	205.342	184.249	189.098	183.613	202.987	186.676	208.363	194.277
31660_at	205.583	189.324	194.163	204.345	224.983	212.644	225.246	217.321
31661_at	395.661	342.93	379.938	354.135	412.609	414.473	417.87	447.516
31662_at	211.963	192.129	206.675	205.557	199.206	204.379	210.242	231.253
31663_at	127.465	123.539	127.249	133.343	132.204	123.615	132.495	137.59
31664_at	142.141	146.66	147.621	148.29	138.717	139.2	166.326	154.965
31665_s_at	29.714	21.298	25.372	27.792	26.644	29.362	24.975	31.326
31666_f_at	21.749	18.64	21.698	21.041	19.584	19.9	26.786	24.935
31667_r_at	539.849	458.896	533.399	474.796	498.405	524.857	501.305	502.986
31668_f_at	256.281	239.625	230.587	227.1	254.515	252.604	230.259	243.353
31669_s_at	160.852	156.395	154.673	152.441	156.412	157.624	150.538	164.087
31670_s_at	45.96	47.41	45.329	45.318	46.626	43.401	51.38	51.442
31671_at	175.419	174.068	189.593	181.396	195.479	193.895	198.667	197.599
31672_g_at	37.333	34.695	37.72	34.903	38.893	39.255	37.381	42.067
31673_s_at	261.882	262.961	242.061	251.914	265.763	253.919	263.855	265.773
31674_s_at	440.689	438.164	420.212	400.058	415.12	416.661	378.85	449.032
31675_s_at	33.112	35.276	34.19	27.468	33.86	35.612	33.791	27.879
31676_at	28.201	25.523	27.482	24.191	26.102	34.755	24.86	35.658
31677_at	40.677	35.339	43.432	41.351	38.296	37.09	38.239	39.989
31678_at	69.616	75.264	72.845	71.556	74.311	76.598	60.241	73.893
31679_at	70.173	71.763	62.527	68.084	84.95	75.851	58.794	85.628
31680_at	290.271	313.624	319.754	326.451	304.642	295.044	332.689	324
31681_at	218.19	230.198	228.3	231.137	229.481	233.542	205.672	219.3
31682_s_at	50.248	35.456	32.363	28.836	40.924	33.915	37.614	38.312
31683_at	80.51	72.495	77.954	80.047	72.94	76.85	77.251	83.572
31684_at	156.358	176.274	153.596	162.088	152.291	154.58	143.808	160.945
31685_at	953.934	1005.723	1048.478	1020.682	1387.478	1368.462	1179.195	1239.999
31686_at	69.145	62.935	64.377	56.152	66.204	62.813	69.543	74.007
31687_f_at	894.484	916.358	929.638	923.865	905.228	903.42	879.862	890.306
31688_at	262.278	243.049	257.624	234.95	278.005	290.282	259.748	279.976
31689_at	32.201	27.628	29.703	29.408	30.799	29.99	29.743	29.448
31690_at	73.073	70.945	69.752	75.284	67.729	72.487	72.926	71.622
31691_g_at	113.936	125.903	105.508	102.337	109.34	110.245	105.386	116.823
31692_at	100.943	117.561	105.79	120.377	105.455	104.414	111.1	104.607
31693_f_at	379.948	362.012	371.471	318.99	383.886	384.909	334.631	425.291
31694_at	160.859	147.671	142.724	143.555	160.612	163.792	130.84	155.191
31695_g_at	40.723	34.21	38.063	41.336	45.575	44.075	38.466	44.033
31696_at	89.735	93.544	87.855	89.399	88.22	83.787	94.497	85.426
31697_s_at	2305.473	2345.078	2378.682	2395.553	2177.97	2181.189	2272.982	2233.381
31698_at	113.219	126.15	133.781	146.454	119.887	111.019	137.665	123.547
31699_at	115.402	105.483	115.682	101.008	119.497	124.159	113.457	123.826
31700_at	379.297	942.489	976.086	876.607	1011.891	1067.63	690.7	950.252
31701_r_at	920.821	796.038	780.843	803.614	872.057	863.424	825.857	902.936
31702_at	24.53	21.635	19.057	22.257	20.242	19.06	22.412	24.506
31703_at	46.107	42.437	45.225	49.688	50.187	50.88	43.627	49.948
31704_at	219.504	200.602	206.089	194.746	219.571	206.171	201.415	206.682
31705_at	152.786	145.042	143.867	139.598	160.949	162.723	136.467	152.052
31706_at	39.089	39.248	37.96	33.92	31.478	43.609	27.945	36.516
31707_at	37.009	38.997	36.101	42.001	42.042	47.654	46.631	38.728
31708_at	2181.086	2337.66	2282.53	2313.234	2262.48	2085.084	2184.257	2021.207
31709_at	882.174	642.884	713.054	639.968	660.117	694.901	628.078	749.26
31710_at	65.756	58.37	56.484	60.024	68.487	62.541	56.755	67.978
31711_at	134.389	129.443	138.48	134.94	135.738	137.973	127.15	143.561
31712_at	105.816	113.506	99.209	94.596	101.201	99.291	117.476	112.126
31713_s_at	51.701	58.414	56.566	59.657	55.654	55.236	53.521	52.134
31714_at	50.31	51.332	43.436	38.446	47.952	46.795	34.108	43.071
31715_at	344.052	304.109	292.046	287.396	352.26	365.803	311.468	367.768
31716_at	508.791	454.059	469.412	434.017	473.014	480.352	396.046	510.403
31717_at	81.37	68.522	83.967	89.217	86.511	88.627	85.823	96.372
31718_at	5.139	9.832	8.798	10.457	9.57	10.738	4.865	11.145
31719_at	148.186	134.602	136.349	127.216	127.379	137.903	135.35	145.098
31720_s_at	114.113	103.39	107.478	113.314	119.046	116.429	111.241	117.845
31721_at	45.627	43.125	44.483	42.988	44.407	44.219	42.382	43.793
31722_at	3781.131	3915.303	3878.281	3679.266	3702.316	3649.503	3883.606	3883.936
31723_at	94.812	78.567	83.664	78.077	84.25	86.698	73.481	70.822
31724_at	242.373	225.753	236.682	212.522	232.536	223.321	195.71	224.946
31725_s_at	81.307	86.613	73.767	79.259	74.554	80.399	78.853	79.239
31726_at	95.107	95.054	90.719	83.535	110.553	112.032	79.25	106.437
31727_at	177.383	137.721	133.368	137.736	156.309	150.526	152.8	168.07
31728_at	148.425	138.11	144.043	132.917	153.383	148.799	126.083	151.761
31729_at	25.534	26.377	25.922	28.23	26.402	30.404	28.211	23.337
31730_at	90.943	91.648	86.314	85.505	97.93	99.077	80.75	104.705
31731_at	233.595	229.605	221.95	235.108	235.801	235.607	227.771	240.859
31732_at	20.236	19.111	19.259	15.51	19.352	18.537	22.276	22.209
31733_at	118.947	129.961	143.874	149.984	130.292	127.795	144.818	126.428
31734_at	208.919	176.621	209.456	178.723	192.669	221.619	176.786	197.717
31735_at	39.651	33.649	42.664	31.068	36.897	39.604	37.181	31.563
31736_at	142.146	123.08	119.164	113.371	131.679	132.645	126.144	125.837
31737_at	36.978	37.618	40.626	48.457	42.463	37.64	49.486	41.353
31738_at	288.651	282.55	250.103	257.99	284.254	278.849	273.222	308.769
31739_at	431.484	491.035	452.746	521.662	482.488	460.686	413.738	451.307
31740_s_at	383.712	349.624	337.252	337.766	388.431	373.022	363.313	404.156
31741_at	213.419	171.318	169.107	156.742	166.725	178.644	169.722	192.855
31742_at	105.072	104.777	108.617	103.275	107.231	113.017	105.054	113.142
31743_at	36.148	36.189	35.048	30.854	33.986	32.965	37.384	37.489
31744_at	52.238	54.684	51.265	52.989	48.409	45.601	50.476	43.944
31745_at	475.333	447.203	433.975	405.585	453.905	442.956	451.541	464.484
31746_at	61.85	56.293	52.773	52.364	58.893	61.175	59.581	61.048
31747_g_at	156.156	143.751	143.241	138.274	133.361	145.974	122.469	137.207
31748_at	209.959	219.032	218.753	229.74	211.113	214.278	223.221	219.282
31749_f_at	300.395	314.872	268.946	282.948	288.713	325.109	281.678	313.259
31750_at	70.106	73.189	76.079	82.064	74.273	69.207	80.611	72.001
31751_f_at	109.882	87.55	92.195	92.588	102.987	91.901	94.478	108.475
31752_at	120.35	121.939	135.537	124.317	115.809	126.63	103.81	117.221
31753_at	117.013	127.168	123.075	123.906	114.802	119.811	123.45	122.956
31754_at	32.913	28.342	27.087	27.792	31.369	29.375	25.411	30.587
31755_at	77.46	68.828	73.083	65.392	75.341	96.272	71.94	74.205
31756_at	47.903	48.745	52.502	44.292	44.789	52.331	43.144	47.388
31757_at	129.107	115.925	125.094	125.042	113.467	121.026	122.116	126.096
31758_at	103.076	87.222	91.501	83.524	92.291	93.182	93.951	101.909
31759_at	317.328	282.854	310.812	277.355	314.258	340.44	256.942	315.246
31760_at	115.815	100.669	93.152	91.623	113.808	123.983	80.917	114.086
31761_at	210.182	195.092	185.586	165.783	195.202	184.442	192.867	200.573
31762_at	297.907	269.487	317.451	274.161	296.372	336.381	252.58	321.423
31763_at	38.241	26.262	34.886	26.446	51.922	45.285	27.711	52.138
31764_at	21.262	16.762	24.335	19.52	18.534	21.672	18.951	22.142
31765_at	27.314	30.35	25.24	28.789	25.19	29.972	27.557	31.39
31766_s_at	152.22	147.574	161.409	151.12	164.662	156.434	157.86	154.896
31767_at	84.315	75.788	68.549	73.651	77.702	74.275	80.618	77.347
31768_at	20.292	19.672	17.164	19.071	19.018	21.42	17.364	20.542
31769_at	199.313	228.179	203.314	206.58	190.012	193.601	188.534	201.095
31770_at	110.657	99.832	101.214	91.923	107.493	105.215	87.785	121.746
31771_at	56.691	54.771	46.304	48.96	47.4	48.047	49.734	44.977
31772_at	153.169	140.531	140.764	145.72	158.31	148.642	156.486	169.636
31773_at	39.242	32.326	37.297	33.643	28.894	35.544	36.804	37.114
31774_at	45.967	37.759	39.564	36.183	56.589	49.478	38.677	59.744
31775_at	89.705	84.984	86.627	78.065	101.698	92.949	87.604	88.146
31776_at	98.075	98.593	91.413	92.373	84.801	101.908	94.307	100.427
31777_at	152.222	127.573	136.608	133.858	153.898	150.638	146.954	143.913
31778_at	197.771	183.663	182.557	168.97	199.548	190.519	190.093	207.609
31779_s_at	255.897	258.127	240.269	231.248	228.707	241.722	241.456	260.548
31780_f_at	86.716	78.772	84.56	73.928	89.512	82.547	89.757	78.436
31781_at	23.101	27.711	31.554	22.31	28.221	22.603	32.529	32.445
31782_at	38.217	43.012	42.995	38.517	41.862	33.753	35.99	31.558
31783_at	130.34	118.339	119.165	97.738	110.548	113.156	117.227	123.117
31784_at	330.483	316.006	327.414	319.461	320.599	319.334	295.74	322.063
31785_f_at	151.045	137.128	145.497	128.23	146.904	149.814	128.135	158.962
31905_at	125.356	123.083	122.525	116.825	131.37	123.336	108.877	128.658
31906_at	123.131	135.151	137.166	129.86	117.059	117.38	118.459	118.009
31907_at	1142.8	1374.833	1313.514	1386.812	1253.352	1213.669	1347.935	1201.267
31908_at	192.121	213.927	165.231	193.681	179.743	184.662	211.635	177.406
31909_at	63.222	61.556	52.065	56.881	60.304	60.384	58.773	67.805
31910_at	19.972	24.956	23.385	26.915	24.735	23.626	33.75	27.661
31911_at	454.528	396.877	461.046	380.723	457.443	451.926	337.758	429.028
31912_at	170.842	147.541	133.816	141.458	144.674	152.907	165.738	162.193
31913_at	136.454	124.214	126.369	112.134	120.563	122.15	109.646	136.486
31914_at	64.629	62.763	68.005	63.823	59.878	63	67.176	69.251
31915_at	95.29	97.625	91.711	86.298	93.624	100.902	85.645	94.162
31916_at	73.9	65.373	73.562	66.634	77.293	78.725	68.793	81.608
31917_at	99.869	89.522	89.314	85.706	94.823	80.195	95.846	88.222
31918_at	77.664	73.506	78.187	72.474	69.192	81.855	88.938	74.634
31919_at	47.021	43.707	48.969	41.342	48.771	53.093	37.856	52.703
31920_at	122.612	127.572	130.703	125.397	117.152	136.15	129.741	124.584
31921_at	247.501	228.437	221.924	205.486	216.037	231.98	232.019	234.806
31922_i_at	45.938	54.006	56.145	55.34	47.949	58.643	36.808	46.539
31923_f_at	104.934	82.56	81.576	87.223	104.288	103.016	88.842	106.749
31924_at	48.947	48.204	42.935	47.23	50.929	52.487	46.184	50.405
31925_s_at	95.236	95.417	89.246	91.503	102.382	100.463	86.461	103.114
31926_at	18.456	13.928	18.253	14.48	26.181	21.947	19.036	24.664
31927_s_at	156.398	149.486	134.119	143.302	144.714	138.01	141.169	150.803
31928_at	79.286	64.923	68.825	56.015	71.937	61.949	66.426	57.701
31929_at	54.397	50.058	52.73	45.598	54.879	52.538	52.389	53.524
31930_f_at	171.307	161.127	162.23	162.085	165.269	167.554	169.838	183.86
31931_f_at	156.177	156.612	148.488	149.793	142.242	147.915	155.137	169.192
31932_f_at	204.276	245.889	211.331	225.957	201.521	197.523	215.464	212.743
31933_r_at	330.118	306.578	349.507	330.895	343.648	344.648	320.725	358.567
31934_at	21.173	19.065	17.064	19.196	22.155	22.586	17.504	23.285
31935_s_at	233.174	222.866	239.472	201.069	224.316	222.583	215.986	228.296
31936_s_at	315.186	292.005	303.817	280.867	374.526	339.285	326.913	327.563
31937_at	47.683	45.136	48.685	42.914	47.787	44.513	39.446	46.956
31938_g_at	35.76	36.427	41.5	40.851	45.103	40.066	42.769	39.397
31939_at	15.319	13.742	13.815	11.161	13.792	11.963	14.04	14.095
31940_s_at	91.754	69.592	64.136	68.286	74.505	79.914	71.674	76.881
31941_s_at	33.096	39.024	33.586	32.188	36.808	39.039	31.901	32.586
31942_at	179.255	185.406	179.594	180.496	171.4	180.285	156.96	182.869
31943_g_at	36.948	40.793	36.83	37.398	31.698	40.214	33.56	34.396
31944_at	114.639	102.37	102.977	104.17	115.422	112.142	106.083	106.289
31945_s_at	148.325	130.431	141.23	121.83	144.549	154.277	128.586	144.754
31946_s_at	70.985	78.159	77.521	68.832	74.912	73.783	77.387	70.802
31947_r_at	2243.86	2314.095	2556.467	2348.354	2772.726	2553.891	2426.671	2327.189
31948_at	220.754	227.3	247.69	238.933	223.728	212.053	263.946	230.268
31949_at	17.173	19.023	17.487	15.567	16.234	17.618	17.66	22.063
31950_at	492.65	577.676	443.846	492.86	387.933	413.71	462.749	410.387
31951_s_at	831.078	875.853	803.86	847.92	868.808	854.732	928.206	912.29
31952_at	2980.364	2709.844	2874.691	2688.821	2853.636	2911.29	2788.058	2743.983
31953_f_at	113.819	105.813	113.307	100.28	99.45	114.135	103.826	113.761
31954_f_at	60.529	53.329	50.92	43.292	61.808	59.505	46.456	63.244
31955_at	1452.364	1597.627	1505.334	1534.144	1358.632	1352.096	1552.847	1385.043
31956_f_at	2553.897	2725.564	2568.494	2663.913	2526.822	2494.72	2448.273	2621.924
31957_r_at	5669.029	5471.759	5727.381	5424.19	5691.573	5835.268	5534.533	6093.629
31958_i_at	111.434	116.428	113.319	113.99	122.213	117.713	113.528	114.158
31959_at	53.25	39.842	38.773	40.536	43.186	42.363	49.586	43.728
31960_f_at	64.535	70.849	74.683	70	74.517	76.664	72.317	75.287
31961_r_at	46.955	39.582	43.692	43.309	46.786	42.988	42.875	46.37
31962_at	4909.263	5439.854	4965.55	5092.595	5020.598	5003.676	4840.978	4889.33
31963_at	126.23	110.309	103.353	93.502	118.935	105.073	109.008	121.615
31964_at	63.273	59.913	62.638	61.174	56.003	55.689	64.551	67.33
31965_at	103.914	95.391	93.814	101.037	105.796	105.379	99.868	105.981
31966_at	24.308	19.217	19.21	19.165	23.331	26.534	21.881	24.568
31967_at	257.157	270.429	259.343	264.409	260.37	255.135	252.24	248.46
31968_at	855.993	938.858	922.58	904.506	26.347	23.079	19.933	23.894
31969_i_at	13.438	15.903	15.539	13.819	13.96	15.054	19.039	14.091
31970_r_at	7.935	9.679	11.596	7.568	6.277	9.255	6.436	9.47
31971_at	250.957	220.585	245.631	228.148	233.392	241.826	216.391	248.433
31972_at	19.579	17.8	17.948	19.603	19.089	17.815	14.68	22.767
31973_at	110.417	110.659	113.29	102.265	116.503	112.584	109.857	109.133
31974_at	689.37	610.99	632.857	589.501	717.888	693.318	688.22	766.693
31975_at	289.09	261.383	261.669	230.17	253.511	283.118	250.846	278.764
31976_at	44.436	46.948	42.55	37.613	40.808	39.285	37.958	47.389
31977_at	214.689	188.69	188.327	178.652	209.146	196.14	195.965	205.111
31978_at	143.217	167.941	160.787	165.805	151.325	154.41	154.101	158.136
31979_at	830.188	742.529	764.653	696.755	770.177	801.889	631.632	761.299
31980_at	210.569	197.828	218.793	204.232	211.887	208.872	203.275	213.035
31981_at	558.451	465.931	455.742	488.968	535.689	496.455	498.508	527.017
31982_at	97.046	80.151	83.523	78.825	88.123	82.582	73.709	88.608
31983_at	88.658	87.218	97.471	89.884	79.877	93.448	80.632	76.514
31984_at	33.77	31.265	35.148	33.7	34.565	31.216	36.377	33.5
31985_at	90.722	82.68	76.64	84.748	79.235	95.298	73.44	92.641
31986_at	5.623	10.515	6.582	6.257	7.985	5.592	6.969	6.412
31987_at	95.467	97.881	89.725	98.371	92.079	95.761	95.271	96.344
31988_at	52.019	52.646	49.328	48.254	51.538	53.382	54.857	50.858
31989_s_at	32.958	32.362	32.992	31.036	30.015	38.864	33.696	39.872
31990_at	59.977	66.401	60.107	45.476	51.76	62.388	56.934	61.642
31991_at	154.433	137.869	133.499	126.431	148.495	156.915	133.631	157.549
31992_f_at	32.552	32.44	31.414	28.647	36.116	32.421	25.514	33.536
31993_f_at	275.792	231.063	233.792	209.968	234.627	234.078	226.323	246.728
31994_at	53.421	52.747	59.161	55.969	49.457	51.941	56.957	53.609
31995_g_at	140.985	143.248	135.701	129.447	127.725	130.35	132.912	133.015
31996_at	225.131	196.739	202.957	194.699	213.956	205.651	225.852	213.572
31997_at	57.608	52.826	55.526	57.006	55.586	61.595	49.724	56.753
31998_at	60.593	56.57	52.044	58.017	54.174	52.718	51.731	60.437
31999_at	166.688	155.509	160.08	142.545	166.94	169.107	154.941	177.648
32000_g_at	588.315	514.502	510.48	472.959	529.805	532.962	528.399	561.285
32001_s_at	63.367	63.893	56.326	54.297	60.894	61.933	54.513	63.103
32002_at	377.61	354.115	342.805	354.464	352.29	373.623	345.228	388.586
32003_at	186.361	194.24	179.066	177.078	189.805	187.445	209.709	201.069
32004_s_at	486.742	433.52	421.393	434.917	440.798	462.567	455.18	464.406
32005_at	266.733	252.771	245.094	238.855	221.865	261.076	200.292	279.275
32006_r_at	67.057	63.963	66.652	71.521	67.542	69.264	66.712	72.351
32007_at	498.32	465.754	485.734	447.036	504.942	504.443	450.14	468.32
32008_at	23.39	23.636	24.105	23.137	19.17	22.118	26.256	27.604
32009_at	100.1	84.156	81.257	92.413	86.293	86.058	84.697	85.157
32010_at	430.328	402.347	377.568	376.54	439.205	468.659	420.188	460.137
32011_g_at	262.764	248.583	242.034	223.432	245.024	278.322	235.527	267.169
32012_at	79.846	79.074	75.393	89.886	79.401	79.413	88.537	88.952
32013_at	87.855	90.011	89.092	88.794	93.168	93.335	98.028	93.983
32014_at	29.357	29.013	37.467	29.467	29.172	28.507	34.297	37.835
32015_at	86.102	95.729	102.4	98.59	95.723	88.487	87.914	87.808
32016_at	305.731	363.348	320.475	355.281	333.998	344.238	320.828	307.035
32017_at	50.595	50.499	52.895	43.857	49.431	51.662	46.091	50.687
32018_at	31.523	35.421	31.241	32.589	34.256	32.348	32.421	36.207
32019_at	92.367	86.493	69.629	68.722	91.595	96.577	80.622	86.116
32020_at	16.467	12.551	9.333	12.096	14.426	7.455	16.749	16.906
32021_at	100.556	86.777	86.907	81.39	84.579	88.084	80.205	84.372
32022_at	28.596	31.821	31.547	30.787	29.792	31.206	31.341	34.326
32023_at	30.438	35.724	33.736	31.393	37.271	35.568	36.693	27.196
32024_at	44.554	27.602	31.05	28.349	35.993	27.64	42.224	31.255
32383_at	47.125	41.645	42.695	39.512	42.993	45.615	42.272	47.46
32384_g_at	224.912	240.553	173.409	214.16	219.221	208.856	217.826	214.047
32385_at	38.228	35.856	34.572	36.729	36.634	39.902	32.908	35.947
32386_at	57.45	55.685	66.846	58.982	62.352	57.628	68.724	57.879
32387_at	129.641	127.166	128.182	126.124	128.873	129.479	126.767	140.62
32388_at	19.078	23.325	20.279	17.724	18.165	18.211	22.394	22.998
32389_at	110.848	90.626	86.114	94.093	105.05	108.151	105.722	122.707
32390_at	110.208	102.897	94.376	102.857	111.735	100.822	109.469	102.578
32391_g_at	72.393	68.963	67.148	70.2	64.628	68.199	69.312	65.753
32392_s_at	26.989	23.228	21.746	22.189	24.64	26.323	26.981	24.88
32393_s_at	92.759	104.462	98.999	104.043	97.971	93.205	101.257	89.532
32394_s_at	777.78	884.609	739.317	865.05	782.194	733.696	754.252	761.647
32395_r_at	2257.649	2283.657	2328.746	2216.67	2259.745	2376.698	2238.398	2453.812
32396_f_at	81.42	76.179	79.359	79.125	85.367	84.89	71.55	86.706
32397_r_at	146.913	143.024	146.571	145.543	149.937	154.628	156.276	148.173
32398_s_at	35.776	34.727	34.401	34.425	37.088	35.831	33.772	34.309
32399_at	70.557	60.625	63.548	61.635	75.961	64.126	61.568	59.21
32400_at	181.053	154.912	158.323	147.347	166.516	171.304	156.274	183.986
32401_at	350.846	333.961	335.328	331.348	339.943	363.973	339.032	346.691
32402_s_at	160.221	134.508	150.544	134.535	154.934	146.841	147.647	163.318
32403_at	35.347	37.884	40.464	32.614	39.583	48.146	36.159	41.105
32404_at	137.723	125.184	125.976	126.962	126.797	130.813	122.92	135.421
32405_at	40.766	33.691	36.412	37.187	34.821	36.471	32.952	41.728
32406_at	30.802	26.106	26.421	28.983	28.7	24.386	27.538	31.547
32407_f_at	444.538	396.601	404.612	397.886	477.238	498.713	434.623	433.247
32408_s_at	207.623	234.63	204.512	218.673	202.538	199.844	210.088	205.285
32409_at	156.11	144.979	144.479	139.768	146.23	150.473	156.049	150.086
32410_at	519.484	431.619	435.575	434.634	479.909	472.552	454.9	497.933
32411_at	23.567	13.476	15.343	17.266	18.933	14.919	17.496	19.381
32412_at	3269.497	3705.03	3672.778	3613.951	3401.35	3474.531	3398.344	3355.505
32413_at	45.003	46.675	37.866	41.9	40.451	47.736	34.042	42.636
32414_at	22.414	24.462	21.132	25.764	24.966	21.298	24.978	20.485
32415_at	27.29	29.703	26.166	24.892	26.739	25.194	29.573	26.389
32416_at	49.003	57.682	52.154	51.788	47.874	45.875	59.869	55.055
32417_at	59.777	50.445	51.744	55.003	60.445	55.777	55.768	52.873
32418_at	91.131	89.861	89.766	84.214	100.392	91.744	96.771	92.674
32419_at	77.971	75.12	79.357	72.303	83.682	76.69	63.427	70.359
32420_at	148.996	131.95	136.743	132.959	144.405	143.129	125.524	142.37
32421_at	42.434	41.619	37.389	35.052	43.328	40.928	44.095	47.023
32422_at	512.555	543.602	558.9	554.218	563.184	608.392	544.716	600.612
32423_at	259.191	278.91	279.357	257.351	273.681	270.651	258.109	273.157
32424_at	291.429	306.498	301.659	300.979	332.341	316.639	254.3	300.402
32425_at	119.564	119.823	118.995	116.676	120.755	116.402	124.931	117.366
32426_f_at	81.16	79.92	85.591	71.791	81.881	80.572	74.748	83.34
32427_at	105.643	105.365	96.376	93.041	114.46	107.305	98.844	114.079
32428_at	112.898	87.725	97.601	94.572	99.72	96.93	84.78	104.558
32429_f_at	19.327	21.243	18.713	18.823	24.961	22.043	23.744	24.302
32430_at	485.681	465.154	455.487	461.867	493.532	485.958	475.689	524.51
32431_at	183.836	174.076	161.971	160.319	179.4	184.336	167.317	193.682
32432_f_at	1856.719	2042.906	1940.182	2028.298	1797.65	1817.732	1891.872	1847.96
32433_at	153.038	147.689	130.102	138.667	127.355	129.301	125.261	131.783
32434_at	139.515	176.419	126.715	140.983	112.209	128.99	125.879	114.47
32435_at	1722.099	1803.953	1791.584	1731.448	1679.931	1662.299	1590.734	1687.684
32436_at	2508.448	2697.474	2834.315	2675.555	2642.779	2643.405	2701.582	2696.063
32437_at	2484.922	2431.426	2340.066	2342.751	2368.673	2295.885	2482.793	2546.28
32438_at	2644.262	2788.52	2624.051	2686.319	2628.607	2527.138	2592.749	2605.268
32439_at	133.634	106.269	94.59	109.078	104.442	112.529	115.48	111.222
32440_at	2758.62	2775.139	2551.147	2736.194	2592.367	2553.898	2688.141	2703.426
32441_at	70.455	70.247	71.176	63.524	81.487	75.281	59.457	84.199
32442_at	42.969	34.348	43.044	39.184	42.188	40.034	35.603	38.367
32443_at	127.881	127.288	122.012	103.923	134.364	129.439	120.518	132.007
32444_at	163.415	152.2	132.121	142.066	142.266	148.743	142.898	150.583
32445_at	74.256	78.269	79.702	77.618	74.956	76.509	82.048	76.495
32446_at	31.807	37.235	31.191	31.402	31.74	36.671	28.896	31.686
32447_at	323.62	306.792	300.418	294.536	341.074	325.025	317.907	321.617
32448_at	115.972	101.601	104.779	100.865	110.346	113.984	118.034	111.751
32449_at	131.237	124.148	134.536	132.113	137.79	133.965	130.013	132.285
32450_at	108.742	100.912	93.366	105.579	102.695	102.414	110.572	110.672
32451_at	60.493	59.446	52.769	46.945	56.099	58.299	48.663	63.449
32452_at	217.651	229.689	223.921	223.138	221.278	235.819	215.514	213.639
32453_at	125.989	113.046	115.506	103.464	121.177	113.251	118.696	123.667
32454_at	39.607	50.534	48.601	52.107	50.994	46.592	55.938	48.716
32455_s_at	47.751	50.194	54.252	45.488	56.061	49.786	50.118	44.262
32456_s_at	151.972	157.455	157.951	141.643	164.748	158.012	161.684	162.53
32457_f_at	54.01	56.024	47.54	45.441	45.506	48.944	50.269	60.591
32458_f_at	55.536	48.682	49.408	40.978	47.485	48.981	58.634	59.542
32459_at	136.758	121.435	136.688	116.416	131.213	132.143	121.992	144.172
32460_at	247.135	217.344	226.739	209.661	223.467	212.143	243.298	229.02
32461_f_at	23.679	22.7	21.476	23.489	22.719	26.406	21.41	23.448
32462_s_at	83.222	76.154	71.523	73.461	76.14	74.872	68.919	69.478
32463_at	147.512	137.09	133.834	129.274	138.396	147.087	136.888	133.173
32464_at	54.861	44.779	46.462	39.555	47.462	44	45.584	41.505
32465_at	79.223	75.509	78.913	71.804	67.895	73.997	76.578	83.604
32466_at	7779.928	7792.773	7758.104	7508.953	7559.558	7750.88	7825.821	7956.935
32467_at	101.618	93.105	93.438	97.023	102.682	93.048	106.292	104.161
32468_f_at	425.491	390.519	389.78	401.65	386.018	407.92	396.039	395.284
32469_at	26.568	23.893	28.16	24.586	26.264	26.963	22.595	28.636
32470_at	57.767	60.574	47.516	61.169	51.36	56.454	50.189	52.972
32471_at	52.193	51.746	49.224	46.951	50.744	46.611	49.642	44.006
32472_at	101.687	94.989	100.725	84.336	108.755	100.066	88.614	103.458
32473_at	37.924	42.481	36.178	32.724	35.112	38.429	31.807	32.154
32474_at	216.342	196.603	204.114	195.204	208.115	201.068	209.268	212.92
32475_at	36.548	28.393	31.097	29.12	41.483	34.02	30.334	39.459
32476_at	79.452	44.577	43.923	42.412	54.428	44.21	63.155	55.704
32477_at	37.378	38.531	45.871	38.523	44.741	37.729	36.024	47.822
32478_f_at	139.132	142.484	122.576	129.347	132.151	111.928	103.476	117.146
32479_at	103.431	104.172	99.927	103.611	104.368	103.595	107.23	113.152
32480_at	171.02	151.206	151.993	136.008	153.327	154.289	126.964	155.411
32481_at	81.659	76.215	86.898	81.624	103.07	88.922	90.747	78.16
32482_at	233.964	212.667	235.257	214.995	223.821	251.544	222.331	262.997
32483_at	175.32	165.09	179.391	160.836	170.005	169.149	160.846	156.748
32484_at	112.468	101.645	101.622	95.046	108.073	104.266	87.994	105.893
32485_at	94.408	87.512	88.386	84.58	87.615	104.853	90.349	98.647
32486_at	46.507	45.508	49.341	46.051	45.522	53.867	44.201	51.805
32487_s_at	871.227	980.252	987.819	1011.325	868.785	839.277	1072.547	856.013
32488_at	143.417	141.273	132.282	138.268	130.451	131.171	141.947	148.336
32489_at	70.355	70.774	71.949	59.415	61.757	78.46	55.638	67.451
32490_at	158.148	138.242	139.283	129.519	156.328	158.679	156.915	166.158
32491_at	62.038	59.222	57.516	51.6	62.418	64.222	60.968	61.296
32492_g_at	60.021	57.714	64.264	56.919	63.699	54.989	55.752	62.36
32493_at	53.382	49.508	55.305	52.636	53.943	56.997	49.97	47.704
32494_at	93.229	85.063	90.667	77.412	94.254	95.275	86.218	82.574
32495_at	323.669	368.269	337.615	326.945	343.108	355.148	332.127	350.303
32496_at	53.397	53.484	48.074	56.707	50.903	55.892	63.24	56.073
32497_s_at	347.403	333.427	306.536	329.934	346.043	344.546	318.777	358.64
32498_at	431.679	416.13	408.611	408.843	433.57	445.527	377.643	449.905
32499_at	257.286	247.705	236.783	254.074	258.885	263.898	258.428	278.101
32500_at	40.67	46.239	39.826	35.814	41.265	46.362	38.773	41.788
32501_at	17.03	23.387	23.18	21.381	22.437	24.664	21.176	21.376
32981_at	149.714	138.637	144.498	148.726	149.365	144.612	139.213	143.003
32982_at	14.543	15.06	13.008	11.129	12.278	9.668	10.013	9.937
32983_at	264.313	216.783	216.854	215.349	212.522	234.089	241.771	229.575
32984_s_at	117.577	101.888	101.877	106.213	110.784	117.602	99.633	110.428
32985_at	18.41	14.321	15.927	15.895	18.137	16.929	13.167	17.38
32986_s_at	81.242	75.931	84.004	77.495	92.401	85.436	77.149	85.482
32987_at	94.522	84.149	88.393	90.866	91.302	98.11	78.451	99.955
32988_at	329.512	371.926	367.984	364.14	313.25	344.883	317.361	292.944
32989_at	125.19	112.048	108.991	102.392	109.897	112.749	104.668	112.991
32990_at	313.751	322.735	312.248	274.55	339.761	324.967	296.083	338.997
32991_f_at	315.327	319.439	293.273	312.992	366.307	363.422	323.622	352.81
32992_at	72.645	48.807	47.674	44.257	61.815	62.309	69.721	63.601
32993_s_at	599.112	543.453	568.481	547.557	539.501	579.734	460.726	573.665
32994_at	66.853	58.71	62.136	68.723	66.615	63.358	62.986	58.402
32995_at	46.784	38.901	43.844	40.611	41.221	43.313	37.486	35.633
32996_g_at	283.058	271.075	252.337	255.842	285.292	276.721	279.057	284.699
32997_at	86.901	83.553	82.07	82.863	85.732	95.367	73.965	87.254
32998_at	452.83	443.691	427.034	417.338	383.137	395.733	430.084	415.162
32999_at	75.208	69.268	82.208	68.648	75.241	79.199	86.468	84.513
33000_at	20.494	26.903	22.555	22.865	24.424	26.227	21.498	22.695
33001_s_at	174.914	130.454	145.585	128.01	152.655	145.038	127.8	139.733
33002_at	399.2	352.216	368.724	354.823	416.121	392.601	353.758	441.455
33003_at	66.991	62.685	65.784	58.464	59.984	64.615	64.8	60.354
33004_g_at	154.038	127.731	132.399	123.357	140.952	133.613	124.011	133.663
33005_at	92.044	94.646	98.222	104.388	101.444	94.747	105.241	105.795
33006_at	172.248	160.567	145.646	138.727	154.652	174.414	162.549	163.773
33007_at	108.733	104.141	102.41	101.182	120.169	112.736	100.024	113.437
33008_at	199.884	178.459	177.018	168.853	185.357	178.118	174.296	202.476
33009_at	63.885	64.356	69.361	71.981	72.063	65.33	67.071	63.586
33010_at	547.306	506.608	463.811	459.321	515.496	475.703	539.318	456.603
33011_at	72.846	75.449	72.114	69.159	82.255	82.358	77.831	85.442
33012_at	70.206	60.589	62.824	68.553	71.823	64.749	73.401	71.704
33013_at	112.501	100.546	98.122	100.472	101.442	102.693	83.343	108.753
33014_at	132.544	122.142	119.183	114.027	118.196	115.439	101.698	116.662
33015_at	34.876	28.807	35.626	28.921	41.841	33.309	29.078	40.55
33016_at	1593.207	1330.396	1295.586	1390.916	1624.301	1406.379	1388.464	1305.442
33017_at	58.893	61.763	66.129	63.419	60.07	63.367	57.467	55.7
33018_at	26.285	25.956	25.141	30.02	25.216	24.003	23.695	23.609
33019_at	32.052	24.14	24.014	30.328	28.064	26.121	26.129	28.619
33020_at	230.927	226.432	229.891	216.791	223.445	223.918	219.006	229.094
33021_at	64.695	59.141	58.396	60.895	66.369	64.287	67.659	64.044
33022_at	96.352	99.08	99.06	90.322	94.194	92.677	94.08	93.245
33023_at	49.447	36.201	39.658	39.95	46.172	38.651	36.698	35.861
33024_at	90.514	81.99	90.806	93.853	101.636	89.287	92.869	87.275
33025_at	293.177	340.565	316.389	345.716	304.839	287.088	299.102	263.997
33026_at	25.716	21.003	20.728	26.65	24.311	29.664	25.357	27.719
33027_at	247.731	216.615	222.254	207.202	211.969	216.039	234.296	223.729
33028_at	236.311	217.353	235.88	227.346	243.591	232.451	215.38	252.752
33029_at	156.033	152.248	158.901	151.95	166.124	158.059	156.897	144.651
33030_at	336.591	284.144	353.296	331.868	361.973	330.007	334.304	345.429
33031_at	24.443	23.341	19.664	19.965	17.281	20.691	23.967	24.748
33032_r_at	3.71	2.049	5.637	4.966	3.62	3.476	3.763	3.212
33033_at	474.27	437.94	457.403	454.532	414.404	490.47	444.12	454.257
33034_at	479.106	443.646	452.545	410.831	514.598	528.9	452.853	510.11
33035_at	74.609	66.817	66.576	63.04	74.204	71.694	78.499	75.339
33036_at	46.386	51.168	47.306	59.434	41.355	47.531	62.35	54.741
33037_at	111.113	107.3	110.586	97.723	110.648	112.151	105.073	111.613
33038_at	58.967	48.06	53.241	44.488	45.829	57.881	39.603	59.11
33039_at	8.473	8.758	9.646	11.528	9.322	10.857	9.583	8.652
33040_at	51.775	46.494	46.46	41.484	44.667	49.401	42.653	51.023
33041_at	73.039	64.369	67.78	65.194	65.327	63.252	66.643	62.397
33042_r_at	65.652	63.388	57.296	60.636	69.257	69.908	67.384	71.968
33043_at	237.389	192.233	210.916	200.09	277.807	244.183	233.066	261.731
33044_f_at	125.357	122.199	126.621	122.538	131.907	126.479	139.879	138.518
33045_r_at	530.451	486.707	487.807	447.367	508.59	524.811	485.482	533.989
33046_f_at	74.912	77.329	74.533	74.747	80.074	79.254	71.487	73.592
33047_at	71.628	74.348	70.827	66.897	72.249	70.67	66.658	69.669
33048_at	570.375	504.288	547.607	503.865	554.924	539.85	507.911	616.182
33049_at	50.753	45.193	45.511	44.879	49.468	44.608	48.218	46.12
33050_at	83.363	73.327	69.503	73.203	76.126	75.49	63.916	79.556
33051_at	17.597	16.32	18.621	17.276	16.196	18.568	14.144	21.013
33052_at	73.043	69.53	68.219	65.177	69.417	75.959	69.258	70.975
33053_at	89.785	90.91	90.639	85.73	85.162	85.193	83.113	81.282
33054_at	153.662	159.113	158.267	173.297	159.506	163.321	166.792	166.263
33055_at	77.227	86.297	77.109	87.036	78.581	79.453	78.086	77.152
33056_at	128.431	128.376	116.165	119.455	109.127	111.771	119.662	111.495
33057_g_at	51.345	51.186	48.939	44.149	55.387	50.537	46.754	47.587
33058_at	445.472	392.037	449.788	446.69	522.401	505.12	376.114	511.581
33059_at	40.007	34.264	36.395	37.303	36.332	32.237	35.386	38.085
33060_g_at	41.467	41.461	43.344	45.2	44.315	42.979	40.719	42.219
33061_at	122.678	111.377	100.746	94.323	106.506	104.859	106.279	108.074
33062_at	55.832	62.719	61.561	68.141	62.599	57.251	72.191	67.925
33063_at	116.039	112.368	112.399	129.383	124.104	115.522	128.355	124.362
33064_at	250.584	225.357	225.419	213.175	257.988	247.386	259.901	248.101
33065_at	157.283	156.621	134.732	134.948	124.62	144.409	136.778	123.477
33066_at	89.619	80.436	82.761	73.334	90.561	79.824	75.733	89.825
33067_at	95.393	95.574	96.473	92.55	112.873	104.008	96.488	108.821
33068_f_at	374.096	346.279	308.464	320.873	335.179	326.699	330.974	363.065
33069_f_at	185.642	168.104	174.075	150.351	193.601	179.2	179.634	194.716
33070_at	129.532	119.555	115.618	111.135	128.442	122.771	115.459	119.484
33071_at	97.162	91.57	83.78	71.435	93.333	90.261	82.601	104.87
33072_at	84.195	93.035	90.421	95.887	94.029	89.943	98.883	93.112
33073_at	88.443	87.75	86.887	78.207	81.612	88.894	71.499	93.965
33074_g_at	33.693	31.492	32.315	31.532	27.613	30.732	38.068	32.783
33075_at	39.025	31.851	34.483	32.176	39.746	32.082	28.324	36.871
33076_at	2.496	10.833	5.855	5.498	5.792	4.486	6.785	3.031
33077_at	327.57	283.307	332.547	302.422	326.374	337.774	314.076	358.054
33078_at	351.793	395.66	330.558	340.452	320.716	348.272	262.415	365.977
33079_at	132.424	117.248	126.912	112.101	141.208	118.419	112.008	128.627
33080_s_at	760.352	734.158	705.322	710.586	809.378	833.056	748.816	770.731
33081_at	142.805	134.253	140.748	137.9	134.876	149.877	143.253	149.152
33082_at	141.461	151.736	148.169	141.847	155.618	147.91	139.833	162.57
33083_at	35.517	31.808	36.071	33.684	32.974	31.867	25.693	33.573
33084_at	256.931	260.304	247.567	218.367	220.713	239.959	229.942	255.035
33085_at	176.036	170.232	164.708	164.217	160.931	159.023	165.643	162.166
33086_at	362.249	318.445	318.825	310.265	342.71	349.208	324.646	349.331
33087_s_at	139.291	126.277	114.631	135.07	129.908	142.554	124.117	148.218
33088_at	36.095	30.284	29.495	30.824	29.682	29.141	33.298	29.598
33089_s_at	294.24	273.209	260.687	255.586	289.835	280.285	272.192	273.335
33090_at	521.236	490.704	513.425	478.607	491.257	479.118	458.294	474.16
33091_at	106.322	111.401	105.878	105.993	107.078	111.384	118.521	110.169
33092_at	115.042	103.757	109.969	101.947	117.426	110.606	110.442	106.643
33093_at	68.562	63.989	66.38	70.933	69.274	67.526	68.43	63.445
33094_s_at	79.557	75.259	76.02	67.884	80.478	84.307	68.011	82.809
33095_i_at	117.747	107.987	101.033	98.334	100.327	113.968	91.63	111.232
33096_r_at	222.672	229.873	213.51	215.712	198.771	222.898	209.196	209.088
33097_at	141.945	136.089	131.331	139.688	149.322	148.1	152.804	150.623
33098_at	79.875	74.225	72.344	72.448	77.795	78.791	73.229	73.266
33099_at	172.15	179.442	175.865	163.393	174.494	158.637	156.541	160.329
33100_at	90.018	83.206	101.235	89.696	104.159	95.581	91.596	95.682
33578_at	150.961	118.756	122.822	123.844	137.399	136.997	127.302	136.077
33579_i_at	290.214	252.044	276.09	265.046	264.623	269.244	269.364	294.372
33580_r_at	445.766	465.465	470.441	445.768	434.763	444.473	433.955	416.261
33581_at	97.633	87.889	87.144	88.597	76.337	78.366	89.334	79.665
33582_s_at	26.598	24.384	27.178	22.158	29.381	27.489	31.251	27.652
33583_r_at	120.825	127.41	143.879	137.378	141.854	132.222	138.226	140.275
33584_at	87.071	85.068	97.716	95.132	101.595	96.398	92.725	93.206
33585_at	9.765	9.646	9.152	10.212	12.672	10.774	6.752	10.339
33586_at	123.786	102.184	111.421	83.788	128.979	119.911	101.279	114.406
33587_f_at	288.823	291.719	268.205	281.044	272.454	288.411	283.807	280.852
33588_at	100.476	78.373	76.945	74.396	91.321	91.256	86.189	94.809
33589_at	229.499	197.9	204.996	202.818	221.649	218.22	202.379	220.331
33590_at	17.354	15.625	17.914	17.65	15.711	16.592	14.186	14.48
33591_at	27.575	32.956	35.32	31.882	31.726	35.802	30.91	35.242
33592_at	115.21	100.922	99.629	89.487	103.744	106.331	97.725	102.302
33593_at	24.532	24.68	19.962	23.107	21.341	24.394	24.529	24.9
33594_at	81.716	73.221	77.779	80.679	76.713	82.755	72.646	84.003
33595_r_at	7.23	13.114	9.755	9.571	7.48	6.194	9.056	5.363
33596_at	64.616	54.67	61.617	53.43	61.639	65.453	52.451	65.767
33597_at	56.252	54.903	49.529	55.698	57.77	69.433	55.132	44.984
33598_r_at	25.463	24.53	26.95	21.639	24.479	26.778	20.785	28.231
33599_at	60.283	55.372	50.91	56.301	52.501	48.884	55.3	67.159
33600_at	149.428	135.608	148.668	142.783	155.37	148.821	140.313	150.923
33601_at	131.846	134.408	113.083	125.298	135.345	133.964	117.636	135.883
33602_at	341.358	333.248	340.19	339.475	342.248	346.895	337.244	337.032
33603_at	71.532	62.364	62.423	69.043	69.008	74.148	65.7	76.397
33604_at	105.372	117.238	125.178	125.186	109.616	110.874	124.985	121.199
33605_at	134.396	130.025	140.622	140.782	155.124	145.326	130.112	153.736
33606_g_at	136.084	113.249	107.684	104.932	139.334	132.742	113.513	140.824
33607_at	165.162	156.574	165.873	161.164	187.148	183.552	141.286	182.938
33608_at	166.265	147.508	163.483	158.487	159.221	150.093	146.933	156.46
33609_at	246.677	235.137	222.65	239.604	205.862	226.412	222.93	237.668
33610_at	60.876	68.806	71.648	66.338	63.924	65.021	71.665	68.567
33611_g_at	127.272	107.68	116.649	106.386	120.829	120.102	95.217	119.353
33612_at	19.789	22.691	22.329	21.812	18.421	23.83	18.852	23.981
33613_at	115.255	101.044	100.161	104.974	99.037	110.093	100.927	113.927
33614_at	2268.6	2520.763	2305.366	2417.232	2276.854	2226.731	2254.73	2268.469
33615_at	68.488	65.235	69.995	77.081	72.365	75.589	55.623	71.244
33616_at	25.716	18.811	24.472	20.159	22.734	25.17	23.822	25.044
33617_s_at	141.329	120.294	132.314	109.138	133.663	148.086	134.571	140.917
33618_at	235.548	217.936	236.063	225.882	223.681	220.345	241.001	227.279
33619_at	2411.396	2686.623	2532.098	2596.458	2403.4	2417.079	2646.921	2454.335
33620_at	204.794	203.635	213.871	196.159	204.643	200.708	190.774	196.259
33621_at	278.885	256.744	243.294	258.815	268.533	244.511	276.782	239.469
33622_at	161.94	164.085	168.285	150.662	166.003	174.305	155.299	166.364
33623_g_at	115.918	110.514	105.237	102.772	120.528	106.135	106.55	115.895
33624_at	117.81	104.918	95.273	90.913	100.607	100.283	101.386	110.458
33625_g_at	119.736	117.484	117.204	101.773	121.463	119.034	104.441	132.078
33626_at	37.816	37.919	34.636	35.748	39.802	36.303	40.702	37.543
33627_at	237.935	245.502	254.118	228.914	240.458	244.59	244.926	253.009
33628_g_at	213.46	201.855	214.404	218.609	225.428	201.574	179.507	184.005
33629_at	345.605	344.843	382.575	317.723	369.232	393.183	345.837	367.812
33630_s_at	267.708	244.905	241.201	242.924	253.079	258.681	209.083	262.487
33631_at	92.428	90.666	79.543	74.542	82.367	84.953	74.943	89.391
33632_g_at	126.37	139.936	144.808	145.27	135.134	133.396	155.602	130.146
33633_at	462.618	413.583	452.774	416.122	437.047	433.911	427.499	462.859
33634_at	92.364	89.739	79.944	83.529	95.724	88.297	89.373	91.416
33635_at	19.598	16.697	17.76	17.472	18.315	22.796	16.256	20.297
33636_at	201.108	193.993	193.483	186.783	193.988	195.888	213.622	206.447
33637_g_at	282.77	266.352	258.822	239.125	280.807	293.218	244.421	295.838
33638_at	134.265	145.02	135.369	131.232	145.967	142.132	135.66	145.152
33639_g_at	133.909	125.129	112.091	112.179	129.699	114.403	146.298	129.86
33640_at	343.677	293.152	320.131	302.579	305.765	326.115	343.005	321.071
33641_g_at	70.741	73.405	72.183	65.352	73.462	68.075	68.434	70.49
33642_s_at	185.785	169.287	179.342	182.948	170.78	175.53	184.658	196.459
33643_at	156.209	150.55	147.576	133.538	147.231	148.546	135.237	157.286
33644_at	79.494	72.606	70.374	70.08	75.404	71.106	95.806	74.574
33645_at	146.406	133.741	137.381	135.395	151.367	147.662	144.433	152.968
33646_g_at	382.246	365.608	335.25	348.609	380.003	332.55	331.654	359.616
33647_s_at	854.496	759.055	788.99	778.712	843.272	783.742	782.794	763.928
33648_at	346.858	314.093	315.288	315.32	345.894	338.245	338.31	363.468
33649_at	54.469	49.243	52.363	46.183	53.09	55.022	41.312	59.746
33650_at	69.87	79.2	76.017	91.557	79.871	75.974	83.762	75.611
33651_at	1174.142	1172.664	1120.042	1170.223	1196.412	1158.53	1104.682	1199.842
33652_at	76.352	60.248	70.625	53.976	72.103	69.945	60.148	71.63
33653_at	9.755	9.711	11.574	15.097	8.564	10.978	18.02	9.57
33654_at	110.279	91.435	94.412	96.025	111.96	90.235	93.092	106.077
33655_f_at	146.188	139.768	130.889	119.134	130.031	138.735	137.272	160.518
33656_at	2497.632	2862.156	2605.455	2687.488	2827.617	2716.171	2786.412	2852.558
33657_at	2374.669	2680.331	2546.224	2652.09	2317.651	2314.311	2407.971	2209.527
33658_at	37.734	34.642	35.031	35.849	37.259	35.847	34.276	36.082
33659_at	644.335	716.427	662.158	698.743	684.393	650.4	687.033	641.052
33660_at	2284.865	2620.137	2544.317	2585.268	2405.112	2421.299	2473.465	2110.781
33661_at	64.938	62.248	54.7	65.308	58.604	54.053	60.192	61.042
33662_at	7.224	12.729	7.487	11.039	5.687	9.706	10.165	9.833
33663_at	34.808	36.179	37.668	35.433	40.625	40.249	34.296	41.493
33664_g_at	18	18.733	15.949	17.473	21.118	17.496	21.232	19.24
33665_s_at	113.846	121.191	135.832	139.608	123.883	123.903	148.795	135.519
33666_at	333.606	345.993	302.212	315.269	309.74	301.971	311.5	318.899
33667_at	1479.575	1530.034	1444.471	1453.231	1413.544	1387.814	1411.836	1570.139
33668_at	1383.614	1372.866	1316.93	1369.107	1215.345	1201.604	1423.908	1265.289
33669_at	26.106	21.208	22.186	22.542	24.888	24.303	25.375	23.054
33670_at	304.604	305.917	296.014	276.072	286.158	308.689	241.726	306.684
33671_f_at	74.474	67.969	69.387	67.239	70.741	71.184	75.893	69.277
33672_f_at	125.605	117.958	135.387	120.927	128.53	126.442	113.26	131.048
33673_r_at	34.319	34.374	27.857	31.186	35.493	34.286	34.315	36.586
33674_at	3762.995	3845.195	3855.564	3841.465	3742.843	3810.676	3982.977	3990.666
33675_at	69.596	71.28	72.947	71.009	71.724	76.46	68.525	71.065
33676_at	2858.639	2888.007	3015.658	2854.516	2935.323	2793.233	2903.727	2882.82
33677_at	2293.803	2599.581	2567.765	2598.018	2367.528	2332.002	2334.46	2331.593
33678_i_at	144.961	150.197	141.457	143.921	123.861	124.586	133.033	130.944
33679_f_at	397.996	407.101	400.644	396.406	400.041	412.027	380.039	437.362
33680_f_at	43.661	30.834	39.74	37.093	45.898	46.683	40.077	39.248
33681_at	42.553	37.947	37.559	37.052	42.541	34.195	32.643	40.745
33682_at	122.701	98.714	103.717	98.664	113.878	120.966	96.686	132.014
33683_at	126.798	128.824	115.236	125.754	116.866	117.508	127.861	123.703
33684_at	184.083	149.275	165.239	163.547	177.201	192.626	152.058	190.089
33685_at	1149.025	1096.713	1128.827	1053.22	1153.857	1122.671	993.421	1176.015
33686_at	40.016	41.045	34.983	33.516	42.037	37.612	34.8	41.981
33687_at	20.277	15.255	16.414	17.013	18.912	18.654	16.834	16.165
33688_at	176.716	152.706	158.57	149.541	160.764	154.037	154.498	155.012
33689_s_at	479.156	533.283	543.037	530.953	524.906	511.881	482.608	550.017
33690_at	113.542	110.097	91.335	97.704	124.708	113.878	104.825	117.91
33691_at	173.056	151.54	144.136	130.227	136.63	147.837	140.736	180.038
33692_at	246.859	214.558	215.255	206.067	221.293	232.781	195.531	238.137
33693_at	40.116	46.976	48.285	45.092	47.06	52.095	42.711	55.5
33694_at	149.867	130.382	141.062	145.354	141.492	140.22	132.775	134.03
33695_at	260.211	236.15	244.722	259.847	285.349	240.759	282.923	244.588
33696_at	151.887	132.777	133.733	144.556	156.865	134.291	147.723	132.832
33697_at	152.461	142.302	143.382	132.827	151.033	146.93	142.303	154.344
34057_at	75.768	63.613	58.264	63.812	71.792	64.079	71.676	61.212
34058_at	59.393	52.104	66.114	51.822	69.064	64.794	54.532	57.285
34059_at	27.958	30.434	25.303	25.466	26.343	22.943	30.349	24.399
34060_g_at	215.066	201.705	200.997	186.528	225.566	207.028	197.312	205.912
34061_at	183.194	170.619	171.957	173.596	192.508	189.925	197.442	203.59
34062_at	148.765	140.113	146.759	156.578	148.993	140.793	156.522	153.791
34063_at	47.209	37.945	42.982	33.118	36.45	43.282	40.004	44.532
34064_s_at	349.961	329.561	327.405	328.871	325.783	331.335	300.335	330.941
34065_at	160.638	166.368	158.821	163.53	163.796	170.27	177.841	176.439
34066_at	235.336	205.489	208.671	200.755	237.619	233.839	217.709	232.541
34067_at	296.217	278.978	275.632	271.744	299.351	305.023	294.178	324.656
34068_f_at	101.013	103.525	115.465	125.61	107.227	106.782	137.032	124.882
34069_s_at	127.425	116.462	127.051	138.262	134.376	114.318	133.892	116.384
34070_s_at	2406.838	2428.929	2227.175	2274.036	2276.716	2238.257	2363.653	2470.697
34071_at	322.45	308.482	300.288	296.95	315.091	301.206	285.846	328.049
34072_s_at	98.357	99.227	95.306	90.318	95.264	94.94	91.84	101.819
34073_s_at	76.334	70.627	73.847	63.093	76.569	77.698	76.451	77.435
34074_s_at	220.253	203.551	213.739	198.265	219.154	209.326	188.972	211.971
34075_at	55.217	55.286	49.189	51.139	60.112	57.526	54.591	57.195
34076_at	62.467	61.232	61.878	65.622	62.253	63.628	60.904	61.402
34077_at	472.599	449.523	428.535	441.797	510.898	490.187	450.268	483.034
34078_s_at	198.703	186.172	192.126	178.202	215.267	219.674	222.308	230.381
34079_at	335.61	305.608	310.523	300.936	353.008	339.646	311.916	346.365
34080_at	260.584	244.787	226.394	236.187	278.392	227.175	214.314	230.743
34081_at	125.531	103.047	118.559	113.504	121.6	121.107	104.924	123.979
34082_at	256.529	230.123	232.271	205.629	243.445	234.313	249.081	263.465
34083_at	132.537	129.328	112.1	121.715	126.488	133.139	106.932	136.354
34084_at	45.649	40.729	32.628	35.112	40.479	41.978	36.973	39.52
34085_at	2513.03	2555.548	2456.767	2668.264	2489.253	2482.932	2737.471	2606.101
34086_at	482.369	425.429	409.808	409.931	488.996	483.533	433.034	479.324
34087_at	19.542	17.528	21.507	17.548	19.724	19.901	19.27	23.149
34088_at	78.36	58.943	61.439	60.6	69.205	75.499	65.88	71.825
34089_at	502.226	481.176	444.146	425.417	468.841	447.535	471.703	470.947
34090_at	79.899	67.566	72.428	79.06	73.904	73.178	67.841	80.365
34091_s_at	608.656	647.018	635.75	640.96	606.933	588.76	607.017	635.372
34092_at	176.317	165.17	177.038	164.747	158.917	153.763	171.174	181.26
34093_at	376.15	276.343	313.661	296.384	378.275	383.593	256.97	392.785
34094_i_at	250.889	245.726	222.071	217.69	274.052	245.42	233.765	246.749
34095_f_at	364.04	343.134	312.85	341.391	361.056	338.024	302.885	321.265
34096_at	39.794	34.521	42.593	31.055	41.675	37.424	44.087	41.993
34097_at	12.604	11.556	13.691	11.445	13.035	15.03	12.63	10.23
34098_f_at	187.873	155.125	161.492	136.079	170.741	154.866	170.847	189.705
34099_f_at	111.124	129.767	102.017	106.086	101.017	95.474	111.451	104.786
34100_at	77.471	89.256	100.011	101.379	105.058	105.813	82.496	91.61
34101_at	62.495	71.054	67.601	72.707	62.788	70.3	80.561	75.273
34102_at	211.577	205.01	196.316	194.321	190.297	208.162	183.4	214.065
34103_at	11.199	13.202	9.693	9.67	12.361	11.839	12.413	10.971
34104_i_at	376.631	362.79	327.956	325.358	359.08	358.543	363.212	385.884
34105_f_at	478.402	418.593	434.862	382.843	471.277	468.857	467.391	482.266
34106_at	71.88	67.717	68.094	70.698	75.422	73.29	62.792	71.051
34107_at	82.868	97.942	89.888	106.323	90.024	92.732	108.664	99.222
34108_g_at	198.271	147.019	172.339	154.775	179.474	185.51	177.082	202.63
34109_at	80.46	68.114	67.397	66.108	83.091	78.772	72.153	87.287
34110_g_at	385.489	340.311	352.958	326.167	401.873	388.909	356.021	420.375
34111_s_at	32.36	25.374	26.109	28.558	31.429	29.414	34.386	34.977
34112_r_at	124.723	113.892	122.423	107.908	132.995	140.301	125.943	147.951
34113_at	20.253	28.247	28.878	20.999	24.941	22.164	23.521	23.027
34114_at	42.963	41.797	38.15	40.308	41.778	42.359	42.916	40.531
34115_at	32.356	28.943	29.251	30.686	39.028	31.287	24.898	30.065
34116_at	84.413	75.027	72.652	77.937	90.264	73.314	74.019	76.695
34117_at	23.698	31.211	24.768	22.953	26.947	28.03	24.181	25.553
34118_at	42.244	44.716	43.413	40.441	36.211	39.115	43.5	40.855
34119_at	118.682	137.737	147.62	146.834	135.764	142.084	164.247	139.633
34120_r_at	8.283	12.559	9.976	10.157	7.542	18.368	10.379	11.007
34121_at	101.267	82.435	94.426	78.715	99.531	97.824	101.941	99.921
34122_at	214.411	191.685	197.6	198.962	216.616	214.661	182.535	208.089
34123_at	6.87	8.7	6.856	5.63	8.079	8.69	9.01	8.858
34124_at	48.212	52.398	49.202	45.39	52.718	49.345	47.43	51.931
34125_at	119.977	117.345	99.502	103.81	101.583	100.413	109.643	109.379
34126_at	100.215	96.389	91.904	90.21	106.163	114.404	96.742	108.112
34127_at	88.229	82.867	95.509	83.237	86.086	93.085	81.473	91.376
34128_at	118.571	110.99	114.922	116.682	124.909	120.445	112.529	133.686
34129_at	57.493	54.356	41.37	42.288	53.414	49.172	42.626	56.917
34130_at	317.261	295.857	304.091	282.973	336.108	308.205	312.782	349.067
34131_at	412.626	364.427	410.306	340.063	414.9	436.517	302.092	406.964
34132_at	13.166	11.539	12.502	13.483	12.32	13.233	16.268	11.849
34133_at	124.021	114.65	126.059	113.729	126.33	132.379	120.574	132.243
34134_at	130.706	116.029	115.056	139.624	147.186	131.033	138.64	126.89
34135_at	125.286	115.572	122.075	123.537	128.743	125.759	111.819	128.845
34136_s_at	56.325	44.971	44.818	44.077	43.445	42.113	50.697	43.685
34137_at	93.057	105.838	93.821	103.473	95.603	95.14	94.003	94.119
34138_at	98.542	95.61	92.048	101.621	99.608	101.219	96.088	96.716
34139_at	179.94	165.468	168.436	170.9	161.793	169.351	144.334	159.119
34140_at	11.963	12.654	10.765	10.078	13.204	12.245	15.05	12.857
34141_at	165.171	136.063	144.583	124.445	150.974	153.239	129.387	163.785
34142_at	8.884	8.494	7.023	7.068	9.961	9.449	9.391	7.762
34143_at	80.798	70.499	70.519	74.905	76.172	84.196	70.741	84.397
34144_at	45.365	48.145	58.722	53.697	52.248	52.468	53.847	56.366
34145_at	62.379	47.572	39.022	50.962	59.225	50.026	51.382	58.858
34146_at	438.115	445.665	369.976	386.822	402.762	417.967	397.532	407.335
34147_g_at	183.893	183.416	185.066	181.725	187.237	202.36	169.33	185.393
34148_at	88.149	91.273	98.52	88.225	95.953	92.261	83.757	94.363
34149_at	86.977	83.149	81.066	76.369	85.162	85.906	74.358	85.033
34150_at	82.685	62.633	81.821	62.516	81.53	83.932	74.41	84.508
34151_at	378.909	363.198	363.082	346.228	378.071	366.312	345.369	378.874
34152_at	65.652	73.705	72.656	84.002	68.543	66.772	79.75	78.007
34153_at	105.093	94.593	104.542	102.942	110.236	107.963	111.69	112.786
34154_at	242.592	215.527	202.534	191.12	220.748	219.812	229.393	219.91
34155_s_at	134.201	103.448	119.771	110.119	147.17	167.113	95.717	121.504
34156_i_at	94.89	97.944	88.761	92.242	96.662	98.876	99.581	94.102
34157_f_at	182.039	192.07	178.642	158.987	175.792	193.372	172.378	183.635
34158_s_at	19.584	20.866	17.186	20.904	21.998	20.294	22.34	20.485
34159_at	30.346	28.372	29.434	34.17	35.47	35.645	30.937	35.625
34160_at	915.562	973.832	869.6	973.043	861.107	857.932	917.567	865.099
34161_at	493.525	468.584	467.453	444.215	534.409	503.695	500.63	530.838
34162_at	97.94	90.633	85.056	96.624	94.124	90.189	86.252	94.189
34163_g_at	27.47	28.832	27.361	24.983	23.762	25.594	28.688	27.052
34164_at	139.067	131.371	146.141	129.384	140.565	126.155	145.261	148.449
34165_at	330.634	293.532	267.89	262.809	340.827	291.632	256.684	314.421
34166_at	316.307	310.143	300.271	321.953	307.797	324.09	294.576	321.092
34167_s_at	274.615	232.591	238.456	227.535	256.349	261.754	240.519	296.713
34168_at	63.605	63.673	71.234	68.519	62.446	68.772	58.773	72.764
34169_s_at	69.234	86.714	89.34	93.692	84.457	78.987	96.867	73.405
34170_s_at	29.259	30.491	30.287	31.812	37.211	31.272	27.906	28.451
34171_at	65.196	62.766	52.289	58.885	58.601	62.236	60.566	69.424
34172_s_at	126.537	123.055	124.549	118.962	134.711	123.445	119.002	130.469
34173_s_at	33.145	35.684	30.335	34.507	38.233	32.409	29.18	40.106
34174_s_at	109.916	104.16	109.217	100.195	103.844	106.888	100.94	111.886
34175_r_at	38.345	31.622	34.142	27.63	37.381	38.486	37.582	41.663
34534_at	40.601	40.823	39.507	42.542	38.534	41.067	39.82	40.595
34535_at	12.785	12.925	8.15	8.641	9.967	9.315	13.516	10.086
34536_g_at	35.769	33.183	30.575	28.885	34.691	40.323	32.156	37.65
34537_at	187.789	192.78	181.006	190.739	170.246	170.063	175.53	176.442
34538_at	35.768	37.55	41.169	43.705	39.652	41.274	44.46	40.252
34539_at	111.715	103.603	99.865	101.673	111.345	104.609	96.324	109.341
34540_at	50.562	55.902	55.454	66.929	54.947	49.417	55.392	59.746
34541_at	162.901	152.42	153.624	129.163	155.935	163.548	142.796	166.229
34542_at	89.25	82.891	89.816	96.202	79.905	89.805	85.638	89.764
34543_at	41.054	38.194	37.669	41.23	37.149	42.846	40.883	42.079
34544_at	57.02	66.444	57.705	62.404	65.961	56.345	64.533	64.235
34545_at	199.242	185.546	195.474	184.302	185.933	197.758	184.547	213.985
34546_at	136.585	118.621	112.592	120.979	123.8	127.582	123.319	126.517
34547_at	119.729	109.419	118.224	120.411	116.596	129.494	114.508	115.787
34548_at	68.947	68.298	80.159	70.193	66.064	75.264	64.35	64.709
34549_g_at	1071.877	838.342	1010.882	909.364	1237.303	1001.57	957.043	1131.797
34550_at	36.417	39.432	37.366	48.07	38.307	41.679	40.535	38.237
34551_at	46.276	42.099	39.73	36.156	44.773	40.282	45.536	48.407
34552_at	100.064	87.513	91.645	90.453	96.954	90.476	91.923	99.488
34553_at	45.893	41.307	45.805	42.881	43.797	47.701	51.761	46.906
34554_at	131.806	123.758	128.656	115.765	122.587	128.725	126.313	129.458
34555_at	478.012	437.027	420.17	437.038	493.896	489.074	430.152	495.828
34556_at	482.656	403.096	448.966	404.116	462.374	479.231	409.372	524.328
34557_at	249.539	249.292	243.685	235.259	263.692	250.666	201.754	239.18
34558_at	378.656	371.651	362.563	371.587	391.597	367.501	368.303	385.25
34559_at	197.886	180.872	180.43	177.277	187.965	185.945	159.726	202.244
34560_at	108.525	92.371	99.147	94.334	111.496	109.209	84.219	117.849
34561_at	80.681	85.764	81.111	85.093	76.185	79.746	80.133	76.98
34562_at	22.122	16.645	18.387	17.529	20.388	18.117	20.282	19.152
34563_at	80.911	67.245	65.847	63.948	69.595	74.886	73.988	73.58
34564_at	31.543	27.395	35.996	39.253	36.179	36.42	40.055	40.814
34565_at	51.827	43.355	40.261	46.763	48.209	51.603	51.746	56.531
34566_at	64.192	63.526	60.526	56.839	71.117	70.039	54.59	63.912
34567_at	52.185	38.634	41.397	43.467	37.991	39.806	45.436	38.6
34568_at	149.461	133.401	138.49	126.401	137.874	140.071	132.007	136.767
34569_at	68.153	60.542	50.823	65.868	64.78	63.681	62.669	68.624
34570_at	1413.355	1504.529	1302.14	1401.572	1155.833	1156.628	1271.614	1194.531
34571_at	72.757	63.015	65.235	65.997	68.223	73.705	64.04	77.091
34572_at	63.588	56.939	58.721	61.311	69.344	65.169	65.876	62.91
34573_at	579.652	533.778	572.143	536.237	554.429	620.761	501.144	589.66
34574_at	51.401	46.236	41.39	48.111	55.725	52.759	46.973	50.558
34575_f_at	64.671	58.183	49.219	51.265	62.887	60.112	61.49	60.392
34576_at	17.295	16.33	18.417	20.964	18.838	17.452	19.06	20.328
34577_at	102.362	100.398	93.828	97.826	107.777	97.754	93.811	105.501
34578_at	75.605	69.922	74.859	67.077	75.016	66.822	64.556	68.784
34579_r_at	7.737	5.21	8.418	7.809	10.344	10.454	10.353	9.033
34580_at	90.349	92.159	86.99	90.003	86.608	89.552	78.283	89.624
34581_s_at	41.844	42.778	42.436	42.516	43.407	45.176	40.7	37.73
34582_at	230.126	196.344	217.258	192.135	215.459	227.443	183.146	263.016
34583_at	163.45	144.671	144.805	146.38	156.596	155.748	137.983	171.291
34584_at	41.188	40.169	37.562	42.462	41.228	44.522	38.781	46.454
34585_at	61.425	54.456	61.759	62.31	52.321	66.024	53.808	56.288
34586_s_at	153.394	144.076	149.433	149.177	152.494	143.62	142.102	148.228
34587_at	79.089	70.367	74.09	77.844	79.925	69.83	71.24	75.842
34588_i_at	112.362	105.519	105.281	114.845	123.135	112.883	80.851	126.414
34589_f_at	186.393	172.356	168.458	163.144	170.716	177.926	165.546	196.965
34590_at	70.982	72.846	69.577	72.768	80.695	72.641	79.902	72.057
34591_at	221.59	218.191	201.266	209.859	237.699	237.315	203.88	228.987
34592_at	3879.076	4132.31	3733.539	3976.703	3628.912	3757.991	3844.911	3647.844
34593_g_at	3620.556	3962.023	3548.073	3874.862	3800.48	3681.279	3586.61	3810.845
34594_at	46.326	47.057	44.283	44.077	46.078	53.779	43.242	52.574
34595_at	126.378	111.258	113.646	103.682	126.458	119.96	104.415	133.662
34596_at	116.576	128.043	82.772	88.649	89.168	103.534	92.829	116.438
34597_at	192.776	185.5	190.42	174.88	218.221	209.332	196.21	194.009
34598_at	58.53	54.219	49.569	60.172	64.074	61.056	58.379	58.752
34599_at	130.529	133.188	123.945	127.762	129.184	136.066	139.303	132.241
34600_s_at	282.773	292.335	294.224	273.814	276.612	285.078	255.587	298.282
34601_at	83.224	78.914	75.887	74.941	70.368	79.593	72.441	80.001
34602_at	270.825	264.08	260.152	257.534	265.214	276.392	251.607	290.896
34603_at	84.574	75.95	88.695	75.074	80.091	77.415	79.505	82.702
34604_at	67.801	52.933	52.895	53.215	55.099	59.221	56.918	57.985
34605_at	101.262	91.822	96.689	97.298	100.959	103.051	106.303	100.214
34606_s_at	141.19	139.628	136.558	133.566	144.47	153.642	132.261	142.654
34607_at	125.44	110.844	110.241	106.302	124.621	124.785	102.011	119.784
34608_at	2536.926	2539.747	2556.048	2545.843	2503.571	2522.908	2346.855	2549.61
34609_g_at	1134.721	1115.811	1062.355	1115.378	1104.144	1058.03	1057.92	1152.938
34610_at	27.163	27.5	22.855	22.777	25.541	27.847	24.431	30.088
34611_at	41.984	41.588	42.386	34.946	43.623	34.688	35.774	36.817
34612_at	49.295	41.872	41.462	36.601	45.764	38.792	42.505	38.993
34613_at	167.387	154.635	156.554	149.677	139.847	146.781	167.862	146.395
34614_at	153.444	145.358	151.535	139.277	164.279	173.908	148.891	164.918
34615_at	97.371	118.435	78.505	115.38	112.95	100.559	101.922	114.375
34616_at	17.682	15.734	16.871	18.187	17.602	15.186	16.171	16.796
34617_at	44.737	31.013	40.92	40.464	44.373	40.888	44.792	38.704
34618_at	163.826	167.193	165.337	165.923	183.325	184.663	174.43	174.181
34619_at	18.403	19.252	18.705	19.256	21.073	18.048	22.307	22.59
34620_at	215.405	173.355	162.263	174.984	176.155	166.441	166.636	183.11
34621_at	138.174	122.227	119.793	119.205	122.054	125.606	118.001	130.358
34622_at	206.316	211.481	181.755	204.125	197.57	201.495	210.131	212.132
34623_at	521.285	519.409	507.256	503.6	486.446	485.754	491.807	490.191
34624_at	232.468	225.173	222.594	203.85	208.542	215.683	186.205	228.595
34625_at	74.256	72.132	69.25	69.228	79.958	79.658	63.818	76.419
34626_at	158.711	126.685	133.332	135.364	136.743	138.265	140.234	145.705
34627_at	570.987	511.803	533.048	478.534	529.041	542.867	508.63	595.662
34628_at	24.082	18.696	18.433	16.099	17.615	19.126	14.322	19.135
34629_at	294.87	238.432	285.585	266.98	309.123	287.296	321.01	321.251
34630_s_at	122.787	106.707	112.123	108.885	131.046	130.469	136.367	140.624
34631_at	22.829	21.078	16.356	18.121	24.773	24.715	22.997	25.169
34632_r_at	23.037	24	22.741	22.432	24.341	27.342	23.073	24.09
34633_s_at	17.193	13.174	13.245	14.982	14.395	16.102	17.408	15.634
34634_s_at	326.173	287.234	288.094	287.291	326.131	332.643	299.764	356.942
34635_at	128.029	107.826	99.897	120.311	124.119	114.495	123.019	124.008
34636_at	142.553	135.321	122.702	113.66	125.719	131.762	115.976	144.86
34637_f_at	512.587	500.03	457.11	479.864	492.852	487.916	506.917	533.031
34638_r_at	75.934	88.588	95.647	120.173	93.248	86.869	116.782	94.046
34639_at	141.843	139.78	130.573	132.619	127.216	121.005	127.325	145.005
34640_at	54.533	46.484	52.892	55.326	53.227	56.699	51.862	60.644
34641_at	129.574	104.805	105.368	97.592	117.188	110.474	117.599	115.48
34642_at	139.207	138.253	124.786	123.949	137.302	122.779	136.954	136.235
34643_at	2928.858	3163.066	3101.087	3124.736	2819.69	2862.899	2985.84	2838.843
34644_at	1512.35	1561.661	1389.489	1478.867	1352.187	1375.601	1387.955	1425.813
34645_at	2429.296	2608.156	2466.689	2515.686	2395.61	2333.241	2389.541	2529.42
34646_at	1050.767	1191.336	1035.785	1166.47	1038.108	964.573	1169.968	994.901
34647_at	348.88	403.692	354.205	372.301	349.228	329.835	311.697	358.33
34648_at	148.681	134.838	132.607	131.765	134.619	131.655	127.654	145.734
34649_at	48.878	54.5	44.196	48.59	44.201	48.183	38.337	42.763
34650_at	124.379	109.25	122.402	110.664	115.861	122.228	118.936	127.54
34651_at	247.584	273.83	264.415	259.992	245.249	249.919	220.778	251.386
34652_at	324.271	317.533	323.688	313.723	316.266	335.908	285.63	356.212
34653_at	409.972	387.064	440.146	347.738	359.389	398.611	371.189	415.932
35014_at	74.28	71.319	77.211	83.078	74.733	70.197	81.993	77.326
35015_at	27.161	36.146	27.013	28.045	37.076	26.228	29.088	34.594
35016_at	273.416	284.383	248.335	278.788	254.441	265.453	280.446	270.92
35017_f_at	274.674	279.107	282.423	281.2	264.214	262.73	286.485	265.712
35018_at	117.951	144.397	141.229	151.144	151.492	151.383	137.232	142.254
35019_at	22.504	22.215	21.202	25.324	22.23	22.371	24.01	20.54
35020_at	77.35	86.536	77.33	74.174	86.677	87.37	73.07	78.773
35021_at	62.806	58.335	58.473	58.047	62.379	62.216	53.464	55.591
35022_at	27.579	23.9	25.246	25.772	27.724	24.507	22.73	29.909
35023_at	25.351	26.975	25.611	24.85	23.931	30.019	26.365	27.999
35024_at	99.182	85.754	85.357	86.707	102.983	98.315	91.097	103.281
35025_at	63.657	55.537	62.089	49.641	61.29	60.082	59.068	65.12
35026_f_at	17.163	19.099	17.869	16.54	16.474	18.532	18.029	19.142
35027_at	307.071	288.827	285.869	281.218	309.112	302.529	277.165	298.042
35028_at	35.642	34.543	34.455	30.6	40.038	36.675	35.982	34.501
35029_at	46.779	45.597	45.25	47.438	47.407	43.823	48.186	48.262
35030_i_at	21.457	18.49	19.083	17.676	18.377	20.041	17.44	23.106
35031_r_at	20.527	24.079	26.602	30.496	28.61	23.856	24.236	22.295
35032_at	54.547	42.697	44.421	50.174	46.006	50.289	53.27	52.187
35033_at	72.918	72.394	68.046	74.021	81.683	79.142	68.801	72.634
35034_at	27.049	31.467	26.111	27.467	27.152	27.624	22.425	21.217
35035_at	69.941	63.359	69.318	71.806	65.699	73.265	66.195	72.798
35036_at	82.884	76.207	72.465	72.883	80.1	79.606	86.493	89.73
35037_at	109.718	108.025	111.276	107.621	114.552	123.355	115.684	130.231
35038_at	505.244	426.656	391.619	398.093	465.518	467.761	512.685	513.059
35039_at	160.148	174.598	161.155	170.522	166.448	174.274	156.423	190.002
35040_at	58.769	58.683	50.215	55.774	63.556	60.33	54.533	58.406
35041_at	110.515	109.139	106.156	96.084	91.277	95.199	107.066	99.983
35042_at	211.377	189.636	191.25	170.785	212.357	215.673	189.836	215.795
35043_at	48.871	49.552	52.469	48.391	68.585	59.232	41.216	50.832
35044_i_at	83.645	74.511	75.079	72.177	82.988	85.847	79.038	83.257
35045_r_at	394.437	401.914	428.811	403.808	395.464	401.419	402.641	400.204
35046_at	7.405	8.695	10.5	14.883	5.751	9.036	10.008	9.919
35047_at	105.52	102.688	96.145	105.932	98.067	93.547	94.647	97.627
35048_at	58.65	56.767	54.317	51.804	65.57	68.405	64.157	58.537
35049_g_at	25.092	18.571	23.54	29.353	20.898	25.387	20.193	20.757
35050_at	34.362	35.678	32.529	32.386	30.878	34.733	27.633	40.064
35051_at	46.767	42.776	31.326	39.033	41.691	40.428	40.842	44.133
35052_r_at	8.92	7.779	7.225	8.405	8.724	8.88	10.744	12.116
35053_at	59.439	57.181	58.122	52.429	58.574	55.338	42.534	56.852
35054_at	84.328	90.74	97.36	103.505	99.74	89.93	111.295	92.333
35055_at	276.388	285.083	277.396	259.927	238.296	260.846	254.692	237.881
35056_at	58.706	57.769	58.281	58.42	55.42	64.154	50.62	52.848
35057_at	41.551	45.001	39.924	45.763	46.476	42.696	40.73	42.341
35058_at	21.871	24.716	26.681	24.295	25.528	23.198	19.94	27.354
35059_at	49.108	49.345	52.695	53.092	46.765	50.449	51.775	53.013
35060_at	165.675	171.293	160.328	151.11	156.358	153.495	144.526	152.887
35061_at	27.635	22.851	26.787	23.801	25.169	24.234	29.226	30.069
35062_at	91.436	90.002	91.648	95.744	89.618	95.134	84.524	96.293
35063_at	129.701	130.573	126.402	132.411	138.206	131.583	121.238	125.46
35064_at	60.618	48.153	52.111	52.185	64.416	69.397	59.291	64.471
35065_at	93.506	79.425	80.378	76.108	89.441	84.946	72.008	94.891
35066_g_at	73.609	78.272	65.411	66.016	67.831	78.325	64.798	67.662
35067_at	34.238	25.453	32.585	28.652	25.555	29.172	26.765	29.548
35068_at	199.771	182.031	180.435	172.836	181.015	190.046	192.082	201.487
35069_at	103.75	87.326	83.476	85.899	96.371	99.555	80.726	99.724
35070_at	37.136	36.293	35.594	31.476	39.866	38.386	35.163	37.23
35071_s_at	247.304	223.136	204.032	217.191	215.492	197.543	229.591	210.189
35072_at	33.623	22.379	21.405	33.249	35.42	34.511	39.445	39.497
35073_at	69.263	60.279	56.615	61.594	70.054	59.894	65.723	64.595
35074_at	54.449	51.983	47.045	49.353	50.103	53.527	53.808	45.446
35075_at	171.169	172.904	175.857	171.199	181.457	186.69	158.033	175.923
35076_at	31.819	29.903	32.107	26.948	27.315	29.765	26.174	28.639
35077_at	86.055	83.189	79.096	83.322	97.927	99.702	81.668	99.6
35078_at	411.583	390.605	430.284	379.722	429.353	449.803	396.703	444.187
35079_at	50.575	44.777	54.149	39.412	51.593	54.939	48.557	55.563
35080_at	202.922	173.843	182.711	175.553	208.784	179.852	187.401	199.521
35081_at	65.022	52.461	56.136	52.07	60.221	61.016	57.405	67.957
35082_at	17.327	15.374	17.282	17.488	15.951	16.203	13.906	18.571
35083_at	2035.191	2249.302	2175.945	2275.414	2173.711	2149.724	2167.412	2102.242
35084_at	146.122	131.927	136.144	127.603	152.984	137.558	129.222	148.56
35085_r_at	19.988	25.135	26.31	25.2	19.613	22.588	23.538	25.116
35086_at	87.618	85.547	88.425	90.131	88.853	87.52	76.428	84.888
35087_at	110.053	101.441	107.594	99.051	108.574	107.705	103.34	111.005
35088_at	92.848	77.893	72.934	87.241	88.696	89.233	69.993	88.891
35089_at	172.17	186.671	179.217	276.841	171.172	160.865	179.067	173.141
35090_g_at	291.528	305.416	253.873	276.317	199.211	204.894	196.857	213.869
35091_at	238.335	206.817	228.67	218.097	252.929	243.182	228.027	258.606
35092_at	362.742	349.866	360.548	340.086	331.807	362.653	309.778	365.277
35093_at	378.954	355.344	373.121	380.266	377.233	360.739	380.743	343.626
35094_f_at	303.461	283.787	287.56	294.376	319.582	311.234	306.523	291.253
35095_r_at	60.417	63.847	63.052	70.231	68.299	55.035	60.776	57.603
35096_at	449.952	489.63	535.087	484.489	503.925	472.847	415.513	430.883
35097_at	18.047	19.274	16.097	17.935	15.962	18.16	15.645	17.705
35098_at	103.818	93.68	101.991	90.622	100.167	97.989	99.467	102.018
35099_at	234.616	216.266	229.104	236.395	203.738	234.728	209.503	225.185
35100_at	54.067	60.721	62.044	58.612	55.713	58.098	56.014	55.219
35101_at	134.958	135.063	125.969	129.619	130.288	130.925	122.139	126.866
35102_at	19.523	19.067	17.422	18.927	18.587	16.774	20.378	20.097
35103_i_at	57.207	61.742	62.132	60.771	60.677	63.16	58.589	64.177
35104_r_at	205.187	180.558	185.002	160.59	189.403	203.17	168.496	211.647
35105_at	117.65	106.877	102.374	100.748	100.288	104.836	104.906	116.153
35106_at	61.185	56.194	50.382	53.443	59.111	61.518	56.483	62.122
35107_at	74.934	69.201	60.618	77.701	66.147	60.715	78.269	72.035
35108_at	201.206	186.371	170.655	191.587	195.277	195.86	175.314	202.996
35109_at	137.531	137.204	149.919	133.726	129.172	129.008	140.378	140.083
35110_at	149.452	139.935	145.819	133.036	149.154	135.465	146.346	157.07
35111_at	52.207	50.086	55.003	53.007	66.408	63.858	48.45	64.187
35112_at	156.594	149.301	149.626	144.629	154.529	155.04	137.484	163.297
35113_at	82.035	77.066	70.267	75.589	79.431	77.518	79.063	85.559
35114_at	100.666	96.799	101.753	109.559	123.604	116.238	113.674	116.068
35115_at	161.671	145.046	154.795	170.82	173.753	156.939	179.559	160.92
35116_at	48.218	53.107	46.333	52.17	52.203	48.275	51.212	51.078
35117_at	71.59	68.098	66.679	66.091	68.399	73.556	60.211	71.93
35118_at	195.599	177.619	166.42	166.77	192.362	181.052	176.095	192.242
35119_at	3768.269	4085.289	3940.46	3874.405	3857.601	3769.878	3829.082	3661.476
35120_at	36.804	31.287	26.345	27.166	35.866	36.403	30.922	40.549
35121_at	653.993	630.79	617.983	695.94	708.513	756.878	587.542	777.844
35122_at	51.25	48.397	48.536	46.458	51.227	46.051	42.232	50.249
35123_at	66.493	65.534	64.428	71.14	71.898	61.691	68.108	64.579
35124_at	140.874	142.119	140.948	147.796	136.303	142.223	130.124	150.175
35125_at	2410.565	2630.539	2426.083	2486.626	2439.39	2310.356	2338.2	2316.941
35126_at	223.409	220.788	204.335	225.547	243.372	236.044	210.362	243.097
35127_at	205.215	183.864	189.133	211.754	179.748	169.64	156.98	151.773
35128_at	17.628	21.241	19.158	16.359	18.953	22.083	19.668	22.693
35129_at	39.307	39.795	39.81	39.12	34.315	40.377	39.833	41.428
35130_at	44.827	46.017	49.061	47.087	49.485	47.885	42.932	52.568
35131_at	80.134	74.594	74.563	75	73.707	70.214	70.843	70.813
35132_at	260.102	253.993	266.286	259.271	271.713	260.965	230.32	239.6
35133_at	79.495	72.05	83.001	74.654	71.334	73.768	74.622	83.591
35494_at	36.282	33.149	32.296	33.151	34.672	37.675	28.399	35.943
35495_at	68.391	60.877	67.365	63.456	59.567	62.74	57.835	61.417
35496_at	57.949	65.688	60.681	61.673	54.575	66.424	64.403	52.315
35497_at	50.299	63.546	66.333	77.243	64.675	58.543	70.897	61.565
35498_at	64.009	47.87	56.714	44.532	59.134	60.285	55.002	62.677
35499_at	29.501	33.529	26.964	33.638	27.804	27.024	33.712	30.51
35500_at	198.846	174.824	172.996	167.197	183.796	212.415	176.994	204.298
35501_at	38.391	36.439	45.995	36.259	42.086	38.744	36.863	40.876
35502_at	279.087	253.754	261.556	228.392	263.926	255.769	249.216	286.809
35503_at	61.458	64.044	66.482	58.931	65.623	62.755	61.047	64.276
35504_at	166.789	169.182	173.768	163.151	157.349	155.819	155.638	171.535
35505_at	374.92	335.788	320.644	348.401	362.813	354.95	344.336	362.323
35506_s_at	75.651	56.238	58.714	45.426	69.125	70.526	56.82	75.198
35507_at	154.509	137.215	130.81	124.798	149.366	133.406	132.528	136.878
35508_at	181.177	174.733	175.524	177.819	175.548	175.341	185.182	185.729
35509_at	150.411	132.176	135.358	138.759	149.905	159.872	162.274	161.694
35510_at	101.088	102.042	98.892	94.796	85.476	99.638	80.716	95.272
35511_at	324.584	293.519	304.166	300.403	274.23	304.625	291.416	298.519
35512_at	158.065	154.922	151.519	146.62	164.35	156.491	155.407	167.464
35513_r_at	3.065	5.706	8.394	6.082	4.611	6.04	3.343	3.038
35514_at	118.58	108.867	100.939	103.082	104.461	100.052	93.78	111.693
35515_at	231.008	241.994	222.594	209.611	238.493	234.925	223.994	250.448
35516_at	113.738	87.84	95.81	92.587	100.918	104.433	90.157	106.126
35517_at	185.459	191.086	197.571	176.63	180.665	181.681	176.522	175.632
35518_at	33.338	31.338	29.155	27.683	32.881	32.923	33.843	35.179
35519_at	75.176	73.641	66.199	71.487	78.47	84.128	70.285	79.824
35520_at	266.038	229.26	236.95	225.022	253.443	265.512	232.649	270.51
35521_at	585.617	563.783	557.02	510.822	556.309	561.973	478.419	578.97
35522_at	27.383	20.886	22.114	31.4	35.695	28.689	31.675	29.774
35523_at	119.942	110.284	118.897	110.034	109.942	116.38	104.868	123.814
35524_at	157.397	148.326	139.299	144.284	149.687	143.356	146.606	149.476
35525_at	63.712	62.465	62.015	60.185	58.92	59.709	54.7	62.911
35526_at	65.309	61.328	59.121	51.608	65.107	59.677	65.402	62.838
35527_at	69.915	61.971	72.731	55.167	67.627	60.723	62.339	68.962
35528_at	39.771	25.039	29.196	26.449	44.971	38.045	37.707	39.604
35529_at	134.818	130.79	124.384	130.787	134.877	130.818	146.338	136.031
35530_f_at	116.549	100.291	99.078	97.479	107.972	108.121	101.232	107.793
35531_at	93.37	81.204	75.341	78.22	91.884	84.143	86.129	91.496
35532_i_at	15.906	16.616	14.768	14.884	14.9	17.471	17.564	14.041
35533_f_at	61.411	58.193	66.886	52.808	66.226	60.265	57.896	67.821
35534_at	174.11	175.273	183.991	167.625	194.185	180.959	170.818	184.948
35535_f_at	5.224	6.16	7.904	6.162	6.609	5.422	6.848	5.647
35536_at	516.557	491.14	531.095	500.487	564.801	529.744	497.454	521.013
35537_at	138.517	122.283	125.494	122.824	115.511	122.877	119.922	115.406
35538_at	178.639	160.589	178.304	162.197	168.631	189.01	144.873	160.78
35539_at	19.597	16.781	17.52	16.747	15.317	17.152	19.503	18.656
35540_at	111.817	113.348	116.774	101.505	119.548	123.742	112.549	129.328
35541_r_at	12.28	11.236	11.592	10.216	10.715	11.292	15.431	13.012
35542_at	139.078	127.456	119.957	119.303	139.531	143.024	115.801	146.075
35543_at	28.371	13.182	18.326	28.228	35.524	34.9	36.486	44.987
35544_at	195.702	199.901	183.372	182.735	191.788	203.103	189.921	204.097
35545_at	54.095	52.242	40.721	42.554	48.403	49.055	39.595	51.565
35546_at	31.73	33.237	22.209	34.702	31.84	36.913	37.364	39.161
35547_at	54.12	51.853	48.303	50.61	55.707	52.346	50.283	52.734
35548_at	17.256	13.481	15.173	18.06	17.815	21.053	27.662	25.985
35549_at	164.936	141.231	140.976	135.99	151.413	151.402	148.15	162.277
35550_at	84.469	76.916	77.382	69.989	77.736	80.451	70.939	77.981
35551_g_at	323.286	295.576	268.189	298.089	293.061	303.927	302.628	296.429
35552_at	107.505	102.181	103.103	106.332	104.06	102.319	88.341	109.413
35553_at	86.343	79.872	63.854	67.064	77.731	87.23	69.379	81.622
35554_f_at	146.222	131.221	143.557	128.69	162.44	142.979	151.716	154.553
35555_r_at	423.785	406.642	455.647	411.599	436.163	433.311	436.544	421.586
35556_at	21.478	15.614	14.892	17.612	20.961	13.783	18.288	16.043
35557_at	15.102	13.368	15.521	15.473	24.28	16.496	18.832	14.651
35558_at	23.482	24.041	22.599	24.381	25.95	26.556	29.614	23.863
35559_at	95.642	88.104	83.149	81.248	85.478	86.463	83.08	99.31
35560_at	46.41	36.337	39.588	43.852	48.474	41.583	38.944	42.423
35561_at	58.32	64.857	61.647	66.925	67.463	64.106	69.85	68.204
35562_at	226.848	175.057	209.117	165.973	189.527	195.837	176.918	198.536
35563_at	193.082	216.055	196.558	201.206	180.888	182.212	173.273	189.262
35564_at	46.292	44.082	47.505	46.485	48.993	45.278	47.756	43.544
35565_at	130.105	139.457	125.152	128.836	130.714	139.83	138.686	136.571
35566_f_at	149.097	156.132	136.389	150.459	125.517	133.82	141.03	136.471
35567_at	96.184	96.006	99.26	109.246	103.745	108.747	109.379	103.178
35568_at	52.52	47.127	41.204	42.597	45.221	43.432	45.089	41.789
35569_at	143.442	131.836	137.789	133.829	151.466	148.022	135.912	147.664
35570_at	127.621	127.006	127.537	121.14	131.752	132.043	92.284	118.566
35571_at	213.625	202.107	237.466	194.04	213.337	212.077	191.518	196.318
35572_f_at	31.641	36.955	31.19	35.395	28.686	30.796	33.448	35.185
35573_r_at	31.597	34.96	33.041	28.361	38.689	33.421	33.228	32.071
35574_i_at	55.805	45.264	58.38	50.407	64.624	65.603	55.355	58.807
35575_f_at	196.567	155.594	161.375	141.878	170.73	187	186.147	201.377
35576_f_at	109.474	101.713	86.622	99.539	95.936	103.738	88.462	94.443
35577_at	203.33	214.53	181.753	170.902	192.419	197.532	173.778	201.264
35578_at	16.424	18.459	18.539	19.562	19.853	16.933	13.796	23.168
35579_at	221.662	182.599	160.861	174.703	217.993	199.242	206.177	221.641
35580_at	174.021	168.088	165.969	167.324	167.409	158.833	164.818	175.61
35581_at	63.452	60.944	72.296	84.293	71.538	65.109	95.153	87.268
35582_at	15.206	12.599	14.488	13.621	15.379	15.616	11.972	17.459
35583_at	76.597	69.736	64.508	76.677	72.408	74.112	69.375	74.847
35584_s_at	733.158	601.597	636.667	613.524	722.139	727.341	622.628	776.162
35585_at	156.279	130.777	144.999	158.642	143.02	151.872	162.275	166.039
35586_at	89.803	89.814	87.696	82.741	88.992	104.431	85.175	104.869
35587_at	41.125	40.336	41.983	40.06	35.097	38.476	41.836	36.101
35588_at	36.21	38.545	38.147	35.622	32.831	39.915	37.334	37.066
35589_at	32.678	34.201	35.384	34.404	36.898	36.948	37.178	38.848
35590_s_at	420.525	421.874	396.159	399.687	394.49	416.145	399.681	411.862
35591_at	152.527	152.883	159.012	151.896	147.457	161.083	135.847	166.048
35592_at	413.268	343.559	364.971	353.404	441.119	426.465	419.119	482.904
35593_at	52.785	48.909	46.569	48.123	52.109	52.336	45.157	49.503
35594_at	6352.725	6182.229	6133.553	5947.645	6049.554	6002.429	5455.202	6183.518
35595_at	201.32	184.69	180.813	174.761	196.321	187.869	176.749	197.558
35596_at	40.485	35.828	43.286	40.838	41.438	40.1	37.091	45.772
35597_at	356.238	301.918	318.074	295.176	345.488	363.636	327.993	373.113
35598_at	321.066	325.658	279.576	284.716	332.329	311.819	284.866	317.251
35599_at	158.221	150.232	152.486	151.657	162.554	155.389	147.838	163.181
35600_at	39.587	30.304	31.547	30.389	35.735	37.875	41.568	39.299
35601_at	160.659	158.738	153.608	148.579	159.586	163.26	156.313	155.693
35602_at	101.894	85.998	92.637	94.836	89.808	104.212	101.951	94.737
35603_at	15.08	13.396	10.382	13.209	12.865	13.927	12.965	16.297
35604_at	24.084	23.98	23.432	20.269	23.219	23.661	21.751	21.376
35605_at	28.52	28.807	30.992	28.263	27.231	26.63	33.76	26.989
35606_at	62.939	46.604	49.835	46.037	50.634	55.281	54.074	54.375
35607_at	29.113	21.964	25.256	24.347	29.243	28.587	23.277	26.559
35608_at	40.05	36.757	32.908	37.377	40.258	43.917	35.518	43.032
35609_at	8.463	7.489	10.167	9.718	8.421	10.986	4.397	9.488
35610_at	106.136	98.153	92.675	99.083	83.159	88.665	95.315	93.592
35611_at	56.697	45.854	55.043	45.144	53.153	51.252	49.563	54.268
35612_at	50.661	51.614	43.047	40.411	49.538	50.342	45.81	51.2
35613_at	42.861	44.202	44.377	42.994	42.946	42.797	37.146	46.999
36331_at	99.225	112.145	77.947	70.086	83.446	88.964	112.844	84.345
36332_at	316.616	306.383	279.043	302.65	264.687	294.633	285.259	283.205
36333_at	2852.053	2881.867	2882.733	2849.864	2819.84	2821.453	2698.158	2860.882
36334_at	183.467	147.909	159.928	150.676	172.343	170.404	160.144	191.622
36335_at	158.57	166.76	169.262	145.801	191.51	172.112	135.502	172.806
36336_s_at	110.449	110.573	107.11	107.333	111.865	118.372	123.009	114.526
36337_at	362.368	331.545	299.853	310.439	362.14	364.611	309.861	367.49
36338_at	242.183	220.514	232.829	208.902	222.787	242.447	225.23	231.56
36339_at	164.444	126.255	145.27	123.236	150.464	150.715	161.294	159.89
36340_at	129.9	113.62	111.016	112.521	119.974	107.49	117.22	115.148
36341_s_at	33.823	37.873	42.842	53.712	43.463	41.264	53.265	47.868
36342_r_at	12.769	11.604	10.038	10.22	12.898	13.681	11.296	10.378
36343_at	81.723	70.307	68.766	81.056	89.355	84.936	69.352	81.597
36344_at	370.849	325.453	332.476	339.936	370.951	359.576	336.352	372.523
36345_g_at	30.551	29.841	26.123	27.703	27.951	31.641	28.845	29.332
36346_at	66.485	64.811	56.096	60.202	66.552	63.019	65.391	71.831
36347_f_at	70.103	68.509	73.784	65.713	70.509	69.87	66.063	70.356
36348_r_at	9.661	10.556	13.285	11.267	8.68	9.214	15.52	13.067
36349_at	132.85	97.748	98.836	96.234	137.458	122.906	122.553	145.972
36350_at	31.745	33.931	41.022	33.884	37.142	36.253	26.253	30.924
36351_at	71.496	71.565	90.125	75.31	80.001	75.345	76.446	73.787
36352_at	60.447	54.207	48.47	49.005	44.184	50.659	43.077	39.035
36353_at	113.257	99.155	114.635	110.278	110.783	112.338	95.627	107.814
36354_at	340.517	307.652	325.618	316.788	360.363	338.843	344.449	366.112
36355_at	268.41	236.373	226.321	228.735	261.656	246.576	248.438	252.295
36356_at	322.946	288.636	315.098	270.643	308.279	301.575	279.976	325.344
36357_at	25.183	28.485	26.156	30.164	31.242	26.434	27.184	29.443
36358_at	3260.123	3314.384	3136.907	3313.381	2940.548	2812.683	3136.428	2716.989
36359_at	26.447	25.872	25.831	30.469	28.273	30.511	23.681	19.345
36360_at	96.515	91.81	87.058	87.198	84.029	103.845	84.67	87.57
36361_at	215.947	180.971	195.695	184.877	182.584	179.205	181.456	190.935
36362_at	100.261	89.851	88.408	86.649	94.698	90.452	87.023	85.576
36363_at	31.024	19.817	21.773	19.01	28.502	28.019	29.959	30.119
36364_at	136.49	131.765	131.193	130.1	137.361	141.221	123.638	150.218
36365_at	30.971	34.542	33.831	39.046	33.644	33.22	44.872	33.604
36366_at	31.209	26.031	26.108	22.105	35.862	30.906	31.18	38.94
36367_at	49.094	40.703	47.573	42.711	44.668	45.417	52.546	49.927
36368_at	116.385	104.797	107.919	106.131	110.551	110.766	99.26	105.765
36369_at	40.914	42.732	40.575	38.655	40.348	43.937	42.057	41.84
36370_at	65.779	56.834	54.767	60.534	66.095	65.382	55.972	62.972
36371_at	76.665	73.735	78.184	80.758	85.256	79.095	74.022	96.113
36372_at	535.109	424.629	475.63	408.325	457.158	444.304	446.394	467.563
36373_at	115.25	130.767	114.848	116.992	110.475	127.983	102.861	117.767
36374_at	90.53	79.978	79.741	68.724	78.141	79.898	85.86	86.568
36375_at	189.081	160.593	144.748	167.396	170.698	177.09	182.713	172.883
36376_at	25.204	24.687	24.683	21.449	24.036	26.338	27.759	29.378
36377_at	72.21	56.99	55.972	53.47	59.689	69.184	68.126	70.127
36378_at	417.703	368.201	400.876	357.892	387.36	410.04	378.056	425.021
36379_at	216.487	179.87	186.631	170.466	187.963	192.185	184.463	206.475
36380_at	78.944	73.354	62.281	63.976	76.429	74.58	69.043	76.32
36381_at	108.714	111.441	103.175	98.544	107.592	112.402	101.024	105.504
36382_at	111.727	124.873	111.872	123.864	107.377	114.694	116.748	110.894
36383_at	154.797	150.349	149.223	154.415	151.418	150.75	129.922	142.639
36384_at	24.098	25.979	23.711	24.202	23.755	28.448	24.964	27.878
36385_at	18.974	20.872	25.665	18.126	16.021	19.75	20.108	21.915
36386_at	111.761	90.672	93.817	88.134	95.849	98.674	108.371	103.525
36387_at	137.648	142.917	142.168	108.444	104.741	130.848	143.021	116.289
36388_at	79.571	75.499	65.88	61.501	72.46	64.397	71.577	73.602
36389_at	16.836	18.678	17.062	14.18	17.712	13.441	14.55	15.136
36390_at	164.264	155.506	151.171	171.22	188.428	170.303	179.076	174.04
36391_at	271.799	226.555	241.958	235.347	272.373	269.289	238.412	268.418
36392_at	23.525	21.763	23.548	27.01	24.49	24.806	22.362	22.41
36393_at	207.235	184.671	182.113	175.385	208.79	197.708	208.007	182.584
36394_at	95.433	93.919	90.357	90.847	104.099	95.453	98.533	98.614
36395_at	12.277	12.978	13.384	14.232	11.192	12.867	13.812	16.541
36396_at	93.033	89.125	82.079	82.285	95.424	92.204	73.372	95.791
36397_at	13.632	10.153	10.992	11.066	8.709	6.684	10.657	10.389
36398_at	294.915	253.487	253.831	254.498	298.211	305.736	322.269	315.413
36399_at	106.188	98.858	86.2	88.923	96.167	99.366	102.919	112.31
36400_at	11.041	8.354	13.517	12.26	8.958	10.709	10.499	11.135
36401_at	295.581	296.221	256.74	292.874	272.54	273.74	323.783	278.354
36402_at	25.05	25.287	29.287	30.187	30.866	31.782	27.233	28.344
36403_s_at	107.353	107.708	118.403	118.916	114.034	114.325	122.175	113.733
36404_at	55.3	46.719	52.987	54.792	53.293	54.278	53.324	56.182
36405_s_at	91.515	96.627	90.402	91.544	107.562	105.617	95.313	105.2
36406_at	163.976	154.601	145.466	148.855	172.692	162.143	148.522	168.447
36407_at	175.062	173.463	175.923	174.764	190.567	182.85	168.374	186.331
36408_at	96.619	110.929	90.713	93.509	97.039	105.357	98.634	101.388
36409_f_at	17.901	16.914	19.635	14.426	17.403	16.647	16.654	19.329
36410_f_at	121.609	120.952	100.407	109.329	107.508	112.799	106.218	117.633
36411_s_at	156.19	149.872	135.439	142.78	150.616	159.349	140.038	163.287
36412_s_at	82.512	76.053	77.822	78.189	83.01	84.399	87.376	84.408
36413_at	77.716	74.272	70.06	74.366	81.746	75.748	87.797	75.52
36414_s_at	52.696	47.145	46.94	43.24	47.642	45.654	45.037	47.577
36415_at	30.623	25.202	25.001	25.953	28.788	30.76	25.112	25.669
36416_g_at	163.969	142.069	141.336	134.35	152.098	155.636	135.978	161.154
36417_s_at	144.785	146.843	135.267	148.239	138.564	140.672	150.928	154.19
36418_at	170.79	149.036	156.721	151.208	163.524	168.492	163.009	157.133
36419_at	19.514	19.688	23.156	19.499	20.077	22.821	18.625	22.698
36420_at	37.223	31.452	36.929	31.168	34.436	34.511	31.808	35.622
36421_at	58.704	63.713	56.638	59.049	63.599	60.133	61.571	59.67
36422_s_at	337.012	326.968	302.105	284.792	267.064	293.097	269.636	310.271
36423_at	858.539	812.958	850.206	754.659	866.268	805.221	804.681	801.468
36424_at	33.635	44.975	35.201	36.768	35.96	39.401	43.261	35.116
36425_at	60.152	63.921	63.257	64.55	64.312	58.647	62.165	67.083
36426_g_at	76.497	79.234	70.603	81.607	80.5	71.051	70.97	71.671
36427_at	38.645	38.314	41.115	35.167	39.578	38.276	36.723	38.103
36428_at	210.637	187.949	206.232	178.594	189.129	204.246	189.766	211.458
36429_at	101.906	95.353	109.675	91.13	101.196	105.924	100.773	107.77
36430_at	53.569	59.404	63.019	61.256	63.224	61.082	54.885	55.742
36431_at	93.967	79.082	89.776	89.266	94.134	97.864	78.261	86.506
36432_at	9.853	12.531	7.139	10.74	12.89	12.271	11.093	8.147
36433_at	23.612	20.904	22.254	21.495	23.193	24.587	26.514	26
36434_r_at	3.71	5.822	3.783	6.568	8.384	5.22	7.679	9.839
36435_at	4.808	7.435	7.381	7.407	5.665	10.738	7.151	6.661
36436_at	113.101	88.394	103.059	97.95	108.921	100.694	93.182	100.346
36437_s_at	36.901	45.298	34.697	39.293	30.264	33.1	32.424	26.318
36438_at	40.186	36.191	48.561	46.843	42.819	38.816	52.668	41.02
36439_at	90.962	90.164	90.507	86.205	83.217	90.417	78.155	87.986
36440_at	653.047	659.066	650.997	641.115	630.5	639.425	589.392	667.333
36441_at	49.687	44.603	43.642	45.359	54.474	53.073	45.359	51.852
36442_g_at	153.826	141.566	138.339	128.864	149.268	156.282	133.781	155.268
36443_at	275.595	224.653	231.222	212.974	260.967	252.727	247.393	265.498
36444_s_at	73.596	66.297	58.172	66.095	75.56	67.418	58.358	64.483
36445_at	123.21	134.12	117.865	131.184	130.485	129.158	122.53	138.842
36446_s_at	204.371	219.669	199.433	201	191.185	188.855	199.642	200.817
36447_at	88.671	87.445	84.74	83.673	89.231	78.718	76.06	85.983
36448_at	44.634	54.734	47.639	45.018	53.086	52.804	45.479	46.078
36449_s_at	248.98	223.173	229.843	229.684	240.866	240.938	235.146	240.293
36450_at	133.902	128.704	130.091	119.222	131.295	128.765	121.002	135.164
32264_at	338.229	293.899	310.775	315.406	364.974	323.372	289.275	369.363
32265_at	323.354	295.558	296.72	273.47	311.805	307.436	316.173	338.567
32266_at	25.482	28.198	25.475	22.126	22.609	26.774	28.198	23.945
32267_at	27.3	22.034	27.092	24.402	27.914	23.902	18.565	26.418
32268_at	45.453	44.317	37.719	39.91	36.193	39.108	35.83	39.51
32269_at	505.516	455.004	494.179	419.107	488.289	506.625	419.537	509.605
32270_g_at	40.221	31.786	40.538	40.381	36.151	34.833	38.303	35.672
32271_at	184.807	170.518	160.936	174.855	175.83	176.241	169.736	174.758
32272_at	436.743	453.052	405.138	421.728	385.308	398.646	427.676	445.1
32273_at	22.622	19.476	25.497	21.677	26.006	25.506	20.356	24.405
32274_r_at	509.599	523.79	549.733	586.442	631.335	543.116	540.732	571.231
32275_at	280.286	260.328	242.73	242.598	273.103	254.043	259.382	255.033
32276_at	3501.487	3599.319	3504.435	3582.182	3482.366	3377.641	3348.959	3514.679
32277_at	27.773	23.396	24.82	24.822	22.763	27.662	28.963	24.904
32278_at	79.978	71.123	66.469	66.035	74.989	79.208	92.09	82.602
32279_at	122.918	110.589	109.711	96.642	104.693	111.661	116.58	116.971
32280_at	42.318	39.37	28.885	31.62	49.397	41.965	38.755	44.993
32281_at	310.393	290.729	316.299	298.602	338.798	264.974	295.182	298.008
32282_at	294.872	290.721	315.501	300.083	325.108	305.9	270.956	287.665
32283_at	61.336	59.994	59.611	69.786	65.358	60.547	72.774	66.951
32284_at	38.369	36.061	38.569	36.319	39.014	35.909	32.708	31.518
32285_g_at	81.436	82.474	78.815	71.231	73.817	72.673	74.913	71.674
32286_at	321.228	311.6	334.834	337.985	324.003	337.609	304.469	304.756
32287_s_at	32.541	33.842	28.669	31.751	32.104	31.262	37.798	32.634
32288_r_at	43.942	48.731	54.077	51.059	63.741	61.13	41.82	56.091
32289_at	47.211	42.993	54.72	43.432	45.08	46.846	39.239	41.258
32290_at	42.707	38.858	42.574	38.704	39.374	39.54	45.588	41.819
32291_at	46.367	45.364	48.68	54.497	44.113	48.824	50.721	50.237
32292_at	73.036	73.753	67.893	73.325	75.94	75.77	69.135	72.218
32293_at	22.52	22.409	21.191	20.718	22.379	23.471	22.478	26.786
32294_g_at	16.275	16.796	19.649	15.833	19.62	18.148	16.702	18.177
32295_at	188.623	170.073	163.441	148.089	171.073	170.145	152.218	165.457
32296_at	58.655	54.194	59.486	52.156	59.28	57.03	56.231	58.186
32297_s_at	34.55	29.445	30.714	26.587	28.195	35.233	33.903	29.085
32298_at	46.756	50.597	61.345	66.435	55.334	48.488	69.212	55.752
32299_at	33.853	30.866	31.489	27.441	30.214	33.785	26.705	30.732
32300_s_at	29.581	28.8	25.831	25.767	30.968	23.073	31.457	24.611
32301_at	173.864	155.629	140.143	151.566	160.732	147.814	127.122	164.76
32302_g_at	71.686	64.75	59.432	59.941	64.858	70.789	63.905	68.345
32303_at	193.052	197.254	190.272	175.746	197.316	203.098	204.263	197.031
32304_at	83.851	81.373	86.797	83.891	90.727	90.827	74.549	74.917
32305_at	24.298	22.241	20.884	24.437	19.905	22.282	23.449	22.426
32306_g_at	74.379	71.897	70.305	76.354	71.195	69.959	73.237	85.014
32307_s_at	64.689	67.116	69.767	67.506	72.073	67.801	69.592	75.393
32308_r_at	13.728	19.727	15.479	14.277	12.086	14.747	12.883	17.949
32309_at	24.624	25.737	25.757	26.215	28.497	27.732	28.625	22.694
32310_f_at	49.108	44.865	43.262	38.389	45.648	51.306	42.195	51.851
32311_r_at	56.878	54.675	49.296	53.077	58.134	55.064	58.4	62.994
32312_at	74.827	71.91	69.896	81.424	80.889	81.867	80.672	87.207
32313_at	287.486	269.777	267.806	262.093	265.198	275.483	256.77	299.72
32314_g_at	132.22	121.504	118.71	107.3	108.252	119.424	91.021	112.157
32315_at	2671.192	2784.014	2695.68	2799.328	2571.124	2571.714	2453.892	2636.061
32316_s_at	653.969	717.91	686.65	735.07	706.204	673.299	609.609	724.963
32317_s_at	45.799	52.52	46.977	51.663	41.261	46.937	49.361	47.902
32318_s_at	316.218	347.285	331.406	351.41	336.247	328.085	317.708	336.391
32319_at	282.658	259.727	242.653	249.696	260.463	257.794	268.795	243.174
32320_at	74.545	68.04	73.71	66.986	67.387	64.901	74.105	76.336
32321_at	117.039	130.877	121.03	124.472	117.153	115.671	127.076	121.462
32322_at	88.823	76.826	95.402	81.66	92.029	88.149	79.502	87.559
32323_at	480.097	453.119	480.785	443.454	480.297	493.19	485.736	538.841
32324_at	325.905	351.899	347.102	402.565	377.576	338.684	369.255	377.919
32325_at	50.165	52.978	44.959	40.852	54.245	50.527	37.386	44.733
32326_at	37.865	46.936	41.784	40.299	45.774	45.951	40.104	43.447
32327_at	53.821	47.699	45.163	45.304	54.705	54.103	47.794	55.717
32328_at	118.996	107.416	111.336	98.92	123.094	114.922	109.964	119.673
32329_at	324.591	298.753	259.85	290.476	331.371	300.303	303.655	319.33
32330_at	3187.509	3297.795	3193.666	3186.247	3175.835	3203.581	3112.695	3379.022
32331_at	66.516	57.568	54.654	56.488	70.316	68.046	69.674	75.8
32332_at	165.902	173.962	168.247	161.046	156.592	157.72	182.015	184.293
32333_at	70.913	60.225	61.349	57.768	64.427	62.568	59.256	67.138
32334_f_at	1454.209	1617.266	1503.307	1537.532	1401.148	1367.33	1475.367	1475.052
32335_r_at	843.972	924.521	950.003	893.176	939.476	902.809	823.968	911.386
32336_at	538.465	510.404	537.073	549.767	541.085	537.822	530.238	604.546
32337_at	2022.983	2306.296	2261.058	2265.703	2046.221	2006.141	1975.508	2043.693
32338_at	17.3	16.852	14.031	11.164	15.558	18.873	18.196	18.934
32339_at	1236.759	1407.099	1312.528	1328.776	1272.078	1258.871	1386.309	1302.476
32340_s_at	733.09	784.539	723.912	779.036	698.298	710.144	712.612	758.892
32341_f_at	3436.814	3291.855	3090.6	3203.655	3008.231	2980.556	2960.023	3044.869
32342_at	146.758	134.226	116.389	125.645	126.694	137.175	122.465	133.952
32343_at	85.389	82.523	79.417	84.2	81.604	92.943	78.152	95.637
32344_r_at	103.553	105.906	108.05	124.656	115.414	102.841	124.171	122.992
32345_at	65.923	55.152	54.073	52.926	64.668	60.874	58.442	63.339
32346_at	33.265	27.757	28.544	30.986	35.054	30.816	31.854	37.015
32347_at	128.588	98.79	101.365	94.948	112.032	121.476	110.429	121.801
32348_at	138.381	114.097	111.151	119.117	118.986	117.685	124.084	124.346
32349_at	102.315	107.463	92.634	96.14	99.882	100.658	97.857	101.657
32350_at	39.893	33.002	26.528	29.225	32.888	25.711	28.911	30.071
32351_at	149.944	161.93	149.126	156.306	154.392	151.36	148.531	157.347
32352_at	550.695	562.177	582.515	559.589	535.876	522.835	537.84	477.353
32353_at	109.488	108.924	100.181	102.475	106.637	109.379	99.887	107.19
32354_at	104.287	104.305	102.773	87.662	108.706	109.406	107.429	104.794
32355_at	45.355	35.957	35.599	36.549	38.389	34.041	40.541	40.961
32356_at	81.567	76.406	76.409	86.892	85.762	85.69	82.164	84.692
32357_at	59.482	61.598	66.371	64.779	61.537	59.153	58.628	62.523
32358_at	21.582	15.973	17.294	19.26	16.083	19.065	16.725	18.706
32359_at	110.16	115.467	102.375	107.424	104.57	103.715	99.691	104.861
32360_s_at	145.92	147.928	137.474	138.268	134.659	136.088	132.183	135.252
32361_s_at	168.297	173.761	166.063	191.042	163.178	157.83	157.433	180.333
32362_r_at	74.929	61.737	59.655	74.656	82.091	66.556	78.209	76.676
32363_at	121.722	97.338	95.94	95.6	112.054	104.057	97.882	108.11
32364_at	182.588	168.057	163.326	167.451	184.022	178.607	185.263	178.758
32365_at	92.233	83.219	85.927	91.038	98.377	95.011	87.335	94.633
32366_at	111.187	104.599	104.957	108.084	110.306	109.789	101.059	120.218
32367_at	28.064	22.438	24.143	24.924	21.689	25.156	30.621	25.447
32368_at	10.575	16.127	12.066	13.555	10.661	10.298	14.846	16.52
32369_at	31.356	33.248	40.847	37.835	33.225	32.413	36.375	37.21
32370_at	179.922	148.016	168.182	163.914	168.979	161.188	188.747	177.146
32371_at	52.037	45.843	44.941	37.322	53.864	45.551	45.319	50.448
32372_at	47.694	48.693	42.665	46.454	53.422	48.739	49.173	46.995
32373_at	51.922	44.22	48.542	46.554	48.13	47.213	43.821	47.742
32374_at	139.203	124.319	123.859	113.641	122.795	133.896	132.251	132.986
32375_at	357.173	311.532	301.14	286.655	303.491	311.378	291.866	312.397
32376_at	269.059	236.569	222.855	240.963	244.818	283.073	228.275	239.836
32377_at	36.928	35.888	37.253	47.755	44.35	43.659	39.206	43.849
32378_at	441.322	447.87	404.079	413.95	426.273	422.441	460.676	449.072
32379_f_at	270.421	202.158	236.518	200.26	235.81	247.843	238.737	231.214
32380_at	289.562	260.502	254.564	231.416	298.808	276.069	234.799	280.873
32381_at	62.315	35.901	49.907	37.001	33.162	32.764	35.002	39.112
32382_at	156.479	126.043	139.833	125.01	152.378	148.456	143.562	160.827
32861_s_at	35.35	28.959	33.127	27.252	36.201	34.476	28.114	38.049
32862_at	118.319	99.678	103.67	107.898	93.472	102.818	112.356	126.843
32863_at	245.255	225.715	220.922	214.201	205.07	222.738	208.546	234.152
32864_at	80.234	69.748	66.545	63.777	75.404	78.806	71.039	80.282
32865_at	65.715	64.236	62.52	49.676	68.851	68.818	60.22	77.461
32866_at	484.109	424.236	411.51	408.155	430.009	456.444	442.621	443.254
32867_at	84.174	88.739	80.957	80.945	85.922	87.77	88.436	96.246
32868_at	112.188	98.302	102.82	102.797	108.96	104.011	98.301	113.093
32869_at	52.907	52.079	52.664	45.235	60.724	46.85	46.523	52.92
32870_g_at	79.017	84.776	86.563	92.222	82.384	85.924	74.409	90.617
32871_at	18.216	14.265	18.876	17.665	18.573	15.971	17.689	18.794
32872_at	32.4	26.51	32.703	31.507	32.778	30.012	29.76	36.112
32873_at	16.46	14.085	16.237	16.421	15.873	17.639	13.996	13.813
32874_at	96.827	96.451	84.605	92.289	89.402	87.885	93.082	98.158
32875_at	126.657	113.368	111.894	109.827	112.942	109.094	107.263	114.015
32876_s_at	200.082	202.582	192.167	186.262	175.808	180.711	165.337	177.195
32877_i_at	230.751	241.175	225.75	224.008	229.119	222.173	224.535	231.717
32878_f_at	304.488	331.377	316.946	311.115	283.773	289.609	296.16	303.749
32879_at	167.859	200.336	166.146	145.055	182.48	180.247	183.173	163.391
32880_at	242.651	223.654	218.385	218.168	255.987	257.345	231.826	248.77
32881_at	256.242	256.545	287.479	259.543	250.105	258.385	246.451	252.818
32882_at	174.561	198.705	172.928	158.338	177.469	185.344	164.66	199.334
32883_at	46.52	45.972	42.451	42.013	43.534	44.106	40.88	42.022
32884_at	77.623	80.587	85.986	82.629	86.249	81.501	87.103	86.05
32885_f_at	85.712	83.79	78.21	82.121	83.316	88.42	78.716	81.331
32886_at	403.088	369.467	343.677	335.732	407.489	399.573	358.497	429.112
32887_at	111.115	98.371	104.394	102.363	98.355	94.198	101.99	105.419
32888_at	998.363	963.987	949.925	897.225	825.045	870.043	840.889	800.625
32889_at	25.625	24.143	21.761	23.49	28.188	23.106	21.777	23.906
32890_at	40.257	42.37	40.342	32.727	39.433	39.56	38.469	43.256
32891_at	81.287	75.874	85.618	71.621	76.515	74.247	75.784	75.383
32892_at	187.46	159.583	163.436	162.838	174.812	172.987	177.072	198.652
32893_s_at	350.606	295.381	270.481	272.516	320.73	297.953	305.953	329.487
32894_at	397.459	335.504	347.816	346.998	353.139	331.197	371.798	398.88
32895_f_at	174.187	161.074	155.572	171.144	173.174	163.494	174.901	171.766
32896_at	5.774	7.985	9.12	6.89	5.287	6.271	6.37	4.668
32897_at	497.591	498.063	453.777	445.394	472.785	491.513	420.517	499.017
32898_at	97.56	88.754	89.395	87.623	106.419	91.236	99.428	108.748
32899_s_at	73.673	73.481	65.036	62.515	64.689	75.17	64.813	63.32
32900_at	752.044	655.124	672.182	609.575	729.61	705.185	692.801	795.898
32901_s_at	367.204	399.005	366.177	389.773	365.727	376.074	360.487	395.025
32902_at	230.988	244.62	236.374	232.929	215.124	218.241	240.437	211.176
32903_at	77.261	70.515	72.028	68.839	88.258	93.943	59.655	91.138
32904_at	349.269	270.148	274.62	273.411	292.843	310.766	289.05	317.486
32905_s_at	239.437	235.873	224.546	218.335	231.223	224.606	206.569	211.696
32906_at	41.705	52.706	28.646	74.549	64.28	56.9	54.137	52.209
32907_at	448.603	459.236	483.32	416.459	359.419	370.039	415.728	408.993
32908_at	105.538	96.73	98.048	95.219	106.511	110.586	99.349	112.263
32909_at	136.635	129.942	116.638	119.25	112.188	128.212	109.895	125.206
32910_at	54.59	54.023	56.666	72.77	58.083	50.195	60.301	54.414
32911_s_at	49.603	44.76	46.42	48.248	53.142	52.759	51.703	52.144
32912_at	75.844	72.443	80.881	72.202	78.841	76.361	74.865	76.515
32913_i_at	227.689	241.824	230.614	208.217	257.613	246.385	199.933	243.667
32914_f_at	137.396	131.791	140.304	131.615	128.015	140.69	142.899	137.205
32915_at	297.311	271.784	276.819	268.923	284.182	266.259	274.567	271.479
32916_at	90.49	89.512	97.003	91.909	99.281	97.834	92.347	97.889
32917_at	87.919	81.419	88.467	74.86	79.801	78.967	88.954	80.026
32918_at	202.955	198.853	202.716	191.208	199.84	204.439	193.793	207.35
32919_at	59.891	57.957	75.888	57.62	50.098	57.607	56.176	58.633
32920_at	157.664	149.624	147.575	137.594	178.697	170.941	152.598	174.308
32921_at	46.503	56.26	51.144	59.118	51.598	55.862	58.871	46.604
32922_at	31.1	32.502	28.17	31.099	30.546	33.073	35.41	31.284
32923_r_at	1261.002	1298.411	1288.521	1272.693	1223.606	1308.541	1293.189	1281.872
32924_at	356.908	309.52	336.554	313.127	336.163	341.717	335.448	353.635
32925_at	70.633	62.394	64.749	59.541	52.598	56.789	64.974	60.145
32926_at	17.967	23.234	22.338	20.458	18.129	19.893	27.924	19.239
32927_at	15.294	11.681	13.578	14.285	12.697	13.727	12.719	14.149
32928_at	918.429	763.252	876.359	754.426	924.979	982.665	818.731	957.951
32929_at	214.987	193.382	194.818	189.035	220.138	231.978	212.757	222.726
32930_f_at	46.795	39.113	39.304	37.926	44.661	47.721	40.612	49.258
32931_at	92.085	87.844	79.003	83.045	89.087	91.851	81.6	90.119
32932_at	43.316	44.138	43.141	38.858	39.113	40.76	44.87	39.4
32933_r_at	658.801	576.931	658.44	573.35	651.256	651.385	584.233	605.154
32934_i_at	15.774	15.905	13.743	17.401	13.316	11.676	12.76	14.83
32935_at	33.639	36.688	42.491	42.691	37.667	32.961	45.588	37.067
32936_at	25.532	25.234	27.402	30.914	35.003	28.436	27.636	27.091
32937_at	68.525	67.228	62.762	61.303	65.075	70.799	65.521	71.498
32938_at	62.094	62.4	61.021	62.548	57.621	60.705	73.031	58.07
32939_g_at	132.577	125.424	129.152	123.489	128.194	126.65	128.463	139.837
32940_at	33.344	30.491	34.378	28.796	30.868	30.29	28.171	28.976
32941_at	290.275	287.08	330.819	330.793	310.978	302.806	326.739	295.734
32942_at	44.484	41.859	40.954	34.93	43.164	39.948	37.328	44.542
32943_at	127.602	115.383	118.297	122.522	120.676	119.344	131.229	124.635
32944_at	69.474	59.422	57.995	58.976	70.181	70.141	62.827	65.44
32945_i_at	9.929	13.516	10.925	9.867	7.757	10.252	9.941	9.876
32946_r_at	11.701	10.445	8.193	8.92	11.928	11.174	11.299	13.134
32947_at	61.754	56.531	57.213	49.622	63.229	61.413	55.943	62.017
32948_at	9.966	11.513	9.701	12.69	11.476	12.789	9.94	10.849
32949_at	79.246	71.493	66.713	81.323	82.502	73.581	89.116	87.946
32950_at	78.755	73.049	73.02	63.726	84.535	76.304	69.676	75.562
32951_g_at	127.551	128.123	125.146	113.057	126.275	116.365	107.577	123.032
32952_at	122.373	103.507	109.907	98.81	110.672	104.742	103.337	97.131
32953_at	375.075	340.078	346.464	364.272	341.15	350.349	335.108	363.07
32954_at	38.911	40.299	37.561	42.878	37.719	40.475	37.823	39.098
32955_at	53.947	51.582	54.149	63.614	69.347	61.449	75.001	71.205
32956_at	254.752	209.961	223.619	208.436	255.681	261.748	230.425	258.202
32957_g_at	49.817	45.488	44.813	45.992	44.239	39.854	45.104	49.214
32958_at	66.879	90.054	79.498	81.571	74.205	87.309	68.248	69.738
32959_at	363.221	319.297	346.613	308.243	325.858	350.589	331.256	340
32960_at	685.735	607.942	589.276	596.341	570.383	566.698	636.694	571.289
32961_at	29.818	33.044	34.416	37.219	31.646	31.231	29.694	34.424
32962_at	137.636	142.867	144.724	161.831	137.05	141.669	150.955	145.311
32963_s_at	149.09	135.599	142.4	153.168	141.656	136.396	156.85	137.496
32964_at	102.018	98.258	87.966	92.008	101.754	101.1	88.255	104.921
32965_f_at	219.478	200.299	211.629	201.559	232.194	226.573	213.362	223.315
32966_at	42.419	39.479	45.739	43.623	43.507	47.158	42.437	47.432
32967_at	162.211	144.266	144.47	130.305	151.316	161.679	164.197	166.826
32968_s_at	152.817	153.481	156.967	150.729	160.886	161.235	137.182	150.968
32969_r_at	428.107	375.571	425.311	412.804	445.419	430.948	342.776	452.314
32970_f_at	193.465	171.9	191.186	160.624	180.547	204.164	173.759	201.962
32971_at	341.847	320.039	309.95	308.392	353.181	342.329	289.968	347.257
32972_at	13.995	13.945	18.483	17.565	19.658	18.133	17.331	15.757
32973_s_at	239.599	200.828	207.221	183.233	228.26	220.853	194.864	222.348
32974_at	66.151	63.763	63.661	62.725	59.783	61.872	55.57	62.055
32975_g_at	507.784	476.874	454.052	442.638	493.031	467.626	469.36	442.719
32976_s_at	37.303	31.38	28.92	29.823	34.616	42.933	32.298	37.389
32977_at	459.61	345.58	391.345	323.727	431.433	439.767	374.304	444.639
32978_g_at	114.089	96.471	96.458	103.502	118.987	100.551	120.042	107.871
32979_at	41.028	35.919	35.83	31.113	39.01	36.187	38.62	38.543
32980_f_at	150.239	147.216	145.391	145.332	150.817	152.862	139.257	147.975
33458_r_at	259.11	266.951	219.804	266.888	230.931	237.074	249.91	229.815
33459_at	115.617	114.787	114.28	119.601	112.047	105.298	113.712	109.495
33460_at	19.279	13.695	17.226	15.414	17.448	21.834	19.707	17.077
33461_at	24.395	22.477	24.301	21.886	25.914	21.409	24.916	23.662
33462_at	29.4	31.717	36.387	38.934	37.895	36.36	41.036	35.693
33463_at	126.166	118.156	123.898	111.574	124.865	120.467	126.52	116.258
33464_at	28.608	25.899	28.704	31.055	29.915	31.633	25.453	36.923
33465_at	99.9	95.346	105.259	97.942	116.073	115.932	84.888	115.131
33466_at	74.694	68.797	70.305	62.591	71.005	71.151	68.2	82.135
33467_at	282.625	251.488	242.606	224.459	238.789	242.345	231.337	272.926
33468_at	49.847	47.881	45.906	54.614	53.731	55.578	42.096	48.337
33469_r_at	43.335	41.069	39.58	39.716	43.356	44.796	39.605	39.44
33470_at	147.394	139.329	138.893	138.266	157.057	137.278	135.561	149.206
33471_g_at	137.025	142.854	150.567	151.738	146.802	139.176	166.08	150.086
33472_at	133.492	109.456	114.308	108.888	123.622	118.434	112.423	128.937
33473_at	11.423	8.898	11.474	6.551	8.553	11.355	11.643	10.476
33474_at	298.218	259.742	300.703	285.206	347.389	322.891	291.697	307.266
33475_at	155.045	147.39	136.319	136.913	158.9	150.598	125.822	143.446
33476_at	87.945	72.347	70.199	61.7	78.526	71.122	61.454	64.179
33477_at	47.997	35.867	40.098	37.698	40.141	39.29	35.973	40.747
33478_at	11.552	9.183	9.727	9.334	8.43	7.293	10.691	7.778
33479_g_at	127.402	134.145	125.607	131.328	127.633	127.487	120.526	117.336
33480_at	206.515	269.596	218.862	216.347	247.234	193.41	202.879	237.019
33481_at	32.928	31.037	28.727	32.291	34.72	35.244	27.252	32.014
33482_at	126.705	138.128	130.945	135.889	140.628	133.97	129.514	132.806
33483_at	59.175	49.097	55.731	47.649	56.553	59.972	51.122	53.998
33484_at	84.468	72.849	76.181	77.199	90.706	87.264	80.147	89.976
33485_at	1484.077	1606.067	1486.335	1529.332	1436.007	1387.575	1540.014	1540.24
33486_at	35.568	28.344	29.495	28.706	30.694	36.01	37.899	40.982
33487_at	199.325	167.179	162.989	143.139	174.738	177.451	170.459	194.074
33488_at	36.789	34.453	34.827	30.91	34.982	35.834	36.762	32.691
33489_at	69.746	68.9	65.281	62.162	58.459	60.205	56.838	64.611
33490_at	41.803	39.427	36.496	39.076	42.198	43.657	38.902	44.052
33491_at	42.778	57.567	64.506	67.549	50.455	50.626	65.507	53.95
33492_at	63.792	64.309	54.249	55.856	56.916	61.537	59.251	66.762
33493_at	383.041	325.761	338.928	333.893	358.233	374.321	370.109	387.457
33494_at	44.801	40.628	39.672	41.633	39.333	41.734	42.572	41.793
33495_at	74.002	62.753	58.438	50.245	60.966	66.559	60.851	67.932
33496_at	23.014	18.944	17.9	21.531	19.152	16.423	22.279	20.096
33497_at	127.162	115.723	118.512	121.208	138.165	129.025	122.36	136.667
33498_at	311.9	374.939	347.032	368.802	338.581	325.721	317.621	315.176
33499_s_at	805.592	852.248	778.95	822.859	810.406	804.707	836.874	888.256
33500_i_at	591.44	635.775	574.761	615.671	527.19	548.365	627.552	565.126
33501_r_at	846.896	863.923	850.64	829.269	791.712	812.688	913.522	854.842
33502_at	50.434	47.777	42.25	45.806	54.526	53.666	44.17	50.12
33503_at	472.541	454.939	467.784	455.687	469.334	466.102	464.645	455.289
33504_at	26.878	24.015	24.12	23.893	22.062	27.275	22.469	26.081
33505_at	81.187	74.045	81.841	67.783	82.51	79.029	72.618	74.38
33506_at	57.866	46.529	48.564	54.556	54.085	47.787	53.052	56.805
33507_g_at	32.511	27.582	29.669	31.117	39.741	36.857	32.33	25.029
33508_at	61.815	59.99	57.014	54.47	57.233	62.203	50.542	65.91
33509_at	18.188	22.662	19.687	15.441	18.084	15.468	18.189	15.231
33510_s_at	166.371	161.411	155.654	143.526	165.875	156.06	154.72	163.643
33511_at	86.25	76.14	82.217	83.211	82.99	81.188	83.369	85.582
33512_at	374.321	390.253	340.501	381.556	444.394	402.948	358.147	366.442
33513_at	85.141	76.233	80.614	80.563	80.385	77.159	86.272	69.975
33514_at	100.209	85.529	97.627	92.945	89.353	95.852	114.097	85.582
33515_at	177.965	184.736	177.001	174.616	172.248	177.863	178.783	178.437
33516_at	125.488	145.641	143.895	150.357	129.985	126.293	141.76	131.417
33517_f_at	104.012	103.031	111.904	95.629	106.893	109.684	112.055	113.886
33518_f_at	68.415	58.853	60.429	58.386	65.531	65.646	59.477	63.374
33519_at	408.127	430.714	463.976	449.781	446.264	444.187	404.706	451.121
33520_at	220.506	218.63	249.548	222.419	207.195	223.893	227.384	207.746
33521_at	271.63	278.598	258.84	259.025	262.593	260.482	253.015	249.514
33522_at	208.688	165.994	188.21	162.016	191.219	192.472	165.92	161.488
33523_at	290.021	274.056	250.371	261.559	325.493	310.146	301.671	327.479
33524_at	42.243	50.465	40.698	43.842	44.48	46.928	43.845	40.658
33525_at	16.527	11.357	16.073	14.14	21.943	14.188	13.147	11.568
33526_at	150.006	136.399	130.362	124.248	111.106	123.125	114.603	125.564
33527_at	7.944	7.424	9.968	8.195	9.57	10.483	11.692	9.103
33528_at	43.692	46.948	44.695	44.724	54.377	52.898	46.922	54.63
33529_at	26.959	23.015	26.53	24.089	27.112	25.337	23.575	26.685
33530_at	22.713	21.158	23.416	16.429	21.654	20.127	24.464	18.473
33531_at	44.716	42.806	50.079	59.186	48.898	48.835	59.674	53.765
33532_at	35.938	25.939	30.12	26.622	33.989	28.299	33.335	27.864
33533_at	95.127	95.951	83.684	81.103	90.036	97.65	80.051	113.23
33534_at	8.267	11.521	9.146	8.516	8.6	13.252	7.241	18.962
33535_at	332.341	352.155	383.125	347.311	340.867	338.385	346.47	356.616
33536_at	18.634	21.105	15.338	15.422	19.966	16.322	21.018	17.217
33537_at	543.639	453.129	446.665	464.491	645.958	525.917	572.955	536.355
33538_at	13.326	15.923	13.3	15.207	13.321	14.935	13.685	14.04
33539_at	146.453	153.276	145.51	152.457	157.841	160.004	128.977	157.116
33540_at	38.86	38.838	36.02	38.201	34.945	46.269	33.92	40.36
33541_s_at	121.122	114.469	112.311	117.285	122.897	125.739	125.307	126.366
33542_at	62.127	56.596	51.705	60.238	53.074	55.753	67.321	62.542
33543_s_at	99.881	119.479	108.401	128.303	103.258	108.838	104.542	110.983
33544_at	41.341	33.025	36.357	34.331	34.368	36.331	31.701	36.049
33545_at	347.525	343.566	329.471	310.427	350.172	334.088	317.991	371.055
33546_at	236.835	229.245	211.626	218.675	252.31	234.232	218.309	250.42
33547_i_at	9.023	10.608	8.706	7.203	10.185	9.279	13.404	11.504
33548_f_at	10.738	8.502	7.473	7.948	5.312	4.985	7.641	9.286
33549_at	65.165	57.365	66.199	60.756	69.24	68.878	61.104	72.176
33550_at	21.841	21.601	19.452	19.994	19.126	17.293	26.315	27.938
33551_s_at	37.368	33.263	33.089	33.006	39.821	34.613	43.187	38.982
33552_at	58.61	56.487	58.787	56.073	66.983	59.003	58.832	67.943
33553_r_at	12.115	11.059	11.363	10.396	12.311	8.035	10.703	13.133
33554_at	116.553	97.331	103.101	95.099	112.622	121.853	100.509	123.782
33555_at	277.426	230.545	236.847	248.229	354.983	285.531	255.366	287.599
33556_at	82.989	90.439	88.334	86	82.624	80.736	93.727	79.654
33557_at	109.851	101.751	99.234	91.142	105.129	101.721	90.97	97.312
33558_at	168.487	149.331	168.67	145.821	172.997	170.21	153.281	176.436
33559_at	81.971	75.608	89.757	75.049	90.045	92.332	72.491	82.59
33560_at	52.368	58.121	69.267	72.071	66.447	57.822	68.094	69.986
33561_at	105.42	87.443	84.617	85.564	98.047	93.054	105.241	91.644
33562_g_at	43.205	53.024	47.126	54.149	42.82	49.238	57.6	51.505
33563_s_at	87.785	96.839	103.3	108.156	97.388	98.177	106.238	105.733
33564_at	14.659	16.542	19.639	16.707	19.177	25.539	17.235	14.863
33565_at	60.679	53.687	49.336	47.322	58.357	53.81	61.954	56.159
33566_at	219.593	229.759	229.105	215.894	236.333	218.739	226.076	234.783
33567_at	64.824	57.736	52.305	48.94	62.345	57.784	57.38	66.187
33568_at	260.091	226.317	239.809	218.584	262.947	256.634	241.038	267.63
33569_at	105.416	105.39	105.341	94.737	101.642	102.465	86.274	103.942
33570_at	83.199	73.6	73.178	70.625	81.985	70.351	83.391	78.927
33571_at	232.991	201.825	191.758	187.702	232.277	228.28	199.89	226.763
33572_at	19.001	22.743	17.38	21.086	18.226	19.904	18.739	19.511
33573_at	88.33	84.97	80.829	83.834	97.959	97.398	83.248	92.371
33574_at	13.569	13.618	10.733	13.741	15.031	14.884	9.953	14.196
33575_at	10.255	14.938	17.63	20.991	21.33	18.658	17.392	14.278
33576_at	65.924	63.645	61.293	64.118	74.093	68.673	65.522	64.263
33577_at	55.492	44.442	41.371	40.524	47.987	45.758	48.02	47.821
33937_at	121.97	108.881	95.575	114.268	119.685	113.162	102.796	115.316
33938_g_at	14.291	13.457	13.967	12.205	14.37	14.283	9.642	14.836
33939_at	87.839	85.275	93.296	78.665	89.493	92.55	79.351	92.523
33940_at	16.144	17.335	14.618	13.729	13.933	13.652	16.416	16.017
33941_at	385.053	444.486	414.7	426.88	397.036	434.241	354.749	424.426
33942_s_at	149.273	136.14	143.345	129.473	147.16	144.184	127.335	155.843
33943_at	309.816	380.583	329.537	362.131	279.395	304.762	333.768	280.679
33944_at	160.12	173.961	182.896	158.939	163.22	159.342	158.918	174.777
33945_at	105.537	93.34	101.491	97.342	119.533	99.959	117.632	102.083
33946_at	102.47	90.659	88.196	84.215	86.772	89.624	82.262	90.065
33947_at	229.758	208.182	230.161	227.392	246.265	244.415	230.527	247.416
33948_at	96.562	97.175	96.075	93.127	99.203	97.845	100.823	104.578
33949_at	74.093	62.941	80.268	73.294	73.305	73.587	82.136	86.961
33950_g_at	382.963	344.723	328.998	334.929	371.03	369.182	331.873	372.608
33951_at	52.228	46.109	52.688	48.773	50.714	51.842	51.082	50.102
33952_at	101.519	95.03	87.843	91.571	110.259	104.853	87.93	97.335
33953_at	136.042	114.129	114.088	110.476	109.598	113.92	117.768	112.277
33954_at	82.294	77.906	71.878	67.543	65.839	86.844	67.091	84.187
33955_at	157.711	186.487	217.207	200.892	208.445	212.064	164.749	187.726
33956_at	53.188	41.807	56.2	48.888	58.098	58.343	49.47	65.237
33957_at	4.102	4.829	3.607	4.641	4.121	6.69	7.355	5.241
33958_at	45.007	44.17	46.861	47.333	46.712	49.925	44.55	49.662
33959_at	23.911	18.139	19.039	20.751	22.278	20.767	20.014	19.469
33960_s_at	723.944	687.113	666.879	711.967	684.563	662.776	727.406	682.713
33961_at	106.893	98.097	100.206	103.531	111.294	115.414	109.215	108.501
33962_at	72.382	69.46	62.009	60.744	74.36	67.735	61.851	82.871
33963_at	473.236	408.327	390.633	366.024	395.853	404.395	282.014	454.72
33964_at	158.14	154.207	160.871	156.531	172.357	158.168	143.13	161.743
33965_at	131.235	117.134	118.522	109.232	110.237	122.632	108.602	123.147
33966_at	49.99	38.083	44.095	36.118	47.463	48.514	47.862	43.784
33967_at	387.832	360.188	369.08	341.647	389.067	399.1	366.54	399.526
33968_at	25.203	29.071	26.426	24.122	27.082	26.269	27.458	28.607
33969_at	55.566	52.986	55.575	52.444	57.155	64.933	54.345	56.063
33970_at	41.995	39.949	38.558	42.325	43.403	45.035	38.591	44.11
33971_f_at	59.925	51.884	44.41	41.317	58.607	52.919	58.477	65.595
33972_r_at	21.725	19.664	22.697	18.276	23.291	22.326	20.476	21.2
33973_at	18.847	22.498	20.946	22.464	20.94	23.592	18.358	23.205
33974_at	45.352	45.553	41.797	41.152	41.688	41.445	38.385	39.764
33975_at	37.202	38.002	34.134	38.712	36.956	32.809	39.602	35.758
33976_at	47.715	47.216	49.968	54.001	51.623	45.209	63.187	51.961
33977_at	163.412	151.918	159.591	142.846	152.786	154.231	172.579	162.171
33978_at	34.293	30.769	36.804	35.675	37.179	36.212	31.432	38.034
33979_at	65.437	66.766	68.392	66.055	70.459	64.763	58.539	64.069
33980_at	150.72	133.961	148.223	129.94	116.189	139.505	131.331	134.335
33981_at	63.075	58.911	60.097	61.05	64.912	59.162	64.049	65.658
33982_f_at	26.944	37.273	27.465	34.833	30.093	31.227	31.386	29.828
33983_at	167.072	145.21	146.224	150.389	165.868	145.811	151.916	168.967
33984_at	771.344	815.663	854.822	820.908	792.11	791.1	798.553	763.66
33985_s_at	88.779	83.347	88.443	77.956	92.435	85.799	83.055	92.935
33986_r_at	64.498	64.974	56.056	56.01	64.325	58.063	62.458	57.674
33987_at	229.329	211.62	191.26	211.383	221.93	196.485	229.724	223.938
33988_at	929.717	947.467	924.538	972.928	924.088	904.119	934.313	971.121
33989_f_at	368.5	337.077	343.508	329.634	325.796	349.56	316.314	377.069
33990_at	33.74	31.49	28.172	33.661	37.183	37.336	29.082	34.763
33991_g_at	1832.35	2037.526	1955.775	1977.062	1927.822	1874.017	1910.737	1886.951
33992_at	359.667	389.197	377.324	363.272	352.751	356.742	395.093	372.032
33993_at	404.717	371.613	389.749	376.645	418.711	421.878	386.872	395.263
33994_g_at	1505.226	1591.326	1570.492	1671.907	1656.05	1606.122	1629.466	1620.267
33995_at	304.003	286.03	275.982	284.897	351.364	310.176	264.648	320.92
33996_at	65.201	65.608	58.06	69.863	75.356	67.942	47.403	61.599
33997_at	54.773	41.319	58.82	47.276	54.009	59.971	52.331	60.909
33998_at	21.786	22.347	24.479	23.161	25.645	24.309	18.874	22.222
33999_f_at	71.314	58.009	70.844	84.101	69.897	74.615	64.31	71.142
34000_r_at	9.631	13.473	13.201	10.423	13.006	15.626	10.252	12.866
34001_at	52.171	56.543	52.043	50.055	51.377	57.754	40.386	60.289
34002_at	52.2	55.351	50.592	46.451	54.502	51.443	50.097	46.925
34003_at	197.669	196.385	180.765	185.363	169.725	178.73	181.256	197.108
34004_at	35.527	26.115	33.635	30.035	34.878	31.453	37.029	29.994
34005_at	227.629	222.401	237.023	207.198	212.792	229.724	232.331	222.654
34006_s_at	85.313	77.085	76.303	72.614	84.754	85.947	80.262	82.222
34007_at	53.921	41.157	51.981	46.886	48.065	51.176	37.974	51.863
34008_at	197.411	169.215	165.177	154.529	181.941	182.89	174.042	187.7
34009_at	63.646	58.605	64.962	55.572	61.8	54.863	55.878	59.26
34010_at	133.405	136.035	145.207	130.821	136.706	133.374	130.815	134.105
34011_at	184.721	192.615	196.667	182.292	182.306	191.493	160.059	166.561
34012_at	77.682	59.69	61.698	55.063	71.877	72.114	65.14	85.655
34013_f_at	18.67	24.075	23.466	21.048	20.956	19.498	20.626	18.447
34014_f_at	17.13	20.147	17.435	24.094	24.317	18.556	18.873	22.259
34015_at	87.129	92.796	94.65	102.106	91.475	90.258	94.206	105.99
34016_s_at	113.015	104.688	112.689	103.31	104.126	107.554	118.028	103.673
34017_s_at	94.447	87.057	91.221	82.8	97.563	93.525	98.164	93.441
34018_at	85.083	79.003	86.78	72.836	86.423	89.996	74.729	85.958
34019_at	63.391	55.96	59.575	58.716	57.319	61.377	53.69	69.761
34020_at	96.957	99.62	93.693	101.521	91.676	98.724	100.537	101.86
34021_at	20.876	19.132	16.141	18.186	27.223	17.968	22.37	17.441
34022_at	40.85	38.396	38.297	38.116	37.502	43.663	38.904	38.944
34023_at	28.348	29.436	26.987	28.954	28.132	26.093	27.239	27.396
34024_at	84.819	77.165	84.11	78.706	83.617	76.21	81.93	77.56
34025_at	40.075	45.754	40.369	44.467	43.639	44.314	42.459	44.383
34026_at	53.84	49.639	42.197	41.65	44.407	54.528	46.718	50.888
34027_f_at	72.868	77.425	71.796	72.382	71.617	72.907	66.357	66.335
34028_at	15.368	14.152	13.05	16.231	18.489	17.06	16.162	19.44
34029_at	52.42	50.104	58.34	49.468	53.907	51.194	63.274	52.924
34030_at	210.403	183.79	188.647	177.137	202.726	207.193	176.749	218.563
34031_i_at	33.516	33.878	29.578	37.949	32.39	33.885	26.006	31.148
34032_at	134.593	147.174	107.987	130.832	134.731	127.174	110.165	117.739
34033_s_at	57.135	63.019	53.207	55.478	50.489	53.667	54.411	56.715
34034_at	140.644	163.113	147.436	160.845	152.366	147.335	140.141	132.742
34035_at	60.816	57.127	52.313	58.228	61.298	58.799	59.598	60.201
34036_at	58.828	62.874	61.775	59.857	62.142	55.891	55.886	49.656
34037_at	48.716	48.195	45.563	51.898	53.867	52.774	53.492	45.987
34038_at	281.946	271.942	264.395	277.462	256.458	268.392	272.311	263.945
34039_at	33.101	31.526	28.856	30.789	32.471	31.911	26.926	34.248
34040_s_at	160.165	135.3	134.18	126.276	147.761	144.899	129.404	144.822
34041_at	150.369	161.285	164.992	152.288	154.179	162.136	146.583	155.094
34042_at	154.394	157.418	148.274	153.462	165.815	159.835	154.994	165.28
34043_at	66.038	50.33	56.529	51.126	66.233	68.921	56.962	71.141
34044_at	23.514	26.545	20.995	29.924	28.51	27.462	30.737	32.384
34045_at	39.503	47.333	44.591	45.4	44.079	41.519	53.148	48.473
34046_at	188.759	190.399	190.517	190.506	204.741	192.74	210.89	199.143
34047_at	262.378	228.03	240.82	252.671	263.893	251.118	252.441	254.133
34048_at	48.699	48.602	46.891	49.46	45.114	47.344	42.48	47.932
34049_at	88.64	70.61	67.766	67.976	79.849	84.115	74.081	90.105
34050_at	34.001	38.929	37.183	42.548	34.033	34.398	42.719	32.315
34051_at	66.407	77.113	71.15	83.09	72.03	72.203	81.997	78.148
34052_at	59.161	45.685	45.95	46.634	52.845	52.787	49.825	56.322
34053_at	58.439	52.593	63.273	47.864	51.444	56.18	47.17	59.386
34054_at	170.754	166.564	165.637	168.336	164.179	166.283	168.81	186.969
34055_at	75.014	75.962	74.997	72.824	64.263	67.434	69.13	71.478
34056_g_at	112.248	106.169	99.734	94.886	102.963	104.413	95.252	93.592
34415_at	277.861	253.333	282.749	249.347	254.862	279.229	237.883	277.391
34416_at	77.14	80.252	74.019	70.08	70.678	68.348	79.705	65.287
34417_at	20.374	19.978	17.917	21.917	18.976	21.034	19.128	22.538
34418_at	59.56	59.362	65.561	51.844	59.838	59.065	67.826	74.597
34419_at	14.728	17.558	14.096	17.036	11.555	15.57	16.801	9.712
34420_at	25.414	23.903	21.709	20.421	25.94	22.981	20.309	22.535
34421_g_at	88.184	81.757	78.228	70.522	77.748	83.238	83.418	88.115
34422_r_at	99.765	106.895	106.169	102.497	97.822	98.856	95.749	100.131
34423_at	37.152	42.288	37.014	34.17	30.176	35.284	34.813	36.118
34424_at	85.071	93.778	112.859	114.546	103.713	95.898	125.94	102.733
34425_at	396.806	367.539	348.381	369.607	455.987	441.529	406.983	443.352
34426_at	133.793	113.622	127.213	117.42	157.002	152.815	146.171	174.762
34427_g_at	85.404	77.813	74.579	75.562	88.156	89.185	67.864	88.071
34428_at	130.855	160.591	136.899	161.05	138.831	132.054	139.462	136.409
34429_at	1314.316	1068.315	1093.086	1077.272	1197.1	1266.043	1124.399	1375.008
34430_at	359.568	366.902	339.371	345.774	379.817	355.537	356.632	337.104
34431_at	56.36	41.59	44.506	42.551	49.632	44.421	45.528	52.016
34432_at	42.187	41.276	41.792	45.914	40.294	37.946	46.584	37.869
34433_at	322.043	316.984	307.644	305.379	317.312	291.511	290.225	308.197
34434_at	125.6	121.65	120.353	121.097	134.363	120.378	124.25	133.479
34435_at	27.333	20.345	25.14	19.309	27.052	23.797	24.502	25.07
34436_at	75.13	76.512	65.629	61.258	81.826	74.912	64.566	65.72
34437_at	49.256	53.709	54.051	61.689	49.127	49.021	52.691	44.992
34438_at	169.895	175.047	171.992	159.634	180.663	190.378	150.479	187.935
34439_at	71.046	62.404	60.694	62.224	61.347	63.852	71.921	67.084
34440_at	146.616	137.125	124.863	131.297	159.059	154.4	126.947	148.606
34441_at	144.558	120.675	114.944	90.184	119.9	120.545	134.4	130.364
34442_at	178.874	146.283	136.78	145.284	145.638	147.62	137.742	148.038
34443_at	29.971	26.582	25.071	24.243	31.1	31.27	29.601	34.65
34444_at	12.351	16.088	13.198	14.359	12.853	17.502	16.094	15.902
34445_at	42.311	55.265	42.044	53.408	46.51	45.571	46.553	41.943
34446_at	88.849	91.806	87.657	80.897	90.316	84.167	94.954	84.448
34447_at	263.51	255.146	237.094	243.766	222.283	234.155	241.985	249.864
34448_s_at	221.364	184.81	191.724	175.449	204.735	202.56	211.878	223.335
34449_at	149.062	140.061	135.281	146.477	171.738	163.723	163.491	153.134
34450_at	44.872	47.031	41.068	37.511	40.482	43.884	39.887	47.408
34451_at	93.722	101.056	81.21	98.538	103.908	104.905	76.125	101.588
34452_at	5.745	11.046	8.757	8.169	9.365	8.084	6.666	8.167
34453_at	422.515	416.667	393.006	408.881	463.083	423.21	313.662	448.274
34454_r_at	627.648	623.254	533.377	561.409	566.45	621.753	569.883	571.595
34455_at	83.612	79.362	75.756	72.922	82.732	81.465	69.994	79.155
34456_s_at	29.106	27.018	35.841	26.548	34.814	36.564	30.545	29.912
34457_at	427.295	390.817	410.466	391.701	426.526	422.055	439.29	465.549
34458_at	50.982	40.546	35.631	38.445	45.849	46.248	41.778	45.375
34459_at	50.203	49.519	47.565	49.306	47.888	50.757	45.825	48.201
34460_at	173.104	178.727	174.01	187.954	196.058	185.565	177.826	199.234
34461_at	16.268	16.158	18.666	16.207	19.825	18.932	13.607	19.239
34462_at	339.951	304.769	271.115	291.458	302.457	298.678	302.975	283.898
34463_at	590.936	601.668	615.86	588.794	652.373	650.385	627.577	683.887
34464_at	82.845	78.051	80.278	73.104	80.386	69.924	76.323	78.846
34465_at	19.536	14.343	16.545	13.985	15.817	17.076	11.453	20.37
34466_at	217.483	184.176	190.172	167.46	192.121	195.94	186.978	205.719
34467_g_at	521.65	493.224	446.382	433.968	467.454	452.046	452.948	460.382
34468_at	150.007	145.849	144.747	156.002	156.167	150.668	147.078	147.987
34469_at	214.731	211.973	204.802	210.643	222.28	215.823	220.357	214.478
34470_at	17.364	12.994	15.221	13.579	12.638	13.69	10.768	11.356
34471_at	136.89	129.004	120.716	109.043	120.412	128.275	105.602	123.754
34472_at	229.791	264.412	227.306	250.303	286.08	269.677	228.811	247.252
34473_at	126.143	132.592	131.776	127.36	139.018	132.921	120.291	124.842
34474_at	149.786	132.086	136.429	136.742	148.853	137.346	139.433	131.478
34475_at	279.673	255.969	246.945	248.945	269.419	252.418	276.098	266.573
34476_r_at	14.78	12.783	20.102	18.936	20.097	17.217	18.603	15.028
34477_at	88.139	80.906	83.475	82.313	89.003	85.242	77.996	81.365
34478_at	103.052	92.542	83.372	88.558	98.204	97.235	95.245	102.179
34479_at	51.4	44.072	49.096	42.314	44.895	47.184	46.836	48.819
34480_at	242.339	220.786	217.401	223.101	238.239	246.248	222.095	237.947
34481_at	266.695	256.138	230.042	260.727	255.098	222.17	244.923	225.612
34482_at	28.616	26.354	23.23	26.087	23.965	26.2	25.034	32.691
34483_at	35.089	30	32.108	35.082	37.134	32.981	31.527	33.431
34484_at	56.333	61.304	57.643	54.051	63.934	65.346	58.418	65.874
34485_r_at	1805.872	1792.366	1693.333	1808.508	1740.55	1635.483	1578.778	1598.435
34486_at	58.671	54.619	58.42	54.53	65.113	54.603	56.445	60.225
34487_at	130.722	114.145	137.953	135.998	143.17	145.262	139.348	148.795
34488_i_at	255.168	241.59	222.208	222.783	224.838	254.899	250.234	245.61
34489_f_at	87.516	83.136	91.695	83.119	87.494	91.471	85.19	91.066
34490_f_at	109.664	128.633	123.839	134.244	104.039	115.916	129.141	126.935
34491_at	141.824	125.798	128.13	124.005	145.979	168.842	131.571	157.856
34492_at	71.425	67.092	66.539	64.369	72.91	74.695	59.989	77.911
34493_at	89.424	80.944	84.897	78.624	80.565	75.411	75.616	86.353
34494_at	134.353	107.537	114.286	108.892	119.238	128.394	125.413	125.462
34495_r_at	76.879	100.76	81.546	86.458	73.221	83.82	68.39	80.036
34496_at	268.45	234.613	238.052	250.544	246.824	259.031	217.298	281.9
34497_at	24.639	24.102	22.737	18.999	21.226	24.306	17.818	22.653
34498_at	126.424	134.281	114.213	113.463	116.704	121.232	105.306	140.58
34499_at	89.807	90.941	87.087	91.643	90.354	97.314	86.484	96.625
34500_at	270.679	280.353	280.147	233.384	267.695	279.967	241.223	289.028
34501_at	129.385	119.427	137.974	142.307	138.389	129.172	134.034	139.356
34502_g_at	365.724	341.172	342.541	352.031	373.386	360.957	319.292	357.973
34503_at	702.782	630.212	657.847	657.581	712.517	733.784	599.671	734.782
34504_at	54.667	48.136	41.994	47.344	58.742	55.329	53.16	51.169
34505_at	360.832	391.901	367.683	376.952	368.995	378.322	312.591	377.913
34506_at	326.14	329.949	353.53	329.008	339.101	345.669	316.556	312.793
34507_s_at	191.597	165.954	178.459	165.96	189.025	177.613	183.964	202.258
34508_r_at	891.447	942.345	1026.453	1038.227	996.515	954.127	1069.175	870.424
34509_at	35.837	28.484	31.479	29.165	29.12	27.113	31.118	31.202
34510_at	190.935	190.046	180.108	175.215	169.957	194.937	177.145	184.217
34511_s_at	113.189	121.912	102.746	108.216	104.779	113.688	110.511	109.6
34512_at	297.779	273.439	263.632	278.119	322.083	292.264	325.934	293.313
34513_at	76.388	78.58	80.351	84.547	93.116	75.821	88.333	79.475
34514_at	30.995	29.292	26.851	32.476	27.954	29.985	30.808	31.546
34515_g_at	104.275	93.07	93.629	94.415	93.474	104.437	85.738	92.265
34516_at	55.578	67.511	67.89	68.099	64.677	59.541	55.022	60.463
34517_at	33.497	35.304	31.779	28.935	38.473	31.411	32.962	34.36
34518_at	74.584	83.645	69.955	87.173	76.366	77.343	72.7	83.321
34519_at	42.812	35.581	34.903	35.307	30.702	37.982	39.865	37.558
34520_at	67.53	56.899	59.032	50.379	52.882	54.837	55.558	59.063
34521_at	74.788	69.752	61.929	66.263	69.148	70.04	65.768	73.203
34522_at	104.282	100.887	97.885	98.022	98.022	103.232	95.773	102.215
34523_at	82.049	86.88	73.249	83.759	74.129	79.862	84.462	84.392
34524_at	48.881	42.717	38.192	35.345	44.843	45.594	38.963	39.657
34525_at	278.302	229.123	252.847	223.956	278.073	260.33	273.935	292.724
34526_s_at	101.841	82.359	98.138	88.577	116.451	108.192	93.063	115.751
34527_r_at	73.429	60.765	71.836	59.668	86.305	82.779	80.926	77.732
34528_at	79.209	78.045	86.207	87.185	83.394	81.992	99.166	89.76
34529_at	244.854	200.958	212.046	189.165	241.559	245.024	205.552	249.506
34530_at	93.949	99.066	101.092	108.713	99.05	102.973	101.39	107.1
34531_at	121.672	107.049	99.808	93.334	115.965	111.385	96.355	117.487
34532_at	127.855	128.345	126.319	119.019	127.594	136.982	117.887	124.204
34533_at	224.66	219.694	225.491	224.494	234.73	233.434	208.821	222.416
34894_r_at	830.742	747.597	755.848	734.74	826.422	796.965	787.453	855.795
34895_at	51.449	44.938	50.839	41.577	42.9	47.541	44.973	49.876
34896_at	37.283	30.945	31.989	29.958	31.319	28.589	34.692	30.383
34897_at	187.012	179.815	184.154	151.983	184.053	175.644	189.207	182.574
34898_at	128.818	108.452	95.15	102.692	118.185	113.208	107.003	109.532
34899_at	112.286	104.997	98.843	89.133	105.96	107.199	93.257	118.098
34900_at	149.06	142.961	136.542	149.203	163.696	148.495	133.952	159.412
34901_at	39.233	35.491	34.751	36.418	40.907	33.265	34.685	36.092
34902_at	92.051	86.637	77.728	78.956	88.931	91.143	78.072	86.63
34903_at	61.615	69.34	61.845	54.029	59.426	61.13	52.152	63.334
34904_at	81.489	75.078	73.825	67.533	83.217	82.855	74.855	73.198
34905_at	297.048	307.399	277.283	303.075	283.004	311.621	263.877	310.891
34906_g_at	641.377	607.08	587.921	583.331	664.216	642.69	618.771	668.72
34907_at	405.247	341.012	347.373	334.852	366.683	368.642	334.189	394.47
34908_at	23.147	16.836	19.221	17.932	20.158	21.838	17.334	22.986
34909_at	43.501	37.219	42.097	35.369	38.806	38.574	38.344	40.912
34910_s_at	23.467	22.515	20.43	23.358	20.424	23.51	20.431	19.742
34911_r_at	13.817	13.573	17.967	21.064	22.995	15.894	17.714	15.465
34912_at	195.885	171.315	167.167	177.061	175.04	178.725	165.009	166.284
34913_at	118.051	112.51	114.965	111.061	104.295	111.611	107.39	100.318
34914_at	165.172	181.467	150.522	170.294	163.05	165.374	154.421	161.16
34915_at	362.208	339.629	354.058	344.248	359.222	351.716	325.262	322.169
34916_s_at	175.045	160.258	171.118	164.036	141.7	164.83	161.097	152.824
34917_at	48.168	44.376	46.561	43.794	49.272	44.434	44.975	50.468
34918_at	128.892	121.878	119.217	113.453	126.36	124.983	120.463	131.103
34919_at	212.31	197.909	197.474	187.2	194.506	193.357	184.441	195.839
34920_at	197.036	196.467	197.067	182.343	176.919	186.13	191.733	188.572
34921_at	79.245	73.062	71.975	79.323	68.926	73.184	77.125	67.047
34922_at	24.501	27.911	22.696	21.984	30.447	32.001	25.511	29.61
34923_at	225.796	207.853	202.748	209.526	216.361	215.655	211.453	214.854
34924_at	108.994	118.561	107.079	119.72	116.947	114.498	108.525	122.236
34925_at	127.513	125.985	121.721	113.664	124.1	126.013	137.176	135.968
34926_at	225.081	197.609	201.949	203.016	200.546	218.295	208.529	223.501
34927_at	56.832	52.231	54.779	46.604	56.487	61.095	51.009	62.889
34928_at	121.469	124.686	135.147	126.258	132.314	127.329	117.504	117.42
34929_at	122.129	95.817	100.491	102.054	106.3	103.462	100.381	121.673
34930_at	16.077	16.989	17.229	10.893	15.772	17.53	15.681	17.102
34931_at	61.849	65.924	71.017	71.976	65.041	67.51	67.986	69.153
34932_at	69.656	66.546	61.528	63.354	80.034	77.796	67.74	71.436
34933_at	187.985	184.021	172.287	174.234	180.803	187.084	175.611	193.699
34934_at	102.204	101.967	98.673	100.553	105.777	99.425	98.373	106.698
34935_at	89.528	100.873	96.318	104.45	90.308	96.745	94.055	89.415
34936_at	151.878	144.162	127.761	146.806	135.152	140.74	104.379	131.466
34937_at	39.89	41.906	34.401	38.913	37.985	41.431	41.617	44.085
34938_i_at	81.2	96.324	101.521	114.659	93.691	94.697	102.314	106.448
34939_r_at	42.412	54.819	50.211	60.294	48.479	48.486	55.199	52.752
34940_at	9.892	10.208	9.529	10.979	9.979	10.794	11.196	11.941
34941_at	10799.049	10135.532	9726.168	9450.092	9899.309	10121.459	9413.555	10223.105
34942_at	130.062	130.519	127.443	128.786	119.843	126.699	135.989	121.49
34943_at	55.306	53.268	47.655	52.194	51.607	54.939	47.889	51.865
34944_at	77.482	71.313	70.745	64.846	79.194	79.645	71.254	85.184
34945_at	84.745	77.625	55.725	66.557	79.51	82.132	72.189	77.559
34946_at	30.579	24.901	24.986	23.644	25.115	27.583	26.949	23.256
34947_at	25.782	27.64	25.379	26.179	22.865	24.989	22.833	23.143
34948_at	107.217	101.816	105.464	98.641	100.805	105.884	92.877	100.38
34949_at	552.166	518.3	539.474	545.095	561.803	526.978	523.272	524.564
34950_at	55.147	44.554	46.545	43.1	52.107	51.652	67.116	59.623
34951_at	124.761	121.122	124.884	119.228	109.783	119.419	103.255	118.593
34952_at	168.408	163.567	153.831	133.564	171.013	160.948	150.026	158.86
34953_i_at	109.322	119.819	108.272	105.126	119.17	123.258	107.704	107.004
34954_r_at	105.866	100.52	93.357	88.658	92.791	96.097	100.194	90.451
34955_at	12.902	15.927	13.306	17.448	13.125	12.864	15.955	13.372
34956_at	66.106	67.069	64.059	68.033	62.186	59.57	63.834	62.204
34957_at	141.36	135.789	144.477	114.026	160.361	136.606	131.895	145.55
34958_at	14.007	13.467	13.377	14.926	12.906	12.158	21.022	15.281
34959_at	68.011	71.47	68.374	63.069	83.778	78.534	69.098	70.56
34960_g_at	119.96	100.197	97.225	97.729	113.887	110.387	100.87	108.657
34961_at	41.974	41.958	42.008	44.772	42.686	46.135	40.039	44.575
34962_at	50.52	49.419	49.613	45.825	64.839	66.94	57.714	65.472
34963_at	263.495	221.546	217.467	219.093	239.207	242.397	223.394	244.764
34964_at	19.065	19.875	16.908	20.847	17.964	20.255	21.422	16.954
34965_at	66.815	63.052	63.557	59.965	65.552	63.709	59.772	65.686
34966_at	50.904	46.248	50.685	44.079	46.462	54.114	45.422	44.669
34967_at	90.341	86.098	80.147	87.438	92.11	92.804	79.516	91.473
34968_at	83.933	74.496	76.087	60.88	82.262	80.552	77.662	84.556
34969_s_at	142.63	131.415	140.674	126.777	148.136	144.14	141.871	152.593
34970_r_at	269.09	284.557	270.363	277.388	280.748	285.028	275.016	295.012
34971_at	121.762	114.112	112.443	105.983	116.898	118.227	115.899	130.382
34972_s_at	417.025	409.287	398.931	388.84	415.315	405.25	367.38	404.165
34973_at	120.387	116.86	89.058	89.583	109.807	99.534	100.201	110.668
34974_at	102.284	84.079	96.394	93.133	97.307	102.318	103.606	100.66
34975_at	81.764	109.434	82.735	93.437	102.899	93.474	95.965	93.315
34976_at	36.019	33.667	29.758	35.355	35.536	34.752	40.278	41.248
34977_at	34.128	34.307	36.327	33.386	36.616	34.991	34.108	39.056
34978_g_at	408.375	385.121	376.82	359.648	403.27	432.84	366.162	390.601
34979_at	21.899	17.731	12.83	22.495	23.82	17.78	14.347	16.289
34980_at	121.005	106.142	110.065	111.783	102.425	106.516	111.034	107.096
34981_at	151.013	126.085	131.476	123.836	155.113	146.212	138.733	147.819
34982_at	71.277	72.748	63.25	62.664	69.21	74.222	72.172	75.403
34983_at	59.983	62.625	58.706	63.521	58.263	58.795	57.315	61.149
34984_at	41.567	34.239	31.386	28.655	40.904	43.556	29.59	55.543
34985_at	108.302	93.957	93.221	90.011	103.74	108.593	83.955	105.579
34986_at	56.905	52.027	51.751	52.986	58.325	56.835	55.021	52.468
34987_s_at	286.83	329.299	284.693	290.472	262.266	265.132	295.617	285.813
34988_at	68.464	56.492	63.216	60.849	60.283	60.977	70.344	60.252
34989_at	29.754	33.277	28.99	28.019	26.919	27.02	29.178	32.189
34990_at	59.158	55.913	44.66	46.614	58.425	46.949	46.136	48.376
34991_at	27.13	25.891	31.671	27.615	28.789	27.259	26.257	28.101
34992_g_at	84.192	84.29	77.647	83.644	96.395	94.282	109.42	89.066
34993_at	128.413	122.846	133.199	119.963	127.705	126.633	111.406	129.028
34994_at	31.118	32.323	32.681	33.221	35.933	29.562	30.234	30.737
34995_at	70.256	66.605	68.74	71.849	74.672	71.255	84.1	66.146
34996_at	211.987	206.794	203.112	194.967	196.317	205.243	198.664	204.466
34997_r_at	17.665	16.928	17.683	20.426	23.759	18.338	20.815	21.095
34998_at	41.209	39.273	35.849	37.649	34.884	35.845	34.378	42.353
34999_at	126.312	129.03	131.269	126.967	115.811	126.481	103.698	121.267
35000_at	89.03	87.006	82.846	76.123	84.576	91.256	84.286	93.729
35001_at	170.498	146.303	158.461	151.575	163.936	190.391	149.59	170.221
35002_g_at	28.353	25.975	22.958	22.728	24.287	25.503	28.914	24.091
35003_at	67.107	61.046	59.741	63.08	62.905	61.051	68.602	62.407
35004_at	396.323	331.81	327.72	351.952	395.735	362.798	346.107	376.574
35005_at	95.232	77.951	81.212	86.887	87.018	87.33	88.55	86.616
35006_at	33.8	30.545	31.269	25.435	31.64	33.072	37.821	37.34
35007_at	39.423	38.146	27.781	29.962	34.782	32.466	34.31	36.453
35008_at	33.677	37.941	34.441	34.837	36.084	35.6	31.842	33.853
35009_at	34.139	36.524	33.433	34.631	34.836	29.294	33.386	36.469
35010_at	102.25	91.484	92.647	84.614	96.882	100.388	97.74	109.97
35011_at	72.73	76.153	74.12	80.937	74.058	70.724	84.904	78.864
35012_at	89.55	78.088	71.696	67.051	72.668	69.711	77.111	72.368
35013_at	265.403	239.616	249.152	236.755	257.787	270.786	208.586	203.635
35374_at	390.628	361.972	320.982	346.097	381.033	376.307	347.262	399.775
35375_at	270.547	229.45	232.293	228.749	244.471	238.812	240.325	276.848
35376_f_at	24.901	19.995	23.934	20.798	19.66	22.316	23.251	18.995
35377_at	403.428	337.767	359.06	321.453	415.549	376.681	326.765	400.718
35378_at	470.242	389.46	421.533	379.891	400.051	447.342	393.141	433.848
35379_at	533.734	572.905	549.755	562.507	577.934	599.384	535.919	559.254
35380_at	151.4	155.457	141.935	139.743	143.944	147.234	130.381	146.436
35381_at	408.058	446.688	419.392	425.945	403.113	417.321	401.774	418.596
35382_at	244.419	249.117	245.64	227.249	238.293	248.452	217.772	239.754
35383_at	343.701	317.807	351.116	319.38	340.714	359.104	325.804	369.67
35384_at	44.661	43.692	40.305	44.777	44.55	40.649	40.838	41.279
35385_at	42.321	41.663	39.67	40.242	39.123	41.488	37.984	40.667
35386_at	66.706	64.974	62.169	58.075	64.357	62.727	61.173	60.653
35387_r_at	859.738	809.94	803.552	801.031	804.553	823.442	780.252	811.344
35388_at	327.469	322.644	290.074	356.288	355.567	346.89	298.021	310.139
35389_s_at	14.948	13.955	16.056	12.942	14.577	27.349	14.146	16.538
35390_at	115.097	115.652	115.399	111.719	103.261	111.047	96.4	98.753
35391_at	31.659	29.366	31.852	28.884	29.17	30.513	25.076	33.832
35392_g_at	26.467	25.742	28.638	30.558	31.329	28.665	31.344	30.388
35393_at	22.285	20.162	18.496	20.757	18.93	19.601	22.169	19.688
35394_at	25.141	28.895	26.101	24.265	31.673	25.05	27.549	23.109
35395_at	142.944	137.783	151.404	134.746	153.879	141.001	140.198	140.124
35396_at	35.573	32.916	36.2	30.967	34.789	37.25	31.109	34.721
35397_at	17.304	14.538	18.471	13.969	16.846	16.343	14.393	12.196
35398_at	103.545	100.578	99.655	88.95	105.573	103.643	103.663	110.004
35399_at	126.322	127.248	113.184	123.907	122.108	126.752	120.775	127.848
35400_at	30.783	29.154	26.651	25.331	26.499	29.686	25.718	30.908
35401_s_at	278.643	247.503	223.102	230.194	304.28	276.133	255.77	276.953
35402_at	115.205	105.379	109.55	102.428	110.12	111.123	110.996	113.849
35403_at	424.912	400.584	357.641	418.098	440.291	414.54	420.254	423.582
35404_at	184.445	152.969	135.492	140.142	144.347	135.725	163.554	156.044
35405_at	23.682	18.154	17.055	18.096	15.736	15.701	18.443	17.02
35406_at	55.158	41.663	39.039	32.574	41.597	46.258	33.155	45.157
35407_at	104.168	98.904	92.503	88.851	106.38	98.273	98.593	104.564
35408_i_at	138.377	135.389	140.152	141.812	137.867	132.666	151.063	140.444
35409_r_at	7.463	8.867	7.201	7.612	6.582	7.197	5.211	4.759
35410_at	37.974	30.867	35.314	33.895	34.713	34.495	32.959	31.862
35411_at	195.043	190.929	185.786	181.27	189.816	192.645	170.964	202.708
35412_at	1034.479	921.367	942.9	893.773	1086.265	1091.465	1018.664	1112.452
35413_s_at	159.335	150.93	159.842	142.514	154.081	146.591	160.825	140.443
35414_s_at	223.999	213.378	220.213	182.84	223.616	229.597	201.876	247.994
35415_at	120.903	130.694	125.724	136.9	124.273	121.978	121.253	126.383
35416_at	127.775	122.647	118.388	103.181	123.245	127.415	110.002	123.243
35417_at	206.468	183.603	183.156	173.22	182.243	207.963	186.542	196.114
35418_at	27.541	26.137	25.1	21.627	21.831	24.538	26.925	27.614
35419_g_at	22.809	20.887	23.033	22.486	22.558	19.636	24.837	19.952
35420_r_at	195.081	186.617	196.882	198.838	163.685	183.209	209.609	161.809
35421_at	101.422	102.288	105.282	109.481	102.892	99.043	113.477	102.461
35422_at	45.756	44.832	34.753	37.46	45.536	46.871	42.046	45.553
35423_at	40.429	33.62	37.158	33.929	34.575	34.426	35.082	35.86
35424_g_at	51.684	51.482	51.449	40.215	52.202	60.459	53.057	48.541
35425_at	102.17	85.772	88.47	79.642	87.498	90.074	90.354	109.869
35426_at	192.302	184.189	188.303	171.618	190.575	191.975	184.067	189.097
35427_at	105.116	110.141	118.439	108.348	99.673	107.392	97.219	105.281
35428_g_at	19.909	23.497	22.498	21.175	21.424	18.501	19.643	19.163
35429_at	125.664	129.803	131.798	128.711	128.495	120.149	141.356	127.393
35430_at	25.89	24.168	21.729	19.158	25.008	25.756	22.305	23.139
35431_g_at	64.124	61.585	53.917	61.006	56.906	55.335	69.217	57.768
35432_at	46.802	51.16	54.955	47.09	47.68	57.01	49.736	43.831
35433_s_at	98.83	90.6	78.965	80.126	78.195	83.027	83.061	84.963
35434_at	192.176	207.466	184.981	201.735	193.509	175.979	174.834	182.505
35435_s_at	143.071	125.641	136.633	127.992	149.492	137.498	162.195	143.746
35436_at	210.009	219.704	219.757	216.457	222.354	209.54	203.739	218.024
35437_at	115.606	114.088	125.419	120.978	121.093	123.234	117.507	112.995
35438_at	74.896	62.986	63.909	57.524	71.994	75.505	58.572	70.162
35439_at	136.959	128.943	136.229	130.639	134.334	140.155	125.806	127.644
35440_g_at	79.898	74.005	87.915	81.359	82.211	75.644	78.172	79.209
35441_at	49.36	42.936	38.851	44.336	46.456	48.299	46.736	46.599
35442_at	161.134	134.272	131.995	135.673	149.393	152.527	147.95	165.854
35443_at	111.167	97.663	92.579	90.985	114.655	101.47	106.301	104.095
35444_at	55.6	54.215	57.155	56.108	63.875	57.774	56.475	60.907
35445_at	98.594	95.012	95.617	101.018	103.788	98.238	100.605	99.437
35446_at	251.132	219.861	241.097	214.673	247.056	242.571	211.047	274.478
35447_s_at	151.247	143.751	142.989	134.452	176.27	158.21	150.373	163.268
35448_at	287.148	272.266	267.307	257.509	273.238	271.645	280.862	286.725
35449_at	44.637	35.91	42.838	34.624	46.488	46.093	42.062	44.642
35450_s_at	370.013	393.154	362.465	396.132	349.479	350.714	363.447	366.007
35451_s_at	93.733	90.41	100.29	87.214	94.26	94.292	100.047	98.012
35452_at	69.072	67.703	70.708	71.834	70.733	73.637	77.262	71.156
35453_at	8.339	9.497	9.995	9.942	9.591	9.048	11.825	10.212
35454_at	40.467	39.939	39.592	40.951	39.518	43.136	38.983	41.072
35455_i_at	33.169	34.601	29.732	32.092	28.633	34.499	32.515	32.239
35456_r_at	65.365	62.708	66.31	68.547	71.344	64.054	74.625	64.836
35457_at	33.76	20.38	25.011	22.956	27.482	32.026	22.244	34.865
35458_r_at	1.667	3.54	3.261	4.102	2.393	2.567	2.736	4.506
35459_at	10.703	8.818	6.948	9.174	7.575	12.546	9.362	8.339
35460_at	16.121	17.873	12.509	16.176	14.553	13.322	12.801	17.931
35461_at	23.985	25.619	22.044	24.665	28.444	23.391	26.841	24.5
35462_at	15.346	13.57	12.642	10.455	14.091	11.92	16.334	17.476
35463_at	18.71	16.492	17.602	14.539	16.167	17.78	18.308	18.163
35464_at	58.902	46.536	46.692	45.976	52.183	50.542	42.723	56.228
35465_at	41.174	39.753	35.283	33.912	34.615	39.382	40.448	37.326
35466_at	89.434	83.217	81.123	80.769	86.909	91.254	77.094	82.191
35467_g_at	106.957	93.828	95.64	95.636	98.111	96.982	102.258	113.2
35468_at	583.838	557.587	483.208	500.754	616.176	579.76	549.595	579.412
35469_at	24.232	23.812	26.579	25.978	24.445	25.119	26.271	19.085
35470_at	107.691	110.757	111.841	111.113	103.201	112.07	113.096	96.547
35471_g_at	312.093	247.29	267.425	248.459	267.125	275.19	244.046	269.612
35472_at	69.135	73.706	71.864	71.501	66.591	70.924	63.343	69.345
35473_at	184.916	175.222	172.127	184.378	163.328	155.376	177.858	168.113
35474_s_at	1295.458	1290.623	1189.842	1218.336	1292.651	1227.993	1196.016	1144.967
35475_at	53.67	50.267	49.189	45.801	58.078	48.478	49.876	60.764
35476_at	24.333	25.705	28.143	30.583	33.138	23.962	38.214	30.465
35477_at	143.146	136.463	132.352	129.347	159.621	140.636	145.541	156.192
35478_at	39.967	40.005	35.418	39.313	38.202	33.915	33.252	32.729
35479_at	26.438	27.563	25.194	23.942	24.454	25.006	29.518	26.746
35480_at	37.461	39.361	30.116	31.667	32.647	31.981	29.108	34.028
35481_at	132.943	124.186	114.552	109.685	130.778	127.327	123.531	135.474
35482_at	52.607	52.822	50.623	43.904	48.55	56.93	39.225	57.805
35483_at	220.976	215.003	201.002	200.406	197.16	212.908	192.736	204.174
35484_at	162.157	137.569	137.551	130.61	151.917	147.505	136.058	136.97
35485_at	1740.461	1553.371	1615.498	1566.575	1708.312	1719.698	1627.454	1793.385
35486_at	50.16	43.009	55.292	45.887	71.232	54.251	47.487	55.585
35487_at	18.389	18.01	17.703	20.183	14.224	19.467	20.011	18.956
35488_at	23.532	23.96	23.824	24.331	24.582	31.58	26.947	22.668
35489_at	333.396	276.07	265.904	288.814	304.46	278.258	314.527	287.655
35490_at	56.518	56.974	57.452	52.016	57.48	57.078	55.516	56.148
35491_at	23.094	26.364	29.394	27.786	30.995	25.578	24.838	28.989
35492_at	253.044	197.088	214.895	188.145	228.563	221.536	209.393	242.226
35493_at	25.583	23.78	25.581	24.921	29.84	32.041	28.038	29.512
35853_at	781.033	700.553	729.794	751.429	821.415	806.465	853.768	804.525
35854_at	26.035	30.05	26.058	22.922	22.18	25.905	26.482	30.382
35855_s_at	257.165	224.977	225.09	214.668	229.515	238.004	237.166	258.242
35856_r_at	40.638	36.296	39.212	42.723	39.553	41.852	41.22	38.08
35857_at	15.105	17.028	12.54	16.416	14.033	16.857	18.444	16.517
35858_at	194.373	182.542	195.082	172.022	194.979	203.015	178.692	189.311
35859_f_at	69.678	67.389	61.363	70.097	62.505	63.226	66.393	69.28
35860_r_at	15.155	14.73	14.091	13.27	13.634	15.719	15.609	17.284
35861_at	530.577	488.619	478.158	460.498	541.476	527.991	416.145	528.653
35862_at	66.799	64.779	63.171	59.784	67.521	62.451	62.413	58.895
35863_g_at	134.984	130.557	130.93	129.763	136.012	137.538	133.772	143.926
35864_at	207.867	209.017	205.891	196.551	219.797	224.014	184.192	207.979
35865_at	51.528	57.687	58.96	61.523	53.559	51.931	62.876	52.613
35866_at	67.171	65.468	69.653	81.091	75.972	70.549	79.11	79.895
35867_at	44.004	49.811	49.36	50.517	40.036	49.868	47.737	49.887
35868_at	77.572	75.211	81.565	74.365	80.684	79.946	83.876	80.398
35869_at	106.052	101.268	116.784	99.423	110.171	102.912	87.759	93.877
35870_at	75.219	84.529	81.584	76.84	72.576	73.13	87.278	79.348
35871_s_at	67.517	76.795	70.659	77.084	68.991	71.363	75.943	71.699
35872_at	27.078	24.074	23.505	23.157	27.456	26.085	24.349	25.185
35873_at	73.044	58.854	60.438	59.727	56.14	66.323	56.088	62.543
35874_at	80.807	92.88	99.197	105.602	96.529	98.727	103.751	103.074
35875_at	41.121	39.031	43.741	47.762	44.321	39.264	51.714	42.35
35876_s_at	91.661	89.12	98.677	95.539	96.374	98.005	104.028	99.155
35877_at	60.914	61.066	62.718	65.357	62.346	56.086	71.41	58.569
35878_at	10.856	9.697	9.564	9.979	9.265	11.279	13.223	14.852
35879_at	90.576	84.938	79.535	90.348	85.557	86.945	84.555	90.05
35880_at	120.275	110.704	125.644	106.387	131.796	131.996	121.646	129.253
35881_at	53.306	56.634	59.106	58.101	56.643	55.741	64.517	64.453
35882_at	138.304	113.599	104.454	107.914	115.793	117.949	113.189	101.358
35883_at	528.909	434.488	448.403	449.867	480.319	480.762	475.469	508.961
35884_at	451.396	392.545	364.66	361.757	411.374	370.61	365.17	403.259
35885_at	58.882	54.808	45.302	47.737	56.946	56.419	47.276	53.052
35886_at	191.573	205.936	196.755	217.048	205.209	189.466	213.753	201.577
35887_at	101.544	102.17	100.845	92.681	102.321	106.862	79.756	100.802
35888_at	151.103	154.246	152.756	172.147	156.18	154.888	183.778	162.781
35889_at	32.588	31.993	28.44	24.473	32.111	27.719	35.154	37.388
35890_at	78.595	76.973	69.199	71.404	79.628	85.301	65.994	78.862
35891_at	99.849	99.516	98.212	99.518	92.062	92.17	102.294	100.081
35892_at	67.099	74.706	77.69	86.774	71.539	77.257	92.726	85.615
35893_s_at	72.397	65.73	69.001	60.368	79.046	78.776	63.368	75.099
35894_at	32.575	32.287	30.336	32.572	33.151	35.127	30.028	33.534
35895_at	85.125	71.43	78.828	79.491	96.086	75.596	68.418	84.623
35896_at	113.93	103.217	106.989	101.387	105.8	104.511	107.04	107.538
35897_r_at	776.905	793.636	733.122	767.867	845.352	810.513	795.927	806.859
35898_at	172.199	175.982	191.083	183.37	183.438	192.247	161.97	197.813
35899_at	215.415	199.765	187.717	190.884	213.135	195.381	190.245	204.077
35900_at	70.335	57.032	68.089	59.154	55.237	63.41	62.96	63.238
35901_at	156.569	132.264	131.198	138.133	150.609	141.318	151.523	145.337
35902_at	61.877	60.566	53.925	51.556	59.444	58.463	49.899	61.276
35903_at	86.754	71.492	65.249	74.366	70.271	77.827	76.31	80.16
35904_at	28.785	24.144	28.3	33.219	36.083	32.937	30.428	34.946
35905_s_at	2548.96	2656.722	2604.243	2650.663	2577.921	2525.02	2558.769	2642.184
35906_at	108.183	89.717	92.622	91.495	99.387	92.799	84.156	96.99
35907_at	61.979	54.619	51.648	55.26	59.119	61.015	55.731	57.432
35908_at	22.1	21.008	24.209	21.707	22.709	19.23	24.276	23.393
35909_at	122.705	122.408	123.838	129.933	119.308	123.914	122.854	128.637
35910_f_at	210.512	217.21	231.879	208.509	209.731	195.006	194.242	202.694
35911_r_at	627.42	666.706	737.348	666.163	561.358	672.608	681.825	625.771
35912_at	113.637	105.981	105.844	100.562	137.82	115.538	114.768	121.957
35913_at	86.503	79.484	79.397	67.311	91.74	89.307	79.852	86.625
35914_r_at	10.636	8.059	9.192	9.025	10.844	9.037	14.54	9.406
35915_at	626.474	549.061	641.754	586.371	687.022	640.136	610.008	607.707
35916_s_at	88.729	101.294	87.518	90.094	78.437	82.6	84.621	81.059
35917_at	407.171	372.52	354.709	354.2	364.966	367.32	359.351	372.525
35918_at	338.358	304.826	331.911	301.206	287.848	311.92	302.668	309.761
35919_at	63.642	60.312	49.511	56.454	71.178	64.699	54.791	73.73
35920_at	108.356	108.675	96.573	90.885	104.063	101.613	91.868	116.442
35921_at	185.315	152.524	155.414	155.879	171.712	170.087	147.959	184.001
35922_at	21.652	23.037	17.519	20.931	21.24	23.49	16.167	23.175
35923_at	586.564	468.282	567.048	470.729	616.868	640.554	542.931	651.156
35924_at	40.123	38.347	36.873	33.306	36.546	37.466	37.035	38.954
35925_at	183.247	179.72	154.069	160.589	147.933	143.493	143.81	160.958
35926_s_at	523.024	532.298	530.567	493.472	526.391	515.19	492.309	563.519
35927_r_at	44.257	44.461	40.327	46.944	39.968	39.082	41.964	38.527
35928_at	131.852	130.08	148.267	125.656	151.421	137.487	130.684	134.062
35929_s_at	60.372	52.775	50.196	56.639	62.344	60.87	56.389	58.415
35930_at	43.143	42.49	40.523	39.302	45.48	43.934	41.389	40.978
35931_at	97.137	86.689	87.391	87.327	87.795	99.507	88.716	95.288
35932_at	338.558	338.682	342.091	349.247	344.368	343.76	337.471	352.807
35933_f_at	51.193	47.796	46.9	51.678	48.943	42.167	49.583	48.667
35934_at	32.25	32.905	35.416	33.305	33.793	34.212	33.107	31.615
35935_at	280.19	260.735	246.981	256.46	278.459	288.164	259.69	281.313
35936_g_at	209.039	162.902	189.223	172.842	230.201	233.316	197.214	244.406
35937_at	29.247	22.746	23.832	19.802	24.409	23.96	19.355	23.238
35938_at	19.101	23.192	19.391	22.109	21.351	19.765	20.938	24.05
35939_s_at	293.823	263.927	239.491	251.211	209.63	207.38	197.137	206.97
35940_at	66.986	56.859	57.03	55.416	67.126	64.378	51.97	70.848
35941_f_at	1506.241	1345.772	1373.258	1374.228	1351.91	1321.211	1455.363	1530.505
35942_at	163.408	149.898	153.001	144.566	159.81	165.423	134.849	158.346
35943_s_at	16.396	16.106	17.44	21.201	19.425	19.065	17.927	20.08
35944_at	161.609	151.766	144.571	148.939	156.113	160.331	141.505	160.777
35945_at	39.745	40.499	36.258	35.157	38.751	39.056	32.957	39.239
35946_at	44.347	42.652	43.979	36.348	52.745	47.409	44.354	47.753
35947_at	123.9	122.015	122.281	121.047	128.531	123.353	119.822	133.171
35948_at	130.859	130.056	107.844	124.299	131.591	128.687	128.806	128.451
35949_at	111.485	121.985	107.689	105.828	102.067	108.741	113.198	109.7
35950_at	49.32	42.088	47.256	42.22	41.428	46.216	40.515	46.199
35951_at	184.025	175.46	172.109	186.18	174.091	183.349	182.444	170.014
35952_at	307.875	297.269	319.855	312.515	307.751	288.789	314.792	288.074
35953_at	238.61	233.703	245.529	234.02	242.35	242.704	206.709	226.137
35954_at	84.192	74.866	75.832	65.257	86.053	78.425	80.975	78.834
35955_at	203.298	209.3	205.837	212.502	207.069	214.265	200.54	196.761
35956_s_at	355.44	338.052	329.269	358.136	354.22	330.903	329.526	312.47
35957_at	523.09	501.168	471.726	503.75	534.203	515.582	482.281	518.436
35958_at	147.232	131.635	133.11	120.047	140.101	134.078	131.291	150.949
35959_at	21.172	19.412	20.835	19.481	19.861	21.327	25.648	22.275
35960_at	134.794	114.071	109.302	117.769	106.774	108.986	82.289	117.284
35961_at	37.255	31.751	26.794	31.144	35.005	31.546	30.646	34.942
35962_at	216.288	229.219	225.577	221.681	225.468	230.28	190.573	228.856
35963_at	102.62	97.168	102.688	103.856	108.582	95.862	116.072	96.247
35964_at	7.608	5.134	5.625	7.793	12.774	7.979	13.081	5.761
35965_at	103.174	101.598	97.717	108.129	105.169	109.906	114.292	112.681
35966_at	32.556	31.743	26.368	32.811	43.708	40.087	28.835	37.538
35967_at	138.976	121.163	127.508	114.119	124.136	118.335	116.655	126.683
35968_s_at	62.994	53.667	52.925	47.462	57.403	57.798	51.816	54.744
35969_at	52.07	48.876	50.859	51.739	56.365	54.244	56.032	54.638
35970_g_at	60.518	57.725	55.078	59.918	58.889	55.251	61.802	53.354
35971_at	54.503	52.812	58.415	53.271	54.025	57.167	48.885	54.745
35972_at	141.14	133.212	146.751	148.653	128.679	139.874	133.159	134.36
36212_at	17.203	15.217	19.839	15.981	16.179	17.034	17.538	16.309
36213_at	74.795	74.385	74.709	64.108	72.178	67.126	73.89	70.019
36214_at	117.124	103.928	97.463	98.083	107.142	116.351	107.282	120.017
36215_at	66.506	58.324	56.219	58.714	65.022	56.729	57.785	71.56
36216_at	40.711	42.73	37.292	38.178	38.772	34.836	42.856	42.192
36217_at	39.533	41.163	39.881	37.968	39.884	41.184	37.326	43.455
36218_g_at	323.736	268.335	273.785	267.796	308.888	310.156	287.516	314.476
36219_at	88.816	80.919	93.877	85.259	83.026	83.215	92.696	94.976
36220_at	108.097	102.282	93.806	87.144	108.929	114.075	94.847	100.303
36221_at	70.111	62.381	65.71	65.136	69.205	69.115	69.305	70.049
36222_at	1154.438	1105.652	961.192	1018.333	1157.208	1102.372	1114.031	1078.098
36223_at	29.75	29.928	26.198	27.335	26.031	26.646	29.075	29.579
36224_g_at	328.155	341.181	311.642	320.715	310.454	305.412	315.389	326.915
36225_s_at	100.752	106.728	104.322	101.157	101.131	107.445	96.661	106.247
36226_r_at	392.563	380.746	393.111	381.77	370.916	389.112	417.044	401.999
36227_at	85.776	84.847	77.628	81.358	87.816	84.603	77.41	85.196
36228_at	8.978	12.853	16.318	13.699	15.715	13.666	22.789	21.14
36229_at	259.561	283.689	279.821	290.186	294.133	271.056	273.931	246.689
36230_at	430.95	500.965	371.713	462.769	423.43	411.659	390.461	360.27
36231_at	193.912	159.264	176.642	152.286	156.242	175.9	160.739	175.282
36232_at	114.053	126.654	108.873	114.412	120.14	118.207	112.511	115.607
36233_at	98.196	103.152	105.808	115.098	100.658	102.542	124.901	113.513
36234_at	117.737	110.894	113.653	106.294	99.962	108.652	102.529	108.907
36235_at	70.323	72.883	71.354	75.372	73.518	67.784	75.174	72.799
36236_at	178.668	171.865	155.144	165.098	175.075	171.699	173.433	173.648
36237_at	194.421	184.451	197.366	196.676	188.745	180.688	207.612	200.33
36238_at	549.226	497.072	490.175	458.771	528.987	542.569	561.357	539.623
36239_at	95.089	85.665	88.205	90.828	92.405	89.719	98.606	82.392
36240_at	412.713	411.675	396.696	366.597	385.508	388.559	359.313	403.512
36241_r_at	10.049	8.908	14.722	7.62	10.497	5.533	7.937	6.036
36242_at	113.713	106.951	123.343	111.722	120.426	115.654	112.529	117.966
36243_at	72.48	58.053	65.773	57.238	68.85	66.292	60.529	72.458
36244_at	49.121	47.636	47.137	40.298	46.101	46.952	47.25	43.812
36245_at	29.959	27.606	24.381	23.903	30.472	29.874	21.485	27.949
36246_at	45.949	33.97	40.032	41.769	41.942	37.637	48.823	44.3
36247_f_at	316.544	317.761	284.752	320.87	301.74	301.971	315.267	298.539
36248_at	154.264	131.784	140.293	127.528	148.225	149.664	151.177	155.629
36249_at	49.72	50.152	51.088	45.334	55.581	51.634	45.101	50.545
36250_at	438.278	408.235	381.708	400.024	422.724	443.953	357.855	440.102
36251_at	274.402	255.844	271.155	252.688	261.776	286.522	274.378	295.497
36252_at	151.529	151.126	170.165	154.504	142.221	147.766	161.495	160.918
36253_at	204.136	215.017	204.965	202.231	230.697	218.524	206.391	226.466
36254_at	26.283	24.313	24.377	26.209	21.631	27.198	23.904	26.541
36255_at	109.061	67.244	78.842	64.123	77.285	78.838	92.024	93.633
36256_at	180.117	145.13	147.943	141.982	200.785	175.111	166.049	208.257
36257_at	186.344	160.866	176.674	160.994	190.966	185.016	174.938	201.196
36258_at	42.376	40.214	40.757	37.088	36.983	45.145	34.928	42.74
36259_at	68.814	49.754	50.351	46.954	55.751	49.426	49.687	54.622
36260_at	172.088	163.006	169.464	167.467	183.424	166.69	160.488	163.778
36261_at	115.908	115.191	107.369	109.307	116.198	121.656	111.417	119.705
36262_at	89.484	65.378	72.333	70.839	76.143	76.96	65.61	79.665
36263_g_at	92.989	87.78	86.184	77.882	90.42	95.215	87.528	97.981
36264_at	255.497	264.835	243.601	231.555	252.862	259.545	259.089	261.132
36265_at	158.155	151.17	123.522	139.527	174.274	164.315	180.774	172.517
36266_at	862.023	718.582	764.085	722.269	918.885	879.072	760.804	847.072
36267_at	70.442	59.251	67.992	71.063	80.343	73.057	67.9	63.986
36268_at	72.708	78.68	78.909	78.735	78.506	71.629	82.513	74.093
36269_at	58.413	64.926	67.989	69.306	64.155	57.463	81.7	63.886
36270_at	23.082	21.093	19.878	17.906	19.605	20.423	20.467	16.093
36271_at	73.01	75.235	71.079	68.081	72.949	73.78	72.121	67.812
36272_r_at	58.22	58.438	66.121	61.07	64.486	64.262	62.254	54.768
36273_at	72.502	73.948	69.129	68.247	66.789	74.425	66.058	61.223
36274_at	61.031	52.539	51.315	58.957	53.455	56.357	53.268	51.922
36275_at	90.113	80.307	83.473	89.804	79.739	81.856	85.775	83.677
36276_at	549.369	477.541	511.44	457.874	509.146	530.585	506.186	550.843
36277_at	213.688	186.181	182.442	178.418	202.71	197.623	190.08	199.257
36278_at	204.055	201.756	200.005	202.574	192.423	203.33	201.186	211.027
36279_at	40.837	41.215	46.049	38.15	44.599	40.05	38.878	41.79
36280_at	95.226	86.381	97.088	87.419	99.894	89.688	86.39	94.288
36281_at	264.794	239.141	252.837	228.494	248.86	253.964	231.589	264.415
36282_at	55.871	43.455	48.407	47.949	50.48	53.394	43.788	52.749
36283_at	49.94	50.933	42.453	43.083	52.338	51.372	53.062	56.853
36284_at	329.293	296.671	288.254	286.367	295.41	301.961	285.878	304.321
36285_at	229.597	204.335	200.125	195.655	215.312	225.001	193.278	209.789
36286_at	179.462	153.681	156.633	154.299	185.73	185.85	159.698	190.131
36287_at	94.039	89.801	97.168	94.295	110.062	117.999	87.363	115.774
36288_at	310.357	270.028	266.15	254.697	282.234	281.944	250.669	310.112
36289_f_at	422.79	399.267	368.274	399.806	386.948	403.421	399.794	405.761
36290_s_at	139.698	106.61	105.456	103.948	120.392	127.197	120.167	120.278
36291_at	78.823	68.225	77.228	72.06	77.105	84.097	70.169	84.424
36292_at	371.233	313.065	378.967	352.039	352.528	334.407	286.479	323.934
36293_at	109.295	113.289	101.181	112.013	102.001	108.697	112.834	111.219
36294_at	21.411	23.257	21.703	19.818	19.551	22.105	25.042	22.734
36295_at	89.72	85.186	83.893	82.319	93.428	99.416	85.263	92.844
36296_at	137.577	126.287	123.616	134.138	127.018	130.291	134.641	130.746
36297_at	105.466	92.506	92.463	95.28	117.969	92.793	93.948	97.779
36298_at	603.44	520.616	534.147	526.314	603.082	580.51	531.224	592.371
36299_at	118.546	122.762	127.465	126.676	123.301	122.81	130.229	125.519
36300_at	170.963	145.691	148.585	149.958	154.462	158.772	139.783	153.35
36301_at	411.049	359.869	357.293	351.837	412.559	371.965	365.953	400.028
36302_f_at	77.251	70.092	58.71	64.247	69.208	70.205	60.16	66.715
36303_f_at	75.825	65.776	64.627	68.918	81.379	68.217	73.863	69.561
36304_at	48.919	40.191	40.28	39.731	42.335	40.773	34.802	43.847
36305_at	285.903	295.009	275.853	265.253	303.283	294.472	286.939	288.064
36306_at	179.401	174.508	169.747	175.389	178.066	177.671	184.528	174.648
36307_at	387.141	409.205	409.728	429.8	411.173	405.219	412.095	405.248
36308_at	29.554	19.376	20.324	18.426	29.795	24.031	26.787	26.147
36309_at	8.481	6.492	5.392	4.584	6.166	6.601	7.788	2.754
36310_at	158.601	170.453	191.099	173.085	176.411	174.438	199.044	193.965
36311_at	154.232	163.066	156.475	168.715	230.464	237.458	275.83	234.781
36312_at	61.089	61.42	59.461	58.887	63.024	60.412	63.467	60.317
36313_at	55.99	68.65	68.359	56.918	65.513	68.003	49.977	59.907
36314_at	223.034	203.158	216.394	191.501	218.861	214.44	185.964	213.142
36315_i_at	314.882	305.918	295.162	335.591	300.053	315.72	327.349	336.567
36316_r_at	15.666	17.648	13.797	16.254	16.72	18.318	11.351	20.641
36317_at	93.921	86.66	91.02	78.451	109.887	95.636	81.588	101.574
36318_at	169.502	149.522	143.162	144.187	152.048	151.613	131.145	153.823
36319_at	78.003	73.14	69.917	57.031	74.654	73.14	76.078	82.555
36320_at	19.69	18.622	21.136	23.625	21.916	21.906	21.702	23.385
36321_at	21.421	19.136	17.796	23.543	21.473	17.793	26.865	21.009
36322_at	198.547	203.628	200.832	186.526	198.018	204.403	190.637	205.991
36323_at	28.384	26.594	19.741	21.295	23.055	22.57	24.883	20.181
36324_at	38.349	40.17	35.627	36.959	39.292	37.806	37.075	47.558
36325_at	94.264	68.939	85.443	70.792	110.575	100.806	69.631	123.725
36326_at	61.595	63.114	62.03	61.388	68.887	70.383	46.035	70.224
36327_at	79.813	64.244	66.174	60.705	79.402	74.48	62.854	77.119
36328_at	178.928	155.66	171.306	163.758	162.797	166.887	163.768	173.039
36329_at	24.311	22.76	21.069	22.441	24.008	21.307	20.718	27.439
36330_at	398.977	357.741	364.501	330.464	373.017	374.636	355.123	401.712
36691_at	178.352	162.086	161.872	142.679	152.125	163.307	162.215	161.717
36692_at	37.96	34.738	32.147	33.802	32.371	32.309	31.329	34.874
36693_at	52.188	54.065	48.367	57.914	69.47	60.698	51.269	67.342
36694_at	33.423	31.671	30.116	32.145	32.781	36.526	37.63	32.784
36695_at	24.442	22.759	24.29	20.685	24.075	26.12	26.503	24.754
36696_at	299.163	240.507	248.382	254.654	317.219	288.69	290.352	316.334
36697_g_at	125.402	117.676	110	111.29	122.22	116.879	117.294	117.374
36698_at	75.656	56.598	66.396	57.385	59.731	63.263	62.408	65.673
36699_at	134.725	127.863	125.118	138.676	128.412	132.921	121.179	141.701
36700_at	51.516	42.293	42.741	44.929	43.171	44.629	46.935	47.764
36701_at	64.954	66.002	53.163	52.285	51.39	51.322	49.478	58.348
36702_at	249.722	208.274	207.847	190.048	241.535	236.803	245.477	256.415
36703_at	262.973	284.473	253.979	224.995	279.285	273.12	218.586	256.945
36704_at	82.296	77.378	61.36	61.593	80.822	74.241	76.668	71.26
36705_at	36.741	32.368	31.93	32.492	32.145	33.761	29.951	36.889
36706_at	188.238	182.763	168.038	166.114	182.486	183.914	166.825	183.417
36707_s_at	170.316	141.406	171.125	143.307	160.979	174.094	149.249	183.765
36708_at	49.111	42.798	48.545	42.848	46.507	46.325	44.862	40.732
36709_at	211.193	208.375	208.663	215.186	211.34	216.996	226.582	216.36
36710_at	175.392	159.177	152.503	143.312	141.751	155.096	159.341	157.112
36711_at	155.693	162.419	149.424	162.277	143.96	155.033	170.094	149.755
36712_at	39.076	43.186	46.462	49.091	39.739	40.375	45.159	44.472
36713_at	110.535	96.587	97.908	81.722	105.655	102.886	86.091	105.924
36714_at	40.558	46.298	38.635	49.232	44.589	41.965	43.291	44.074
36715_at	303.591	294.959	298.663	284.846	329.282	313.06	285.657	324.483
36716_at	45.352	42.448	42.272	44.618	47.317	44.291	41.633	44.075
36717_at	213.422	192.645	183.407	183.146	189.099	184.079	195.555	207.018
36718_s_at	55.728	51.061	51.932	52.805	48.321	55.346	53.426	58.167
36719_r_at	39.754	41.513	39.003	37.806	38.295	42.736	42.183	37.842
36720_at	150.072	141.882	146.397	131.752	153.242	147.734	144.085	158.579
36721_s_at	163.545	157.764	160.753	165.345	180.865	172.685	175.992	155.448
36722_s_at	72.126	70.916	63.36	69.337	72.801	70.658	69.846	64.844
36723_at	36.284	41.115	50.57	41.883	42.545	41.897	42.595	43.806
36724_s_at	40.282	34.729	41.011	41.118	38.919	43.553	42.162	45.261
36725_at	46.697	41.478	41.111	37.729	37.484	36.694	46.087	32.925
36726_at	51.204	45.412	43.653	46.54	48.088	50.639	48.851	51.414
36727_at	136.402	138.217	135.021	135.606	137.43	140.615	139.842	151.827
36728_at	323.936	288.562	307.042	282.239	297.857	297.892	317.548	300.269
36729_g_at	218.061	261.893	229.601	245.915	235.429	243.904	233.227	244.261
36730_at	224.858	236.506	228.723	225.028	283.285	251.146	243.462	261.265
36731_g_at	292.37	265.872	263.1	252.772	282.808	287.889	275.39	304.484
36732_at	187.872	173.948	159.038	166.928	155.479	183.926	180.706	181.233
36733_at	212.665	174.788	152.995	142.737	159.324	181.003	201.066	184.441
36734_at	941.019	851.716	867.877	805.398	985.104	959.127	832.199	991.48
36735_f_at	51.474	54.238	45.032	47.145	51.211	43.111	53.213	50.427
36736_f_at	51.296	56.499	52.136	56.575	54.18	51.122	49.593	47.796
36737_at	203.998	191.728	195.146	203.1	221.58	204.237	186.093	188.708
36738_at	132.755	107.924	115.59	101.865	114.156	130.68	107.53	127.712
36739_at	150.597	164.686	150.259	158.714	148.251	135.48	143.849	148.325
36740_at	377.52	345.856	409.686	321.164	326.381	412.788	334.857	375.318
36741_at	100.831	95.33	96.784	94.369	102.912	93.393	89.946	95.238
36742_at	186.417	180.233	181.425	161.649	196.838	191.494	151.251	191.059
36743_at	62.835	57.295	58.919	50.81	59.945	64.628	61.951	62.931
36744_at	41.804	34.224	32.023	35.744	29.571	32.143	35.585	37.284
36745_at	237.126	234.451	228.52	228.05	260.26	232.328	266.491	237.273
36746_s_at	56.609	64.252	75.069	84.93	69.915	66.158	82.343	68.741
36747_at	237.434	233.075	235.156	228.417	245.652	252.032	236.114	245.215
36748_at	57.966	52.926	52.697	52.072	61.789	65.657	53.691	62.62
36749_at	137.456	142.405	131.395	114.243	130.765	127.499	105.906	118.199
36750_at	56.63	60.215	53.623	55.417	54.985	52.607	58.157	53.738
36751_at	206.202	233.009	224.828	222.759	200.853	206.398	191.325	204.771
36752_at	76.659	70.687	82.826	82.418	79.359	77.672	91.617	91.091
36753_at	102.425	109.163	104.047	110.918	103.795	101	91.078	95.797
36754_at	172.773	172.236	176.246	169.824	190.129	181.622	155.06	186.429
36755_s_at	59.407	56.529	56.759	58.332	59.655	60.77	62.431	56.538
36756_at	104.229	83.741	84.34	85.858	82.421	89.106	87.313	93.365
36757_at	62.576	54.47	64.328	55.172	66.159	61.728	60.196	67.955
36758_at	87.895	81.986	84.325	77.453	101.581	90.39	84.695	93.038
36759_at	126.425	114.633	93.162	99.198	113.376	114.694	94.186	107.107
36760_at	30.755	28.266	24.834	25.091	26.276	26.539	21.353	29.681
36761_at	153.605	144.862	136.894	127.793	150.906	146.068	133.446	152.574
36762_at	90.905	77.817	94.466	82.283	94.406	88.419	77.603	83.835
36763_at	278.516	250.42	251.691	244.812	261.906	270.596	230.516	280.722
36764_at	194.4	187.644	174.924	185.722	200.928	204.367	197.373	232.782
36765_at	470.567	463.824	469.71	459.278	511.36	486.281	438.691	486.664
36766_at	51.421	50.762	45.767	46.721	46.412	58.057	49.574	44.368
36767_at	39.854	40.862	43.7	47.541	40.477	41.903	47.979	35.6
36768_at	65.29	57.519	56.522	56.643	58.75	57.828	57.007	67.525
36769_at	27.411	30.159	31.175	23.94	29.742	32.673	29.496	30.536
36770_at	62.69	59.709	50.346	49.14	65.976	61.772	60.792	69.092
36771_at	177.827	165.013	172.024	164.465	178.533	192.165	167.969	178.345
36772_at	20.803	19.254	16.54	20.546	20.422	21.291	23.507	23.881
36773_f_at	150.511	130.437	152.653	132.003	153.841	165.709	151.583	163.808
36774_f_at	134.942	114.87	115.277	112.113	113.742	121.742	113.243	121.669
36775_f_at	114.468	101.561	102.48	104.596	97.143	106.359	99.555	97.536
36776_at	172.765	168.836	163.443	161.282	178.152	178.992	137.023	173.862
36777_at	104.207	111.669	108.503	117.48	111.089	108.79	100.199	107.235
36778_at	109.583	108.745	117.489	113.518	119.845	123.978	106.67	114.61
36779_at	130.83	124.778	121.982	118.643	125.125	124.513	119.709	130.733
36780_at	2396.353	2700.029	2676.606	2686.159	2516.188	2523.794	2684.378	2586.522
36781_at	259.764	263.662	271.61	263.861	259.627	257.684	266.159	263.298
36782_s_at	65.508	52.692	61.205	64.254	65.887	67.468	60.576	65.842
36783_f_at	44.916	61.034	48.488	57.126	53.343	47.448	50.528	56.908
36784_at	41.282	41.256	42.324	42.975	38.555	44.891	43.497	42.109
36785_at	941.087	1039.819	1022.885	994.021	1005.981	981.648	1080.515	989.674
36786_at	1042.629	1182.489	1154.182	1183.36	1113.818	1077.642	1183.368	1106.936
36787_at	307.859	273.409	278.577	260.307	281.043	304.277	245.096	283.428
36788_at	20.115	17.538	19.944	20.206	15.986	17.427	15.017	16.94
36789_f_at	113.174	125.224	119.507	116.112	112.094	127.632	115.304	110.005
36790_at	471.622	466.506	489.434	460.44	463.581	464.804	441.541	469.187
36791_g_at	312.096	340.398	316.414	358.989	307.703	314.57	377.852	322.324
36792_at	285.953	311.207	265.378	288.112	258.079	250.263	282.202	250.006
36793_at	25.248	21.177	26.124	25.686	26.509	31.367	22.777	28.031
36794_at	66.961	62.697	65.333	58.877	69.003	65.883	61.279	72.128
36795_at	1343.689	1325.381	1332.744	1331.925	1260.529	1292.101	1432.909	1342.77
36796_at	38.893	44.053	43.416	36.413	41.096	42.381	36.82	39.012
36797_at	25.068	23.055	24.578	21.691	20.919	21.584	29.298	25.985
36798_g_at	258.79	236.655	244.162	219.239	263.467	270.572	227.377	258.552
36799_at	241.36	228.307	219.128	239.441	220.787	223.937	232.482	221.385
36800_at	31.577	33.027	28.759	28.425	30.16	32.915	31.278	32.059
36801_at	188.43	188.792	179.616	164.189	170.311	184.568	188.781	180.992
36802_at	73.364	73.334	69.099	61.3	72.814	75.149	61.779	70.201
36803_at	299.784	255.102	246.905	230.271	293.597	272.839	239.048	302.416
36804_at	107.079	105.231	88.722	94.62	105.477	100.255	99.729	106.168
36805_s_at	431.395	411.287	416.206	432.906	423.857	451.392	423.382	430.276
36806_at	154.875	159.92	160.107	157.568	170.924	163.244	164.737	172.241
36807_at	188.78	167.019	152.3	165.796	192.629	188.741	191.358	176.667
36808_at	61.861	48.807	44.16	45.365	55.077	53.337	51.511	54.072
36809_at	63.359	59.55	58.168	62.281	57.992	59.413	59.442	65.45
36810_at	85.557	78.149	92.844	83.837	80.391	81.948	76.895	83.147
37051_at	58.462	51.583	55.32	53.192	57.792	51.422	50.199	54.639
37052_at	79.088	80.232	77.75	83.577	82.818	90.4	71.789	77.843
37053_at	91.651	71.569	67.778	72.811	90.151	84.866	74.648	80.044
37054_at	55.02	51.22	50.763	47.067	55.727	52.242	45.01	50.218
37055_at	43.063	34.399	32.994	34.608	35.301	35.031	32.391	36.757
37056_at	65.682	66.496	64.716	62.871	67.084	64.063	71.239	63.445
37057_s_at	117.85	114.658	113.603	118.133	127.607	136.814	109.914	134.158
37058_at	20.94	17.003	15.881	19.368	26.176	21.04	18.755	22.135
37059_at	100.994	85.341	92.156	89.505	94.774	90.001	95.048	92.724
37060_at	48.69	46.018	48.777	44.329	49.807	52.034	49.903	43.177
37061_at	159.183	152.864	162.608	163.035	179.545	168.464	137.515	173.051
37062_at	69.684	71.715	69.964	81.883	73.178	65.05	69.075	61.12
37063_r_at	5.785	8.562	5.024	5.941	5.888	5.564	9.139	8.395
37064_at	216.89	223.324	200.317	208.228	280.053	233.705	190.858	238.936
37065_f_at	63.15	64.531	73.757	71.939	69.823	67.525	65.48	72.922
37066_at	133.726	141.157	137.781	146.269	141.13	146.435	139.643	139.686
37067_at	30.02	33.901	33.317	23.674	26.759	26.596	22.066	24.744
37068_at	27.672	32.217	32.638	31.066	29.504	32.571	34.027	35.414
37069_at	136.135	148.185	154.771	146.159	132.22	148.386	134.098	138.953
37070_at	107.65	89.011	98.527	93.523	100.93	103.085	106.759	94.499
37071_at	31.684	31.785	34.81	30.453	40.21	33.542	28.243	30.606
37072_at	217.687	231.84	245.255	225.655	225.176	244.664	249.852	272.734
37073_at	13.161	13.198	15.881	12.663	15.456	11.572	18.303	13.518
37074_at	153.502	116.809	116.694	110.228	151.128	143.55	125.432	161.638
37075_at	130.175	137.253	139.546	162.452	142.11	133.848	169.498	146.05
37076_at	90.671	97.965	105.022	103.549	100.237	101.237	107.681	107.608
37077_at	116.264	105.009	97.18	100.397	103.553	101.791	87.889	105.241
37078_at	124.939	108.552	125.959	106.396	129.909	128.046	135.7	140.844
37079_at	41.573	38.794	40.394	31.943	36.709	39.054	28.93	42.126
37080_at	91.085	97.188	97.854	118.066	97.248	97.691	116.534	108.098
37081_at	47.484	42.563	46.92	45.735	45.502	49.53	48.878	53.092
37082_at	104.782	93.6	91.086	93.421	96.139	99.403	82.844	110.576
37083_s_at	58.717	57.336	46.275	49.354	48.132	50.783	53.168	53.211
37084_at	153.883	140.622	144.877	132.287	162.941	168.472	136.778	169.619
37085_g_at	125.482	108.438	109.053	113.241	118.467	120.234	114.672	117.632
37086_at	29.038	29.259	28.194	27.49	29.871	30.405	30.842	28.343
37087_at	56.552	49.633	47.687	45.461	57.487	58.591	47.069	60.932
37088_at	337.464	297.16	295.844	288.983	326.71	318.79	303.543	325.132
37089_at	169.231	162.698	151.355	163.658	169.112	177.042	156.402	175.917
37090_at	36.857	26.617	30.567	30.834	41.685	36.571	32.026	35.231
37091_g_at	15.711	15.517	16.791	16.749	18.445	13.631	16.957	16.541
37092_at	55.07	56.274	58.831	58.383	64.42	64.752	66.143	69.513
37093_at	32.088	27.338	26.193	28.481	26.451	25.328	26.078	27.213
37094_at	349.796	319.271	393.656	345.356	382.332	363.224	358.434	371.267
37095_r_at	127.106	128.756	134.824	133.394	134.64	128.538	138.599	131.851
37096_at	81.098	86.154	81.335	76.957	88.581	79.331	79.189	77.375
37097_at	265.664	248.982	263.187	247.301	264.187	284.144	202.193	268.937
37098_at	221.598	225.797	225.853	204.233	221.685	223.573	179.468	262.707
37099_at	133.247	140.003	153.365	140.965	160.546	150.804	128.585	135.721
37100_at	148.771	145.985	133.46	149.459	137.731	150.056	145.976	129.949
37101_at	149.945	141.529	131.016	124.176	131.364	140.353	128.266	136.141
37102_at	153.507	160.888	152.65	161.263	163.048	151.888	167.743	162.861
37103_at	128.683	107.657	125.331	106.569	110.523	101.357	101.019	99.899
37104_at	115.397	120.523	112.765	112.621	108.531	103.627	92.431	102.905
37105_at	229.185	219.164	228.253	226.433	241.317	220.027	215.409	212.726
37106_at	31.385	32.208	29.782	27.696	32.386	31.979	32.033	36.794
37107_at	95.708	93.737	100.62	103.735	110.12	107.956	93.374	108.014
37108_at	25.668	22.855	22.353	27.321	25.456	22.648	23.192	23.583
37109_at	91.835	87.256	84.347	88.895	97.35	94.038	81.059	90.254
37110_at	69.697	65.858	73.785	63.257	78.596	70.844	68.82	73.316
37111_g_at	121.453	112.885	104.13	105.459	117.176	106.666	104.044	108.491
37112_at	12.2	14.005	13.391	10.306	12.777	12.761	12.527	9.778
37113_at	199.22	171.667	168.758	164.956	187.739	182.019	172.34	198.55
37114_at	208.11	211.567	209.509	207.874	210.417	204.946	193.431	197.054
37115_at	17.696	18.343	18.606	17.436	19.405	20.515	17.669	18.205
37116_at	199.639	171.364	161.754	144.503	192.489	189.208	184.877	213.08
37117_at	112.805	100.558	93.929	97.421	110.44	115.841	116.839	112.278
37118_at	29.593	36.576	33.604	36.045	32.2	33.489	40.732	39.068
37119_at	89.675	93.448	91.006	87.683	95.592	99.218	91.998	100.224
37120_at	19.52	21.238	15.659	16.94	15.066	16.157	17.141	14.007
37121_at	198.978	194.307	183.37	183.184	204.834	208.004	173.697	220.72
37122_at	161.423	147.334	156.737	142.8	151.593	155.993	147.679	145.623
37123_at	85.269	83.908	89.361	90.444	90.755	91.009	83.777	83.882
37124_i_at	59.269	63.032	59.468	64.646	57.054	61.039	58.48	47.572
37125_f_at	72.068	70.893	68.675	70.262	67.562	71.606	68.618	66.807
37126_at	134.893	134.02	126.266	123.165	135.84	135.115	133.872	140.084
37127_at	83.303	87.269	77.727	83.24	91.697	87.905	78.802	97.683
37128_at	215.169	164.959	135.169	138.663	177.102	173.52	166.32	202.816
37129_at	117.902	102.543	98.49	101.884	119.464	115.124	103.828	114.466
37130_g_at	141.711	122.601	123.873	139.951	149.522	141.47	153.604	144.322
37131_at	116.207	113.539	103.829	96.749	112.908	124.318	94.727	122.074
37132_at	48.042	41.948	40.563	40.069	47.808	49.401	48.013	42.169
37133_at	147.649	136.281	166.313	127.974	137.344	141.027	121.52	131.754
37134_f_at	165.725	154.853	147.433	153.087	151.941	144.388	158.865	155.578
37135_f_at	164.375	153.11	157.617	146.825	154.276	152.978	148.107	154.638
37136_at	133.381	136.63	136.693	144.666	147.382	138.372	148.573	147.261
37137_at	27.642	25.947	27.114	34.755	31.761	28.195	29.945	32.36
37138_at	323.767	307.917	328.217	303.974	296.343	337.958	306.46	309.826
37139_at	147.854	142.518	157.788	169.494	162.619	145.216	178.566	155.958
37140_s_at	530.457	524.275	593.258	561.1	597.905	625.321	516.909	537.723
37141_at	10.1	8.006	9.502	9.383	6.995	9.501	8.591	8.524
37142_at	10.964	12.367	13.282	9.852	10.583	16.674	11.651	12.349
37143_s_at	100.411	105.545	97.127	96.086	86.22	92.618	88.315	94.418
37144_at	153.044	174.235	190.129	210.235	177.691	170.397	214.125	173.151
37145_at	106.92	93.868	99.922	84.887	103.352	103.677	102.343	97.221
37146_at	156.669	166.704	162.067	177.844	167.247	166.906	166.223	151.881
37147_at	383.123	369.222	413.88	377.125	373.724	401.964	378.426	365.287
37148_at	70.866	88.356	84.123	75.207	73.616	71.57	85.128	77.951
37149_s_at	305.152	291.25	304.058	282.728	309.269	325.05	294.832	316.193
37150_at	68.788	60.818	58.899	58.411	57.582	63.278	59.761	68.519
37151_at	100.329	87.035	92.173	96.818	104.428	105.238	98.329	103.29
37152_at	298.45	294.602	285.989	267.524	287.28	289.33	295.254	328.057
37153_at	258.741	250.441	256.419	239.66	235.746	278.375	230.455	269.52
37154_at	66.558	61.205	53.89	55.256	67.867	57.946	60.06	66.725
37155_at	27.381	25.338	26.059	24.509	32.924	29.576	25.678	26.463
37156_at	12.529	12.001	13.069	14.8	11.145	11.39	13.759	14.253
37157_at	304.622	278	321.647	262.506	317.5	302.886	254.455	275.326
37158_at	503.094	478.047	553.081	471.602	582.016	547.585	474.712	615.487
37159_at	318.605	317.907	304.383	306.655	327.371	338.03	289.748	315.116
37160_at	117.118	111.078	109.923	104.27	113.299	119.737	101.491	121.669
37161_at	77.535	75.452	77.136	81.271	72.518	75.258	75.305	79.235
37162_at	37.822	36.54	36.036	40.827	42.941	38.293	37.098	45.152
37163_at	114.045	121.028	119.608	111.289	117.523	120.033	108.69	118
37164_at	63.308	56.661	56.153	54.789	62.993	64.189	59.244	65.816
37165_f_at	365.54	308.366	326.867	310.083	348.653	346.357	312.32	379.346
37166_at	650.637	597.344	582.777	561.478	577.189	618.554	593.064	651.253
37167_at	90.953	85.896	77.019	76.805	80.828	81.332	78.658	93.417
37168_at	77.707	82.544	74.305	76.428	82.023	81.345	74.27	80.138
37169_at	26	23.445	28.748	25.814	26.69	25.025	20.241	25.753
37170_at	22.454	21.627	22.606	25.147	18.165	18.737	19.968	15.953
37411_at	204.638	165.883	189.49	171.217	186.849	192.027	178.206	198.392
37412_at	86.596	86.678	97.084	103.376	97.839	81.84	102.901	91.386
37413_at	896.709	811.881	881.576	813.78	927.483	888.462	835.896	898.366
37414_at	46.703	46.483	45.408	43.27	46.083	50.534	42.417	49.42
37415_at	152.163	177.383	183.18	171.344	210.882	199.721	180.694	197.928
37416_at	48.885	44.612	48.606	44.422	51.041	50.195	39.738	59.969
37417_at	438.138	410.539	388.08	392.943	423.39	430.142	430.272	429.085
37418_at	359.108	363.962	338.646	327.775	383.157	365.34	288.76	352.265
37419_g_at	143.843	142.737	134.668	149.495	155.473	145.731	128.904	133.548
37420_i_at	214.37	229.961	218.859	228.588	222.235	228.925	276.441	227.065
37421_f_at	501.602	517.521	495.25	503.858	468.012	505.138	524.906	485.364
37422_at	71.276	77.489	72.453	72.224	64.977	67.366	62.828	68.37
37423_at	122.673	141.234	124.551	120.522	95.897	109.865	110.775	113.28
37424_at	166.147	146	139.799	134.896	144.645	142.136	150.007	143.45
37425_g_at	200.781	224.649	232.901	233.755	251.571	228.966	220.799	216.44
37426_at	13.614	14.779	16.147	14.793	13.673	11.55	15.351	13.392
37427_at	67.486	58.648	59.77	56.079	53.33	60.036	56.242	62.017
37428_at	12.505	13.001	9.499	11.55	13.233	9.09	9.25	12.335
37429_g_at	248.644	242.919	243.776	223.013	243.26	250.777	209.687	246.587
37430_at	109.528	99.974	108.28	101.149	121.554	106.53	108.99	119.56
37431_at	20.559	19.853	21.465	23.154	18.583	22.708	20.651	21.402
37432_g_at	61.731	56.873	50.397	50.693	67.365	59.777	55.741	58.699
37433_at	18.863	24.202	19.892	20.118	18.517	22.383	26.286	18.44
37434_at	156.867	141.937	135.68	123.756	102.724	125.702	123.094	115.009
37435_s_at	238.409	189.927	181.862	199.982	204.74	202.6	202.505	193.134
37436_at	57.431	54.584	55.14	53.51	60.413	63.244	61.397	60.244
37437_at	19.283	19.3	20.905	26.524	20.211	25.113	18.097	18.616
37438_at	48.797	44.712	40.95	42.581	45.977	49.883	49.861	44.086
37439_at	114.666	112.131	114.208	106.091	121.303	116.485	109.646	106.881
37440_at	76.297	66.606	61.378	64.63	71.494	73.631	72.378	70.306
37441_at	20.792	24.2	18.027	20.558	22.751	23.371	20.823	23.273
37442_at	102.408	77.038	82.028	80.575	91.327	93.125	93.081	97.997
37443_at	248.016	258.847	260.063	249.17	205.947	252.577	254.143	243.893
37444_at	391.319	398.855	399.404	386.004	410.118	404.778	417.902	393.491
37445_at	218.07	213.955	182.245	184.53	203.809	196.243	201.881	210.082
37446_at	59.236	50.456	51.234	46.424	51.789	50.342	53.368	52.115
37447_at	70.921	69.643	69.404	65.416	75.46	70.68	71.339	70.323
37448_s_at	1037.233	1027.196	1015.106	1041.692	1017.551	962.269	1132.123	1047.588
37449_i_at	1519.145	1796.813	1613.148	1724.857	1488.212	1503.87	1559.585	1599.068
37450_r_at	1364.454	1518.951	1458.751	1470.841	1435.89	1419.927	1357.028	1532.849
37451_at	105.987	97.31	89.189	98.252	108.663	110.237	99.564	107.177
37452_at	128.625	121.186	106.653	116.933	134.691	123.991	128.221	126.855
37453_at	37.891	36.086	35.587	38.622	31.212	34.775	35.344	36.677
37454_at	27.893	27.984	23.253	25.426	25.532	24.124	30.515	30.85
37455_at	157.977	159.939	155.999	155.785	163.012	156.028	159.335	155.393
37456_at	813.855	898.81	875.486	895.995	929.127	925.755	840.673	961.721
37457_at	24.041	17.921	17.471	17.712	15.978	19.103	20.545	23.191
37458_at	106.329	102.291	96.221	104.815	106.147	100.228	93.655	101.05
37459_at	126.452	112.854	122.805	114.56	110.554	111.482	109.655	117.971
37460_at	170.472	200.457	196.901	188.583	166.252	192.227	197.534	196.694
37461_at	133.712	113.363	116.111	104.193	137.246	132.581	119.138	143.251
37462_i_at	189.915	175.758	171.909	171.18	188.359	193.71	174.7	179.582
37463_r_at	2558.245	2438.044	2814.3	2596.205	2907.506	2781.368	2937.355	2552.146
37464_at	33.705	32.385	27.722	28.925	34.26	31.787	31.661	28.313
37465_at	208.789	181.907	180.316	189.609	203.347	190.909	206.515	198.142
37466_at	28.066	33.467	30.458	29.189	30.797	32.79	38.389	31.134
37467_at	239.801	255.914	243.612	251.819	287.622	250.435	238.277	247.228
37468_at	41.484	41.881	40.309	40.22	39.168	43.638	42.723	40.547
37469_at	10.836	12.392	11.979	11.223	13.41	9.665	7.337	13.646
37470_at	149.105	116.886	116.985	108.71	115.91	126.341	105.249	118.838
37471_at	195.035	178.668	171.628	172.069	211.036	176.581	217.749	169.87
37472_at	130.306	114.464	107.653	106.987	124.067	119.176	118.118	127.434
37473_at	159.157	132.69	142.155	131.69	157.588	155.337	143.788	166.438
37474_at	48.556	44.84	37.857	44.433	51.275	46.756	41.178	46.878
37475_at	248.748	247.968	212.98	215.093	237.48	244.459	221.079	247.541
37476_at	173.726	154.741	132.101	145.396	180.427	173.32	160.012	184.244
37477_at	23.112	25.277	23.747	22.402	24.462	21.71	27.209	20.159
37478_at	520.513	497.098	494.5	483.653	522.636	487.745	472.597	531.629
37479_at	244.131	231.096	274.974	245.31	274.312	253.707	250.174	283.78
37480_at	30.007	27.586	33.849	31.896	29.596	26.374	27.872	29.2
37481_at	26.263	26.937	24.873	33.368	28.192	25.486	28.539	31.594
37482_at	35.457	29.255	32.292	33.77	32.741	32.037	35.872	29.267
37483_at	17.377	17.346	14.717	18.867	16.397	20.271	14.647	18.328
37484_at	39.53	37.493	38.473	38.142	33.822	40.881	41.735	35.127
37485_at	63.486	54.084	63.549	59.226	61.617	60.495	54.741	58.642
37486_f_at	78.315	85.707	90.075	87.987	88.037	83.415	98.826	83.276
37487_at	137.879	129.578	130.627	130.168	117.542	131.829	120.533	136.529
37488_at	103.062	91.74	92.41	89.951	94.791	102.395	93.796	98.006
37489_s_at	44.117	38.594	42.163	45.684	46.78	39.284	43.537	44.099
37490_at	415.695	401.742	374.632	365.24	405.424	423.697	419.543	434.324
37491_at	171.421	163.186	162.853	162.496	160.496	170.126	138.38	158.206
37492_at	192.188	183.029	189.809	194.171	198.75	206.566	210.176	200.19
37493_at	43.416	39.725	41.041	36.945	48.691	44.737	44.161	42.496
37494_at	319.331	283.924	291.547	281.32	302.251	313.252	275.361	323.788
37495_at	109.738	104.748	103.004	94.056	102.61	100.655	106.702	104.293
37496_at	188.83	171.649	184.784	174.271	201.077	183.421	178.84	197.358
37497_at	59.784	69.091	73.105	69.532	61.01	66.769	60.426	64.941
37498_at	229.078	219.352	215.234	204.491	205.431	213.873	206.19	199.465
37499_at	32.23	33.297	35.349	38.721	39.25	35.954	41.045	35.889
37500_at	87.058	82.261	84.026	74.559	82.974	92.213	81.617	83.336
37501_at	77.435	63.143	68.338	70.572	86.423	73.991	58.216	67.856
37502_at	81.262	82.189	68.324	64.947	80.948	90.135	60.474	68.248
37503_at	117.304	123.589	123.664	120.515	118.505	125.155	128.032	125.219
37504_at	156.951	134.822	143.949	131.598	174.475	146.773	158.498	157.125
37505_at	100.341	111.306	102.939	104.153	100.429	106.788	93.48	105.5
37506_at	44.429	46.604	41.158	43.137	39.868	38.426	40.749	33.176
37507_i_at	254.302	206.882	237.462	236.791	287.676	272.475	227.945	314.182
37508_f_at	92.071	112.004	102.082	107.003	94.812	96.288	125.838	103.936
37509_at	100.034	94.825	86.078	86.931	87.64	93.647	86.186	93.325
37510_at	154.103	139.737	141.638	130.593	139.208	145.107	129.596	148.559
37511_at	219.824	221.761	223.986	241.698	226.182	220.617	208.854	217.511
37512_at	11.778	11.622	13.418	13.811	15.248	12.472	13.346	15.51
37513_at	272.896	251.576	230.868	202.704	257.044	282.537	232.51	261.28
37514_s_at	270.258	257.671	243.154	240.972	245.626	247.663	244.289	262.123
37515_at	224.38	207.628	198.171	197.58	218.075	214.099	225.56	214.171
37516_at	53.776	48.283	52.718	48.566	49.355	52.822	46.328	56.016
37517_at	688.031	653.617	668.104	636.187	707.72	700.402	634.179	691.912
37518_at	32.794	34.99	33.654	33.034	34.55	32.592	29.838	35.514
37519_at	442.771	451.643	448.817	461.759	457.176	459.574	454.756	486.598
37520_at	99.176	103.816	89.359	86.346	91.714	90.646	97.728	96.08
37521_s_at	169.038	165.634	172.485	169.201	181.538	179.02	161.392	172.495
37522_r_at	31.44	33.11	31.88	36.796	33.143	33.566	38.477	35.194
37523_at	69.095	79.019	66.284	69.199	72.238	71.491	74.313	70.393
37524_at	16.23	19.01	12.756	11.748	14.467	18.126	14.739	15.969
37525_at	106.543	92.41	97.05	86.661	108.138	108.389	89.407	94.11
37526_at	123.517	121.778	122.753	109.569	117.283	118.501	112.734	115.285
37527_at	111.465	109.133	91.967	95.833	115.839	104.897	100.401	111.872
37528_at	311.306	310.81	283.878	263.902	309.375	307.659	270.685	298.508
37529_at	114.498	123.611	120.456	127.411	120.819	116.71	123.954	119.888
37530_s_at	120.696	105.319	117.742	107.932	118.758	120.588	112.893	122.631
37769_at	737.462	679.743	689.304	678.647	777.717	726.81	725.246	747.474
37770_at	79.679	77.311	70.255	66.184	77.028	75.285	63.947	78.983
37771_at	593.73	579.187	580.772	544.016	591.253	592.584	569.001	597.924
37772_at	178.135	153.473	158.417	133.691	175.424	172.055	148.114	178.92
37773_at	15.866	14.447	14.423	20.264	16.678	13.85	13.864	18.741
37774_at	80.429	78.203	72.748	62.494	80.523	71.019	64.316	73.426
37775_at	189.847	170.816	145.533	160.404	182.265	174.635	159.668	167.279
37776_at	11.779	12.304	9.191	10.009	9.421	7.066	12.233	7.647
37777_at	7342.802	7351.506	7204.072	7063.904	7972.483	8172.024	8320.506	8011.247
37778_at	28.822	28.219	30.145	27.516	30.648	25.018	24.449	26.86
37779_at	355.315	329.074	355.203	336.294	339.718	339.843	341.929	330.696
37780_at	66.54	70.618	68.229	72.491	73.516	67.143	67.141	64.502
37781_at	152.419	135.967	155.855	141.262	145.99	150.244	143.378	144.958
37782_at	596.597	609.89	642.569	613.295	623.263	614.397	624.339	651.708
37783_at	87.068	87.663	95.67	92.723	98.283	89.884	82.489	82.424
37784_at	89.1	72.676	80.778	72.017	83.09	86.297	80.323	81.276
37785_at	164.986	164.196	154.013	179.803	151.404	148.648	185.802	167.839
37786_at	9.81	13.047	8.716	9.94	12.75	12.373	10.852	9.85
37787_at	27.763	21.107	24.248	22.478	23.209	31.767	26.416	24.758
37788_at	58.894	50.726	51.304	49.029	57.498	57.493	59.017	57.236
37789_at	24.32	21.428	21.962	22.78	22.808	19.79	25.127	29.387
37790_at	336.3	305.852	304.402	301.504	291.712	318.074	283.168	319.634
37791_at	18.328	17.645	18.519	16.655	19.918	15.883	21.291	20.478
37792_s_at	100.036	107.732	108.477	127.095	105.883	101.889	124.046	107.614
37793_r_at	63.092	49.171	52.241	44.942	61.046	61.877	67.956	68.736
37794_at	107.113	92.568	96.132	90.643	104.733	106.443	91.031	109.331
37795_at	50.93	42.795	41.098	47.598	50.715	46.593	52.368	53.511
37796_at	217.239	200.508	191.3	205.665	229.66	225.656	190.307	240.887
37797_at	40.287	45.076	46.038	48.269	46.003	46.653	48.888	41.521
37798_at	58.027	54.817	54.303	49.362	50.294	56.035	50.3	60.241
37799_at	155.157	129.188	135.873	113.907	140.477	147.259	140.084	147.904
37800_r_at	109.473	86.402	94.852	89.622	99.028	96.308	101.469	117.375
37801_at	143.681	136.955	146.306	129.228	137.537	143.45	144.788	147.09
37802_r_at	11.286	12.55	10.299	12.247	13.226	11.002	8.254	11.934
37803_at	65.159	61.647	56.818	55.507	59.793	60.562	56.328	57.212
37804_at	29.442	16.804	11.231	13.363	13.367	18.628	18.141	14.052
37805_at	116.625	106.311	104.448	102.145	109.504	114.09	105.097	113.106
37806_at	72.453	61.337	52.053	50.249	57.215	70.354	56.986	60.17
37807_at	137.058	126.353	127.394	120.606	141.993	138.674	130.77	144.729
37808_at	46.185	41.424	41.01	42.965	44.884	45.978	50.019	49.367
37809_at	78.15	72.312	76.083	82.164	79.557	65.138	76.793	73.677
37810_at	44.857	40.6	41.195	38.735	44.907	42.369	42.165	44.487
37811_at	354.273	321.619	333.624	335.713	367.45	353.587	370.835	349.982
37812_at	21.216	24.263	20.615	24.588	21.179	24.102	22.645	18.297
37813_at	500.924	516.447	470.636	465.486	501.018	486.874	502.852	512.226
37814_g_at	221.322	197.694	226.809	192.552	212.921	223.813	204.598	235.893
37815_at	47.177	36.047	35.561	36.465	31.914	39.675	31.009	41.662
37816_at	97.791	96.142	82.541	79.348	77.776	92.843	80.03	86.827
37817_at	341.412	331.575	331.624	337.981	364.191	356.132	391.144	343.893
37818_at	179.191	171.039	183.216	192.176	200.464	182.225	202.541	200.572
37819_at	43.548	52	42.14	44.459	46.712	43.35	46.089	38.566
37820_at	116.889	115.506	116.579	118.303	127.937	120.116	119.53	122.576
37821_at	117.121	109.124	104.78	108.153	129.78	102.994	103.47	104.299
37822_at	212.919	190.729	192.709	203.229	218.408	213.882	218.944	210.909
37823_at	29.414	25.702	28.523	28.932	29.082	36.735	29.289	32.931
37824_at	22.358	22.781	24.5	21.187	19.707	20.028	21.608	23.301
37825_at	38.908	39.803	39.99	38.771	33.804	37.114	38.077	39.099
37826_at	121.883	107.561	108.368	106.963	114.593	119.918	109.061	129.158
37827_r_at	33.015	31.512	24.438	24.149	34.001	37.633	35.062	40.269
37828_at	87.885	89.456	87.098	89.079	100.189	94.467	98.862	94.866
37829_at	72.213	79.22	79.237	81.757	69.346	73.837	72.028	65.477
37830_at	113.716	108.777	108.458	112.497	124.344	123.945	103.517	127.514
37831_at	75.904	82.753	80.147	84.271	76.276	79.388	87.499	84.832
37832_at	74.131	63.08	61.919	56.947	64.518	65.855	62.731	69.432
37833_at	163.467	168.337	161.43	157.146	160.4	166.157	158.16	163.482
37834_at	130.914	117.517	120.755	116.683	131.654	125.287	125.496	125.162
37835_at	173.157	152.184	151.027	145.677	176.467	165.295	154.491	181.35
37836_at	42.387	55.324	45.739	48.474	57.018	58.57	48.75	56.374
37837_at	61.831	45.394	48.271	45.326	51.299	51.416	46.518	57.149
37838_at	236.884	223.019	220.958	208.793	241.084	235.909	203.438	242.519
37839_at	439.095	426.132	410.692	387.056	441.541	430.996	397.625	465.619
37840_at	79.867	83.922	81.258	78.53	90.236	85.393	68.408	83.381
37841_at	24.691	20.379	26.239	20.832	23.11	24.121	26.014	25.335
37842_at	40.346	45.895	40.832	41.866	42.577	42.636	49.805	43.792
37843_i_at	97.158	94.972	91.477	90.499	94.032	92.883	91.439	96.997
37844_at	52.319	60.292	57.125	66.094	66.607	59.983	68.783	65.33
37845_at	102.641	96.532	104.94	99.954	107.946	109.017	103.061	111.5
37846_at	224.966	188.031	195.357	198.299	200.265	222.024	186.603	217.428
37847_at	341.301	318.638	366.172	324.449	344.881	370.624	318.386	364.143
37848_at	11.955	11.258	13.191	9.514	10.85	13.656	14.088	10.558
37849_at	166.68	163.426	152.3	140.808	167.546	155.936	134.555	166.368
37850_at	151.268	128.969	141.496	107.061	140.647	137.6	124.115	165.965
37851_at	104.961	116.312	118.082	116.089	108.689	110.692	128.768	113.672
37852_at	47.948	42.785	40.826	40.192	47.508	49.08	44.795	48.477
37853_at	811.353	729.142	776.228	694.368	755.37	783.771	676.693	794.569
37854_at	26.934	22.965	23.83	18.004	28.772	26.547	29.6	22.983
37855_at	163.528	172.891	164.358	138.108	179.288	169.212	160.155	161.527
37856_at	83.909	79.298	77.682	78.666	77.12	77.351	68.835	77.957
37857_at	141.7	145.108	145.598	144.041	160.196	149.049	139.971	146.043
37858_at	330.798	338.763	322.905	319.503	300.723	295.816	326.475	284.434
37859_r_at	42.09	42.86	44.969	52.21	48.953	43.037	54.483	48.72
37860_at	78.84	77.88	70.365	77.087	89.277	76.575	82.014	81.195
37861_at	67.594	75.436	64.692	70.648	61.243	60.927	65.68	65.588
37862_at	34.824	39.685	37.088	35.076	43.141	31.867	41.809	37.792
37863_at	17.259	16.6	15.381	12.846	15.836	16.472	14.461	15.697
37864_s_at	115.546	111.309	100.958	111.296	101.455	98.625	115.225	114.585
37865_at	52.089	47.492	47.576	53.467	52.751	54.604	44.898	51.498
37866_at	101.314	101.729	107.095	92.597	104.711	108.663	94.565	100.845
37867_at	283.138	254.901	273.35	263.783	322.014	302.681	281.343	324.578
37868_s_at	147.286	144.947	131.788	128.376	155.863	139.182	150.098	137.705
37869_at	64.631	60.435	61.439	59.392	66.243	67.971	71.218	65.404
37870_at	212.769	212.633	186.424	200.234	205.134	212.486	152.123	202.1
37871_at	125.984	134.65	134.519	122.09	114.37	126.035	124.652	139.821
37872_at	308.832	291.242	284.246	295.07	317.667	316.595	292.337	333.149
37873_g_at	137.219	130.267	112.836	117.097	109.794	115.954	103.3	111.753
37874_at	127.434	110.826	120.022	109.428	127.497	128.785	111.499	136.319
37875_at	21.185	19.667	16.248	23.073	19.843	23.662	23.179	20.598
37876_at	17.415	15.874	19.217	12.882	18.349	19.694	19.344	16.88
37877_at	104.206	112.224	97.044	107.973	92.141	102.695	99.679	104.85
37878_at	61.794	67.264	67.314	69.087	65.751	68.43	76.997	70.563
37879_r_at	4.372	8.906	7.928	5.849	8.072	8.286	9.316	6.761
37880_at	235.06	210.752	227.133	219.117	229.909	224.525	219.78	240.303
37881_at	44.674	47.781	44.847	40.351	40.491	45.866	38.162	44.401
37882_at	29.219	25.924	24.156	27.304	26.135	28.668	23.962	26.162
37883_i_at	32.902	32.236	35.261	32.485	33.575	34.55	28.892	31.358
37884_f_at	18.453	18.941	19.162	12.392	17.092	13.997	13.73	17.697
37885_at	1148.86	993.028	1051.471	953.442	1060.895	1069.853	983.367	1127.151
37886_at	231.936	239.896	238.773	229.583	222.139	230.04	234.117	218.445
37887_at	181.365	176.023	186.208	170.866	175.061	176.767	163.507	196.215
38128_at	103.486	95.15	91.397	93.056	106.325	96.393	88.059	103.119
38129_at	80.83	80.191	72.971	65.571	79.928	88.561	73.994	81.683
38130_s_at	15.514	13.462	13.702	16.737	11.637	16.917	26.468	14.775
38131_at	199.121	209.319	200.162	197.653	253.203	220.542	226.748	224.188
38132_at	572.141	562.857	571.91	545.538	575.191	559.604	574.778	581.713
38133_at	13.83	12.652	11.944	12.723	11.579	13.539	13.236	15.032
38134_at	17.682	19.942	18.29	21.396	17.761	19.285	18.197	19.094
38135_at	26.518	21.583	22.203	29.252	23.554	24.15	17.797	18.28
38136_at	29.475	27.332	28.322	29.372	24.864	27.605	23.285	26.954
38137_at	127.339	129.48	122.621	124.17	130.96	134.089	123.619	113.843
38138_at	227.36	232.732	217.003	216.043	211.473	203.556	219.058	208.211
38139_at	56.057	52.199	52.34	56.41	51.709	54.24	45.215	47.667
38140_at	53.489	56.457	52.353	52.91	60.967	52.244	57.454	51.34
38141_at	41.905	47.616	43.584	42.206	43.316	42.782	37.638	35.335
38142_at	126.944	91.871	106.51	103.796	127.199	117.569	98.825	109.836
38143_at	30.136	35.609	32.638	33.809	39.132	35.686	30.365	30.274
38144_at	59.31	56.124	57.127	55.539	60.079	60.856	57.574	60.102
38145_at	18.328	22.658	16.897	18.084	16.591	21.849	18.373	12.358
38146_at	27.322	27.701	25.231	26.584	30.052	27.537	27.139	27.206
38147_at	22.507	22.33	22.547	23.029	26.362	24.741	21.681	22.559
38148_at	67.564	68.151	67.77	64.887	62.055	68.343	65.497	64.677
38149_at	125.595	120.871	115.632	116.386	125.287	125.294	123.754	127.511
38150_at	15.069	16.963	11.207	15.929	16.165	16.518	10.281	16.267
38151_at	136.442	140.39	133.785	139.139	127.802	144.318	157.929	137.518
38152_at	41.416	46.995	47.644	46.893	41.692	48.642	46.07	49.479
38153_at	41.493	40.696	36.975	39.936	36.684	42.03	40.318	42.827
38154_at	85.287	85.817	83.089	82.417	82.471	89.378	80.582	89.347
38155_at	73.121	81.413	67.024	72.891	76.838	73.902	65.467	77.617
38156_at	84.67	68.272	75.651	69.53	84.795	89.927	82.437	102.919
38157_at	276.546	268.802	260.902	278.951	258.563	264.075	262.264	282.203
38158_at	351.412	338.875	336.439	323.342	374.086	378.21	322.675	402.875
38159_at	35.438	37.488	26.24	35.599	33.551	33.623	37.22	29.795
38160_at	25.953	25.4	23.011	20.942	19.476	23.72	21.09	24.15
38161_at	363.105	376.645	368.225	332.765	328.786	333.034	301.684	322.65
38162_at	170.189	135.387	140.064	136.34	161.905	173.929	136.962	152.852
38163_at	83.08	80.408	86.421	77.178	89.329	91.522	76.446	86.636
38164_at	63.449	63.509	62.454	63.634	59.834	64.358	71.866	64.955
38165_s_at	74.886	73.187	75.18	73.085	74.09	78.169	67.438	81.281
38166_r_at	1493.212	1194.152	1075.186	1210.001	1398.95	1369.348	1271.804	1348.224
38167_at	83.687	74.984	84.749	73.923	77.669	81.112	81.607	79.968
38168_at	19.746	19.668	17.843	17.549	19.015	18.484	20.272	18.756
38169_s_at	90.208	95.961	87.894	89.852	99.665	84.301	88.976	83.17
38170_at	53.679	58.79	48.36	48.434	59.005	60.087	49.095	58.733
38171_at	552.253	460.414	452.301	479.668	545.183	528.098	492.807	584.208
38172_at	62.815	65.062	64.461	70.25	58.435	62.624	65.729	67.744
38173_at	160.372	171.301	175.374	167.915	160.152	156.75	176.666	148.657
38174_at	105.681	102.679	107.37	107.71	111.97	106.814	108.952	112.601
38175_at	46.174	39.949	41.076	45.012	53.439	44.409	43.603	47.05
38176_at	54.2	62.446	60.253	62.112	56.063	61.09	55.211	51.309
38177_at	198.202	182.776	160.434	174.291	267.132	182.223	179.419	201.885
38178_at	78.855	77.277	76.552	75.226	86.072	81.266	84.645	83.308
38179_at	78.072	79.713	67.12	71.67	75.441	75.208	73.565	70.553
38180_f_at	83.388	76.74	72.674	68.933	91.159	72.478	70.405	77.434
38181_at	118.645	127.809	113.099	132.222	112.53	108.742	113.133	117.4
38182_at	178.386	210.389	173.434	221.178	206.028	174.075	189.081	179.571
38183_at	20.835	23.091	17.014	24.615	23.857	22.164	22.753	20.633
38184_at	158.996	141.923	145.497	139.464	166.683	156.783	151.697	151.64
38185_at	56.485	47.931	47.388	53.585	45.456	55.083	44.982	47.328
38186_g_at	159.927	128.912	132.994	123.515	129.078	142.853	123.14	143.544
38187_at	54.745	49.055	42.494	52.596	62.469	56.553	49.569	56.785
38188_s_at	196.476	193.592	203.526	187.252	185.403	180.581	190.258	198.267
38189_s_at	168.214	150.888	155.953	159.133	165.433	155.933	160.957	156.676
38190_r_at	517.128	553.854	525.962	524.516	580.3	565.596	507.985	573.241
38191_at	262.357	235.384	216.973	221.08	224.978	212.32	229.531	221.048
38192_at	86.066	71.826	74.99	75.247	82.296	81.617	81.853	74.925
38193_at	155.858	136.202	135.878	135.748	165.91	159.562	131.826	174.295
38194_s_at	503.363	551.141	478.62	534.666	486.039	477.486	481.349	487.998
38195_at	11.637	13.703	10.219	10.818	11.981	10.729	11.507	14.839
38196_at	31.747	34.175	32.027	30.108	26.454	32.064	34.129	31.615
38197_at	151.067	140.581	118.832	126.741	147.653	144.206	127.351	132.995
38198_at	57.792	40.988	45.734	43.064	51.02	50.627	45.986	51.32
38199_at	168.81	145.165	149.987	143.933	174.427	181.871	144.645	162.147
38200_at	353.423	307.834	355.611	327.714	371.966	366.299	348.047	387.815
38201_at	66.465	66.624	61.046	63.823	63.213	62.569	61.623	64.676
38202_at	395.978	347.474	300.06	289.439	310.801	330.3	343.763	347.171
38203_at	330.449	307.992	294.427	294.266	332.553	307.798	296.262	331.724
38204_at	111.331	100.783	98.823	103.04	104.814	96.256	101.487	117.033
38205_at	111.109	105.184	94.16	103.751	106.071	109.592	111.403	101.411
38206_at	103.912	102.984	94.446	94.361	90.038	90.431	77.557	89.045
38207_at	255.36	240.426	227.895	243.372	252.789	244.225	267.21	263.062
38208_at	1092.047	941.565	886.164	899.54	1035.112	988.452	915.977	1010.934
38209_at	112.347	114.244	109.071	99.922	111.503	109.195	103.594	110.826
38210_at	115.524	114.11	106.727	111.63	105.857	113.887	97.001	112.521
38211_at	27.544	28.26	25.566	25.209	24.674	27.561	31.787	26.261
38212_at	69.272	62.311	63.069	64.78	67.297	64.198	71.676	68.586
38213_at	75.904	78.854	82.559	85.414	90.76	80.342	90.403	86.17
38214_at	149.358	147.29	147.442	132.385	160.37	154.584	138.477	153.82
38215_at	288.814	294.191	273.772	284.642	279.413	271.97	248.344	256.099
38216_at	83.456	87.334	88.502	79.162	82.736	85.058	76.128	83.91
38217_at	285.837	326.73	300.333	319.491	301.309	299.078	337.459	290.017
38218_at	49.109	45.634	45.136	45.734	51.25	45.983	42.406	43.612
38219_at	277.658	268.931	295.867	292.792	287.353	248.504	271.27	255.865
38220_at	43.544	55.203	41.225	52.58	46.058	55.158	43.579	47.506
38221_at	227.657	212.612	228.756	191.702	201.253	211.077	199.303	193.359
38222_at	123.322	134.537	132.71	131.727	135.8	140.554	151.566	139.209
38223_at	96.617	87.97	96.841	97.372	92.152	95.936	100.472	89.934
38224_at	56.051	55.12	52.598	48.681	51.743	54.212	51.659	62.2
38225_at	155.591	149.992	153.95	147.352	160.372	153.437	148.923	173.424
38226_at	185.231	174.15	182.664	185.672	187.334	177.258	203.534	178.461
38227_at	71.042	72.053	64.661	69.313	70.459	67.672	66.294	67.109
38228_g_at	30.831	32.634	30.661	30.317	28.394	35.909	28.255	33.858
38229_at	682.981	666.816	625.895	638.946	696.284	625.993	580.226	627.474
38230_at	273.047	300.659	269.516	298.908	291.944	288.819	296.128	287.253
38231_f_at	161.53	169.354	156.581	182.997	168.432	166.748	143.773	169.777
38232_f_at	179.395	160.175	153.679	178.099	159.145	153.951	162.55	161.01
38233_at	121.088	121.799	115.769	108.79	118.69	127.895	121.807	123.963
38234_at	87.173	81.538	87.836	77.445	96.194	86.744	84.356	102.244
38235_at	133.84	108.706	104.305	102.298	120.489	121.953	128.999	124.348
38236_at	146.541	139.476	140.313	139.278	150.426	153.459	130.104	152.334
38237_at	535.318	449.786	472.298	434.58	442.969	478.272	481.718	483.256
38238_at	86.67	64.884	58.314	60.887	69.957	60.78	54.687	82.751
38239_at	80.643	82.615	74.092	71.088	78.351	74.834	75.106	80.101
38240_at	84.424	76.324	74.543	75.499	83.025	76.523	76.365	74.325
38241_at	34.647	35.912	44.003	45.382	45.539	39.055	50.019	51.336
38242_at	83.388	77.985	79.568	74.959	83.024	86.473	74.77	80.48
38243_at	25.28	26.761	21.198	25.2	24.746	25.255	29.343	19.995
38244_at	18.421	19.336	16.792	20.152	17.258	16.211	17.917	19.29
38245_i_at	22.876	17.734	16.334	16.603	19.65	18.13	21.37	22.43
38246_r_at	19.75	16.353	16.796	19.453	18.908	18.935	21.169	20.221
38247_at	36.32	33.67	36.191	35.168	38.865	36.973	36.278	40.77
38488_s_at	24.02	18.059	21.319	21.175	22.667	21.372	23.447	19.096
38489_at	62.874	52.357	50.717	53.463	53.226	58.59	59.942	59.14
38490_r_at	48.08	48.777	41.352	49.591	52.52	53.041	46.939	48.942
38491_at	177.6	162.782	168.522	167.044	169.675	180.683	164.741	187.353
38492_at	51.161	49.128	47.094	48.235	45.402	43.082	53.983	48.311
38493_at	39.418	42.597	42.216	38.647	45.407	41.046	38.518	43.784
38494_at	159.748	130.089	137.588	134.339	152.544	151.81	116.296	151.467
38495_s_at	163.457	125.319	146.905	137.673	155.927	141.022	132.586	143.116
38496_at	37.184	32.795	33.167	27.162	34.261	27.933	32.723	27.539
38497_at	12.306	16.604	14.771	10.695	12.783	14.259	13.095	13.724
38498_at	83.336	88.002	85.003	82.636	86.007	83.663	78.467	82.326
38499_s_at	58.019	55.015	56.013	55.036	58.8	61.334	53.329	47.448
38500_at	107.869	115.629	124.091	136.563	118.961	112.748	135.221	120.564
38501_s_at	120.098	100.598	103.538	110.099	115.946	122.142	117.34	120.56
38502_at	33.117	35.23	29.2	35.123	39.861	45.014	44.106	42.031
38503_at	78.416	78.576	77.859	80.689	81.035	82.508	75.934	74.431
38504_at	174.377	144.964	143.318	139.228	149.063	143.373	145.058	159.214
38505_at	19.628	19.553	18.234	17.585	17.176	24.018	19.969	21.106
38506_at	477.186	405.012	374.48	380.139	388.959	391.863	433.451	387.296
38507_at	312.134	256.057	263.519	256.59	334.508	327.78	245.881	339.378
38508_s_at	463.688	426.678	393.68	403.746	432.457	413.644	407.006	428.407
38509_at	60.297	49.027	57.341	56.524	53.75	58.988	47.017	66.2
38510_at	35.306	38.409	30.379	27.142	24.121	31.049	27.163	34.802
38511_at	8.902	10.385	10.282	11.597	9.486	10.403	27.524	11.739
38512_r_at	220.481	201.116	211.901	198.99	219.439	237.358	210.639	218.067
38513_at	270.7	224.378	209.474	217.371	255.163	237.225	232.618	227.899
38514_at	20.05	24.508	20.794	20.619	17.052	19.832	22.356	19.157
38515_at	33.927	31.662	33.593	37.232	32.231	33.295	41.477	40.247
38516_at	175.654	168.367	177.042	189.166	176.216	180.193	178.747	166.476
38517_at	288.695	239.703	254.076	238.926	281.015	264.716	256.082	276.525
38518_at	126.18	130.695	119.425	120.763	109.826	113.561	125.458	120.714
38519_at	75.743	72.5	74.173	71.92	81.142	81.366	74.531	87.894
38520_r_at	21.437	15.357	18.002	18.02	20.089	17.372	23.257	16.892
38521_at	334.91	318.069	314.533	309.744	314.369	313.439	290.139	318.921
38522_s_at	51.73	64.197	65.191	68.611	57.86	62.871	69.022	64.23
38523_f_at	70.194	70.563	71.17	73.282	73.568	66.505	82.363	64.201
38524_at	37.516	42.785	34.067	32.649	57.867	32.426	33.483	40.683
38525_at	46.157	52.548	51.757	53.939	50.277	49.105	58.669	52.271
38526_at	80.511	74.023	63.948	70.402	86.094	79.724	77.112	79.127
38527_at	298.915	320.978	295.522	322.52	309.146	307.408	282.596	334.968
38528_at	47.327	41.166	44.809	43.98	49.716	45.284	47.378	48.259
38529_at	201.678	211.299	202.157	206.391	247.002	232.836	201.067	217.024
38530_at	251.201	251.72	239.791	264.143	292.6	276.062	277.271	271.906
38531_at	290.313	256.905	251.07	260.365	277.372	244.331	300.309	285.948
38532_at	60.896	61.809	58.723	58.813	70.883	66.519	58.586	57.525
38533_s_at	66.119	66.65	60.822	66.268	60.289	66.818	66.458	66.096
38534_at	58.918	45.897	50.209	48.115	55.216	59.179	46.291	59.679
38535_at	357.523	344.17	352.054	329.272	350.339	323.006	342.083	337.983
38536_at	18.054	17.168	17.537	16.277	18.122	18.502	17.051	17.259
38537_at	34.019	36.733	36.492	39.177	33.799	36.84	38.758	34.178
38538_at	153.706	128.16	138.634	136.886	147.566	146.126	139.88	156.452
38539_at	54.328	50.147	46.865	51.745	51.059	50.644	49.486	55.91
38540_at	72.32	81.639	74.012	71.555	80.617	75.411	72.735	74.297
38541_at	191.863	188.49	199.304	195.27	190.285	191.545	190.421	189.87
38542_at	974.763	1084.454	1026.736	1116.127	991.586	979.782	968.174	999.976
38543_at	139.181	145.08	140.941	137.937	127.811	131.745	119.536	118.829
38544_at	138.807	136.236	136.97	124.366	141.814	137.148	124.085	144.575
38545_at	372.625	307.793	270.991	264.471	353.329	327.625	316.019	351.396
38546_at	80.06	80.099	79.07	72.812	77.976	79.299	75.603	79.692
38547_at	46.869	45.002	41.625	39.65	37.297	42.404	39.723	42.913
38548_at	21.975	18.902	17.911	16.14	20.033	21.01	17.849	19.31
38549_at	126.884	104.614	105.887	120.936	128.612	122.732	123.221	110.971
38550_at	208.896	185.936	176.35	181.145	189.391	187.452	189.525	202.63
38551_at	234.878	207.34	194.346	195.158	232.418	229.368	204.892	251.641
38552_f_at	53.068	48.433	51.504	49.834	49.994	46.71	48.781	55.167
38553_r_at	69.76	52.993	52.673	49.75	56.134	65.007	57.225	65.902
38554_at	181.442	153.367	166.63	147.181	167.965	168.214	158.408	172.673
38555_at	27.963	20.996	30.597	24.683	24.529	24.201	26.068	23.356
38556_at	176.337	190.244	210.086	188.678	217.102	211.69	167.46	206.338
38557_at	5.741	11.001	7.409	6.563	7.206	10.695	11.291	5.58
38558_at	554.571	501.974	488.574	517.982	536.915	531.359	504.492	532.003
38559_at	46.275	44.582	42.771	44.393	49.064	52.97	42.926	45.44
38560_at	187.364	170.84	144.204	150.615	164.363	161.852	143.678	172.763
38561_at	82.565	87.899	92.627	98.636	89.843	83.605	100.977	94.97
38562_g_at	56.655	45.892	55.917	56.964	69.4	60.344	62.479	63.822
38563_at	59.085	54	55.727	51.87	51.646	52.084	54.221	58.032
38564_at	128.622	106.559	102.538	98.575	115.642	114.642	114.497	130.625
38565_at	129.444	125.05	117.128	132.682	144.368	121.492	136.439	117.808
38566_at	71.429	61.873	70.088	61.814	63.02	68.992	56.374	58.158
38567_at	61.871	52.603	51.978	50.276	52.514	47.725	53.242	60.137
38568_at	57.277	66.189	58.873	61.201	55.096	58.229	61.616	52.882
38569_at	258.441	244.755	255.185	242.24	241.744	255.682	250.732	263.76
38570_at	74.096	74.326	66.16	63.942	78.829	76.803	66.207	73.51
38571_at	76.058	80.378	72.581	74.103	78.153	82.516	74.539	80.708
38572_at	102.076	115.739	101.671	92.489	103.488	98.283	91.059	91.113
38573_at	61.71	59.058	54.085	58.716	59.759	66.012	57.49	60.018
38574_at	65.314	59.127	51.526	53.229	53.789	52.255	55.867	51.335
38575_at	18.255	21.461	22.246	23.448	16.683	22.585	17.565	24.806
38576_at	73.613	63.601	68.354	64.557	61.183	68.341	58.798	63.211
38577_at	105.881	116.584	96.228	102.654	117.281	118.432	102.953	119.514
38578_at	51.655	47.597	51.613	47.459	48.916	50.148	47.408	49.058
38579_at	132.541	114.293	122.618	115.812	146.393	135.16	135.128	124.833
38580_at	97.096	87.917	91.921	87.234	95.928	90.647	86.604	92.297
38581_at	54.451	53.375	48.714	46.083	70.85	56.538	50.681	60.071
38582_at	7400.643	8175.085	7790.158	7866.095	7381.199	7491.742	7329.797	7091.9
38583_at	27.079	29.427	22.718	29.088	35.613	25.752	29.846	24.349
38584_at	96.933	100.813	90.484	81.948	94.377	97.727	84.664	107.219
38585_at	82.785	84.639	88.678	84.149	90.822	82.408	91.927	81.901
38586_at	40.847	47.417	37.436	40.709	39.984	40.612	44.563	38.887
38587_at	9.96	12.189	12.995	10.408	15.134	11.897	14.845	11.643
38588_at	63.646	58.252	54.856	53.974	60.306	61.823	66.716	64.118
38589_i_at	234.421	260.025	239.971	247.36	223.951	221.996	246.031	229.163
38590_r_at	1267.058	1396.842	1333.025	1374.533	1320.617	1196.695	1373.176	1274.627
38591_at	135.665	124.55	112.626	126.306	125.026	140.209	100.333	128.427
38592_s_at	212.176	209.681	212.574	210.63	212.696	217.867	215.777	211.577
38593_r_at	34.235	30.734	32.246	31.524	32.873	38.841	29.626	31.25
38594_i_at	292.726	293.976	280.015	260.362	269.427	277.259	283.257	276.818
38595_r_at	291.596	274.777	299.995	288.632	286.632	266.659	313.645	258.634
38596_i_at	39.345	31.627	30.148	28.648	36.119	36.994	34.128	33.536
38597_f_at	136.531	133.418	133.017	126.968	127.165	129.17	117.767	137.251
38598_at	41.366	31.861	36.819	36.785	35.323	37.322	35.513	34.974
38599_s_at	479.474	436.807	454.84	439.774	434.213	431.65	469.7	483.449
38600_r_at	48.5	49.913	45.64	53.642	63.047	56.826	52.362	56.677
38601_at	179.481	165.475	158.137	157.681	172.582	166.082	177.47	174.267
38602_at	104.611	117.039	109.347	103.755	126.531	112.484	103.729	117.847
38603_at	28.036	33.637	24.034	31.78	29.759	34.991	29.094	35.866
38604_at	46.754	43.525	44.445	40.19	40.263	43.368	45.751	44.875
38605_at	485.423	521.791	473.361	485.731	449.834	447.942	461.443	473.335
38606_at	45.31	37.357	34.163	37.321	44.595	42.813	34.592	41.529
38607_at	162.295	152.964	154.084	162.387	157.404	163.292	144.458	156.169
38847_at	36.6	36.89	43.124	38.811	45.901	46.335	37.094	42.909
38848_at	184.356	189.318	183.32	184.276	170.569	190.787	180.64	182.35
38849_at	54.151	57.389	49.07	47.677	46.502	53.178	47.957	56.327
38850_at	174.606	171.311	160.19	181.035	162.814	172.379	171.102	169.973
38851_at	236.374	232.608	235.848	233.573	233.45	273.207	217.788	236.162
38852_at	95.53	87.72	88.711	94.686	104.933	94.243	91.133	97.466
38853_at	87.227	84.706	88.787	82.536	79.408	85.725	65.948	84.623
38854_at	90.687	81.082	85.35	84.018	95.014	95.355	89.92	93.188
38855_s_at	80.832	79.59	67.32	65.86	67.147	70.715	76.249	72.088
38856_at	50.349	50.22	44.31	47.451	47.245	49.706	46.134	49.858
38857_r_at	23.227	23.454	21.111	24.806	23.508	23.745	26.342	24.241
38858_at	256.589	298.568	263.082	288.685	271.186	253.55	246.407	238.943
38859_at	88.055	97.62	95.858	86.014	87.693	88.092	88.114	94.369
38860_at	118.573	123.492	130.87	126.01	137.655	125.713	137.65	129.094
38861_at	35.051	31.142	32.069	34.473	32.74	31.371	32.963	28.805
38862_at	205.814	190.52	183.034	184.487	196.25	178.91	184.076	188.495
38863_at	71.998	61.376	77.098	70.717	78.67	72.962	62.302	70.36
38864_at	141.019	140.723	143.708	145.352	144.027	151.409	152.502	158.078
38865_at	264.359	249.31	240.384	271.561	287.523	290.566	246.597	286.057
38866_at	45.255	53.814	55.21	44.318	49.682	52.733	48.893	55.816
38867_g_at	28.993	33.395	32.578	31.39	32.17	34.014	29.92	36.864
38868_at	218.277	180.073	209.728	173.137	192.359	196.885	193.214	208.019
38869_at	43.945	35.922	39.639	36.818	41.743	37.679	40.465	46.136
38870_at	100.367	96.637	97.93	106.807	102.67	99.997	100.651	108.274
38871_at	39.946	35.488	37.358	31.446	40.586	40.053	41.008	43.436
38872_at	27.454	26.938	23.609	26.738	22.879	28.364	21.721	23.974
38873_at	42.72	41.167	42.904	36.685	40.213	40.438	41.882	39.256
38874_s_at	150.176	90.601	152.852	148.794	165.006	171.305	152.308	166.015
38875_r_at	11.466	11.858	11.829	12.52	13.902	12.82	11.427	8.994
38876_at	59.591	57.541	56.967	52.846	54.569	57.436	52.613	57.542
38877_s_at	112.325	114.493	123.338	127.686	116.046	121.203	119.159	126.075
38878_at	172.929	168.173	165.593	164.924	184.268	179.671	184.422	188.126
38879_at	156.112	164.919	148.318	167.676	152.395	150.245	158.69	152.143
38880_at	108.752	105.03	87.905	88.677	89.817	92.251	84.248	89.71
38881_i_at	90.929	85.587	87.122	80.478	93.515	91.927	81.222	86.994
38882_r_at	451.687	384.337	415.264	412.838	495.899	431.006	409.044	465
38883_at	253.827	255.594	241.684	249.654	283.359	274.328	234.328	287.185
38884_at	136.962	121.346	125.025	112.161	135.225	132.33	112.016	118.406
38885_at	163.601	177.864	189.418	218.227	181.327	175.346	223.53	199.164
38886_i_at	18.604	20.314	16.205	16.848	15.813	15.026	15.628	15.141
38887_r_at	40.479	46.397	34.769	40.679	37.808	36.597	31.476	39.288
38888_at	11.255	8.014	12.495	12.356	14.388	13.378	12.889	9.525
38889_at	106.295	115.069	112.478	107.805	112.36	112.742	105.606	110.986
38890_at	128.203	109.391	130.932	110.361	116.241	113.081	111.798	121.091
38891_at	9.138	6.39	7.658	11.076	8.878	9.803	6.578	8.881
38892_at	43.455	49.398	45.358	44.519	43.884	47.306	46.825	47.685
38893_at	136.083	137.46	143.916	142.949	143.646	148.531	140.086	139.944
38894_g_at	169.114	154.824	149.779	156.67	166.224	149.097	145.658	156.926
38895_i_at	39.112	42.386	41.503	35.719	37.866	38.166	40.78	30.976
38896_at	97.619	101.569	95.79	99.496	93.043	92.68	91.496	98.947
38897_at	198.988	180.129	183.694	166.826	184.68	197.377	173.624	186.386
38898_at	81.712	78.658	82.602	74.801	80.645	72.077	67.008	73.316
38899_s_at	116.793	117.681	109.654	112.647	101.889	108.728	102.434	108.479
38900_at	49.477	45.689	42.387	44.793	46.551	46.755	46.786	43.555
38901_at	310.439	307.19	310.623	311.387	293.38	324.521	297.608	280.728
38902_r_at	12.037	13.55	14.404	16.124	17.881	17.674	12.759	17.65
38903_at	74.101	83.196	79.922	79.54	77.841	80.869	72.861	69.323
38904_at	65.93	57.644	62.653	55.902	69.533	62.384	62.353	62.137
38905_at	56.686	57.01	63.778	55.655	58.402	53.445	61.437	54.437
38906_at	42.889	39.08	49.144	54.756	50.204	42.989	55.518	47.428
38907_at	41.715	40.369	44.477	45.212	45.894	44.489	60.492	42.322
38908_s_at	81.829	88.878	88.326	86.54	81.08	94.435	85.871	91.388
38909_at	125.941	122.063	123.975	115.25	126.526	134.433	124.85	137.379
38910_at	32.649	26.06	26.923	25.26	28.023	28.786	28.653	30.575
38911_at	65.538	63.425	61.964	55.453	62.427	67.117	54.598	74.682
38912_at	31.686	29.198	31.759	28.971	28.905	30.002	37.023	33.429
38913_at	37.289	36.198	34.493	37.484	37.567	33.599	36.587	37.284
38914_at	82.989	70.124	82.279	76.545	76.994	90.007	75.905	85.685
38915_at	70.496	68.256	65.948	66.357	68.626	74.437	67.889	71.41
38916_at	82.833	72.537	69.24	61.033	74.759	80.892	64.708	90.385
38917_at	100.407	136.818	118.496	120.781	120.804	139.053	117.863	131.843
38918_at	184.178	162.927	161.821	165.438	162.941	167.719	171.925	176.895
38919_at	27.941	24.756	26.272	26.281	31.853	29.633	27.332	28.918
38920_at	67.003	58.718	54.061	53.925	66.388	68.138	50.861	64.952
38921_at	256.325	256.346	267.453	239.963	274.969	258.57	244.553	241.564
38922_at	164.768	155.778	135.116	126.73	158.897	159.07	145.475	163.076
38923_at	68.521	67.727	61.054	62.651	75.98	68.794	69.119	68.539
38924_s_at	67.691	84.969	70.214	84.622	63.052	62.066	75.733	65.629
38925_at	11.236	10.976	9.944	9.425	9.757	11.716	13.421	10.106
38926_at	47.055	38.154	40.771	35.083	42.695	44.342	35.918	51.938
38927_i_at	21.006	21.864	21.673	17.605	23.435	18.365	18.39	20.202
38928_r_at	80.682	68.646	75.352	73.423	86.449	81.193	73.334	73.27
38929_at	44.737	38.064	34.252	40.988	38.724	37.004	39.862	44.453
38930_at	32.586	28.557	28.853	29.529	29.693	28.986	30.611	30.341
38931_at	12.965	14.521	11.817	11.118	10.497	9.734	10.93	10.913
38932_at	91.411	92.19	95.042	94.802	100.936	98.608	88.453	89.669
38933_at	97.892	91.464	96.435	83.985	87.791	93.029	84.928	97.948
38934_at	146.598	146.885	115.692	146.928	148.175	138.15	136.165	137.512
38935_at	57.925	68.991	64.855	69.731	69.881	60.031	55.194	53.982
38936_at	16615.182	16389.404	16142.459	16094.459	16358.175	16296.608	16149.965	16290.374
38937_at	468.129	372.703	369.447	371.008	395.572	407.759	378.797	405.011
38938_at	15.979	12.928	12.898	13.499	17.493	20.211	12.295	18.022
38939_r_at	29.19	27.688	26.179	27.622	28.875	31.048	20.515	22.537
38940_at	10.705	7.087	12.74	14.128	8.932	12.935	12.732	10.176
38941_s_at	12.04	11.814	13.822	9.971	10.804	10.213	10.357	13.461
38942_r_at	265.081	257.106	268.612	240.088	252.227	245.12	221.913	252.077
38943_at	112.011	120.615	101.508	89.394	107.443	109.074	109.013	100.255
38944_at	84.959	92.223	92.5	85.316	90.56	81.843	84.907	80.415
38945_at	46.393	40.433	44.023	42.319	42.499	44.129	39.095	41.909
38946_at	48.514	43.158	39.131	43.475	51.618	48.631	44.476	45.652
38947_at	99.658	89.241	91.23	83.351	109.116	103.97	99.925	104.628
38948_at	59.855	64.747	63.953	58.172	60.308	61.096	54.967	51.785
38949_at	103.303	93.356	96.204	85.112	97.586	152.724	91.661	108.501
38950_r_at	445.394	407.683	416.882	375.648	413.323	422.167	423.436	424.909
38951_at	93.717	99.432	87.567	95.687	92.105	93.293	88.615	90.832
38952_s_at	127.079	112.737	122.541	112.311	123.754	125.449	122.019	131.874
38953_at	184.66	166.564	175.503	157.398	183.841	176.704	188.729	178.033
38954_at	164.08	144.289	160.384	139.125	150.033	157.362	136.213	151.212
38955_at	121.881	105.275	104.024	93.396	122.847	114.989	115.542	112.193
38956_at	282.298	278.646	273.577	274.696	312.465	306.349	243.216	316.101
38957_at	121.647	102.658	107.736	118.207	126.414	113.239	95.987	109.808
38958_at	54.525	48.624	48.299	51.757	52.491	55.046	52.75	46.828
38959_s_at	108.99	99.836	98.458	88.47	91.984	106.863	91.694	110.413
38960_at	246.067	231.826	211.558	210.837	228.453	223.866	216.825	226.031
38961_at	44.72	40.502	40.152	38.389	44.283	44.774	35.338	41.684
38962_at	179.303	164.987	158.079	142.526	152.825	173.158	148.729	162.937
38963_i_at	1161.357	921.63	999.296	903.521	1094.382	1090.068	1064.056	1144.023
38964_r_at	360.107	348.079	343.991	352.132	363.522	377.51	348.418	370.627
38965_at	120.845	96.445	104.172	87.679	103.918	108.106	98.436	108.634
39206_s_at	92.305	92.648	95.283	91.007	98.405	90.179	87.699	81.197
39207_r_at	77.784	83.04	73.086	77.799	75.045	78.486	78.157	77.658
39208_i_at	21.6	15.787	27.406	11.761	19.214	18.701	17.904	26.448
39209_r_at	19.044	16.575	20.708	19.843	21.816	21.124	18.943	20.477
39210_at	84.936	91.236	95.795	88.221	83.891	84.386	87.041	82.711
39211_at	185.013	176.539	170.004	167.693	176.579	171.377	158.757	171.525
39212_at	68.082	51.227	55.801	46.462	55.539	63.154	51.755	57.754
39213_at	11.746	9.947	12.424	9.744	8.756	21.844	8.651	12.469
39214_at	73.872	66.34	65.838	62.174	76.465	75.019	74.388	75.597
39215_at	67.841	53.639	63.803	60.832	62.945	60.514	62.84	68.691
39216_at	49.12	49.298	46.666	56.893	41.404	44.546	49.902	50.879
39217_at	185.102	176.424	182.615	169.704	185.113	184.674	150.691	181.501
39218_at	58.438	49.659	42.716	46.958	58.087	53.134	53.034	55.999
39219_at	47.327	57.045	43.16	55.62	45.537	39.346	46.566	39.327
39220_at	133.406	118.518	123.406	113.668	134.017	131.624	118.939	127.324
39221_at	48.632	46.654	42.295	46.426	43.597	43.226	36.694	45.946
39222_at	25.713	25.728	28.272	23.693	20.767	19.571	25.343	23.632
39223_at	123.258	122.66	110.804	121.848	117.889	122.999	107.543	120.577
39224_at	53.121	48.866	48.033	47.845	45.582	48.47	43.361	46.675
39225_at	83.473	88.601	97.136	88.078	87.249	86.023	89.683	90.659
39226_at	59.268	51.837	57.246	56.99	52.203	52.758	54.478	52.754
39227_at	37.143	45.431	38.775	38.503	41.002	44.206	37.85	37.979
39228_at	43.162	50.086	44.216	44.292	43.009	42.635	46.421	51.96
39229_at	409.892	371.929	363.989	336.069	395.909	395.7	365.042	399.541
39230_at	126.068	107.335	116.288	99.353	121.238	122.061	102.916	139.847
39231_at	55.972	57.326	54.477	59.321	51.964	54.902	57.596	52.364
39232_at	21.052	20.948	17.737	17.652	21.98	23.775	23.15	21.996
39233_at	15.417	16.432	11.689	14.918	16.366	12.139	13.488	10.951
39234_at	376.099	351.16	355.108	371.416	367.935	362.197	344.944	397.354
39235_at	201.651	219.077	217.678	217.396	225.639	202.078	223.993	228.793
39236_s_at	139.241	153.491	139.309	146.496	144.031	141.783	145.483	150.288
39237_at	146.995	137.151	139.185	120.421	151.41	155.174	127.098	156.332
39238_at	133.193	130.81	134.444	146.222	148.587	143.828	128.348	138.872
39239_at	195.186	176.875	180.104	188.124	196.084	181.799	169.816	189.405
39240_at	66.458	59.256	64.005	57.703	71.583	70.497	55.62	76.866
39241_at	54.472	44.885	46.172	39.346	60.754	58.769	73.521	48.938
39242_at	183.468	149.183	166.766	158.712	186.911	185.497	158.566	184.607
39243_s_at	59.488	58.368	51.558	57.162	52.86	52.735	48.431	55.628
39244_at	69.508	73.962	61.988	71.522	70.263	73.919	73.639	76.524
39245_at	170.803	151.229	147.248	143.845	166.919	161.333	152.91	168.261
39246_at	25.474	22.538	23.681	21.652	23.171	20.557	23.886	24.173
39247_at	21.838	22.012	25.243	18.655	24.764	19.643	18.785	20.068
39248_at	441.525	491.167	462.853	468.731	449.809	427.679	456.308	466.603
39249_at	204.921	203.314	204.442	182.991	201.415	206.042	188.182	205.194
39250_at	33.528	35.197	32.247	29.579	36.887	36.527	35.871	34.39
39251_at	127.077	165.947	136.049	142.6	135.196	147.885	143.971	134.901
39252_at	79.841	86.34	72.845	85.658	82.228	84.264	66.656	77.173
39253_s_at	28.401	29.275	21.22	28.594	27.247	29.304	27.881	22.85
39254_at	230.05	217.836	211.521	191.006	224.495	218.117	208.811	205.344
39255_at	232.943	219.345	199.367	229.273	240.297	217.158	225.867	225.838
39256_at	221.041	180.843	180.395	179.754	183.153	200.036	194.445	197.317
39257_at	23.655	28.506	22.453	27.164	25.31	25.539	22.029	27.491
39258_at	78.009	76.265	77.861	73.786	69.158	79.791	71.84	71.852
39259_at	55.498	55.82	54.024	56.156	56.098	61.983	48.417	57.563
39260_at	7.213	11.456	8.046	9.857	7.349	8.515	6.807	9.431
39261_at	185.642	191.821	212.673	188.118	195.351	200.385	193.559	192.953
39262_at	402.795	425.217	440.456	403.952	421.34	405.42	399.677	433.815
39263_at	141.287	147.682	153.722	155.443	147.084	155.84	133.393	146.958
39264_at	147.831	122.664	137.672	135.886	146.275	134.501	154.194	147.265
39265_at	39.159	47.731	39.422	35.102	41.282	37.933	36.559	39.378
39266_at	57.891	59.146	55.175	55.407	63.799	60.957	58.457	60.042
39267_at	35.712	41.982	35.016	37.911	33.48	33.547	41.983	37.23
39268_at	253.578	270.845	232.457	225.353	258.691	262.405	250.959	264.036
39269_at	40.439	37.279	39.385	36.827	36.817	35.905	37.093	35.321
39270_at	164.362	161.306	141.572	133.157	135.318	157.887	154.649	157.831
39271_at	80.457	72.23	66.966	70.203	75.922	71.916	64.398	76.349
39272_g_at	154.136	144.437	137.012	140.945	148.411	149.007	140.547	151.237
39273_at	38.561	45.389	37.275	40.208	41.679	45.001	33.774	36.818
39274_at	219.91	200.3	234.876	225.653	253.257	235.627	240.475	223.863
39275_at	49.304	41.583	47.172	44.637	42.855	49.419	45.098	45.046
39276_g_at	215.005	225.685	211.766	201.475	225.456	223.039	193.908	227.002
39277_at	64.317	62.437	55.887	61.444	61.674	60.848	58.709	60.028
39278_at	132.813	115.678	109.832	101.146	127.313	120.359	107.575	118.561
39279_at	38.68	32.6	37.731	32.614	37.845	35.833	42.534	43.207
39280_at	157.621	142.132	149.467	146.046	151.836	143.478	162.177	155.533
39281_at	81.2	80.271	84.652	81.764	89.793	81.545	77.602	81.182
39282_at	11.406	13.488	10.41	9.252	13.654	8.983	11.367	9.369
39283_at	131.832	125.21	121.039	110.46	119.537	128.102	127.28	144.231
39284_at	67.341	50.34	53.925	48.061	63.452	58.772	55.978	67.131
39285_at	52.506	46.215	47.808	44.547	54.719	50.742	55.086	49.381
39286_at	69.343	64.922	72.77	67.75	70.8	66.64	65.529	73.4
39287_at	81.013	73.178	67.955	64.789	79.316	72.571	65	76.164
39288_at	1032.21	964.049	913.449	996.114	1075.792	1076.055	1011.922	1079.696
39289_at	15.349	14.995	14.218	14.844	15.384	16.21	14.455	16.607
39290_f_at	131.406	117.297	113.794	113.824	127.395	120.605	119.3	130.164
39291_at	106.073	93.028	108.079	87.473	115.902	107.88	86.104	105.155
39292_r_at	64.079	60.884	56.143	56.605	57.041	58.515	57.988	59.669
39293_at	30.625	25.567	25.981	32.297	30.654	25.071	32.042	27.638
39294_at	115.186	106.419	109.821	106.113	113.494	114.53	105.389	110.439
39295_s_at	42.58	55.678	47.648	56.706	51.859	48.762	55.179	53.191
39296_at	103.48	102.006	91.432	92.712	88.442	94.929	95.879	99.492
39297_at	38.572	41.866	42.405	37.525	41.531	41.043	39.369	38.272
39298_at	32.901	36.563	33.708	38.565	38.239	37.845	32.495	35.784
39299_at	19.867	16.779	19.059	15.949	18.204	16.425	16.731	16.373
39300_at	101.146	95.209	119.244	114.417	117.766	99.931	131.255	108.762
39301_at	102.67	92.208	92.619	98.029	90.4	98.534	93.382	97.664
39302_at	32.243	34.639	35.407	34.326	33.456	33.351	29.412	31.189
39303_at	199.147	192.99	197.287	179.204	194.931	196.932	177.433	179.799
39304_g_at	51.137	46.815	48.881	45.45	50.135	52.344	47.065	45.616
39305_at	104.204	103.75	111.408	111.201	115.598	109.624	94.89	107.06
39306_at	226.719	210.974	219.861	215.179	209.678	213.221	204.548	221.166
39307_s_at	65.411	61.285	64.156	65.919	58.947	59.998	58.741	62.499
39308_r_at	61.206	57.092	52.817	52.401	63.957	64.126	57.426	67.935
39309_at	123.526	118.38	112.508	94.989	121.414	122.047	118.735	122.874
39310_at	118.371	96.201	100.907	84.815	103.421	111.621	119.706	116.693
39311_at	233.274	233.349	242.71	220.498	246.982	244.745	236.274	247.603
39312_r_at	13.843	9.367	12.416	12.307	14.728	16.081	12.839	12.167
39313_at	25.89	26.407	29.307	23.333	23.407	26.407	28.9	27.988
39314_at	153.1	151.901	146.476	150.882	157.077	156.813	141.137	156.759
39315_at	106.473	94.052	93.89	86.232	105.839	102.107	102.246	111.952
39316_at	253.406	263.523	262.685	252.412	250.994	253.854	233.649	249.276
39317_at	71.991	72.949	72.023	74.842	80.254	76.609	66.841	72.149
39318_at	76.881	82.625	75.059	76.707	77.122	86.94	68.148	83.953
39319_at	32.235	29.275	31.849	31.448	26.644	29.031	28.21	27.462
39320_at	68.74	66.833	73.108	73.192	84.105	76.801	67.773	83.633
39321_at	55.758	52.498	47.124	46.95	54.307	53.021	50.242	52.319
39322_at	677.347	695.362	623.039	754.376	674.659	696.784	549.922	625.773
39323_at	144.564	144.687	139.43	132.274	134.682	131.269	132.313	140.506
39324_at	26.94	23.706	20.821	23.927	21.581	22.693	25.7	27.521
39325_at	190.185	166.647	157.516	166.878	204.845	175.781	151.543	184.246
39565_at	37.378	33.397	31.804	33.438	30.251	33.216	34.251	35.403
39566_at	56.823	52.424	44.106	48.333	55.139	54.582	51.969	59.328
39567_at	230.312	209.581	211.516	199.75	223.951	228.41	209.648	243.513
39568_g_at	139.306	130.607	138.047	146.291	167.726	163.276	140.608	161.446
39569_at	545.98	476.979	463.458	470.014	498.012	500.173	428.15	535.743
39570_at	202.999	185.59	172.096	179.704	195.407	196.491	182.879	192.201
39571_at	84.16	70.18	82.653	82.628	92.589	89.634	76.55	76.81
39572_at	27.009	25.155	23.519	24.155	27.257	33.268	23.558	28.464
39573_at	70.088	72.28	65.01	55.243	70.749	68.333	64.388	73.393
39574_at	165.019	164.049	169.59	154.9	163.713	169.46	160.568	173.945
39575_at	22.135	22.357	21.969	21.329	19.866	21.947	20.133	21.498
39576_at	42.867	42.092	43.119	39.859	40.695	39.54	38.516	37.025
39577_at	34.66	31.86	38.34	35.573	41.189	40.662	39.554	36.831
39578_at	123.464	135.24	144.737	148.343	133.81	128.551	154.123	137.71
39579_at	460.625	512.392	486.668	506.451	447.698	446.872	482.044	449.04
39580_at	173.941	161.845	160.067	154.161	166.086	177.26	168.114	170.152
39581_at	25.563	24.846	26.205	23.75	25.972	23.424	23.847	24.596
39582_at	83.489	94.53	98.46	107.276	96.933	92.465	105.402	99.494
39583_at	678.988	696.251	676.155	676.55	631.436	651.791	623.271	643.365
39584_at	29.435	35.022	28.496	28.854	30.195	32.101	33.203	26.882
39585_at	108.193	107.69	109.47	102.805	105.274	111.103	104.888	110.931
39586_at	114.011	103.182	100.468	97.016	108.356	108.949	103.782	103.482
39587_at	153.61	157.51	174.126	168.563	167.352	168.794	169.476	168.563
39588_at	212.583	212.168	206.412	208.016	207.115	209.475	220.862	213.921
39589_at	34.081	36.368	31.305	34.97	35.303	32.583	37.425	36.921
39590_at	110.539	112.515	106.747	95.35	114.857	106.209	97.71	100.705
39591_s_at	90.418	84.751	71.818	79.112	87.114	89.912	84.909	86.805
39592_r_at	46.904	59.667	38.394	44.844	48.059	49.068	42.552	39.955
39593_at	40.805	44.894	37.804	40.583	41.188	42.321	37.778	41.797
39594_f_at	2186.75	2250.009	2175.534	2065.239	2255.987	2244.135	2259.369	2334.416
39595_at	44.666	53.636	41.941	41.793	43.416	42.265	51.612	41.635
39596_at	67.703	57.495	56.629	61.443	65.573	61.682	66.437	70.176
39597_at	43.92	42.987	42.291	38.004	48.289	44.103	39.967	39.957
39598_at	197.785	200.364	193.963	198.755	187.912	182.303	199.278	197.758
39599_at	67.939	59.112	65.56	53.401	65.342	62.554	63.939	75.691
39600_at	5.161	6.609	4.678	8.599	6.162	4.853	7.748	6.557
39601_at	418.154	389.134	384.007	381.353	411.896	419.23	407.255	397.598
39602_at	85.016	76.535	80.456	77.181	81.577	85.35	91.045	91.345
39603_at	251.332	249.199	242.656	258.522	229.454	247.421	226.409	253.318
39604_at	44.594	46.923	41.147	40.24	48.115	37.877	41.644	41.579
39605_at	26.84	26.725	30.612	36.501	32.076	27.804	35.108	31.938
39606_at	211.854	212.569	246.646	247.535	245.243	242.713	248.569	207.866
39607_at	59.314	52.34	61.148	52.666	57.687	60.532	54.253	58.687
39608_at	29.287	28.395	26.13	22.103	24.906	25.633	26.833	28.493
39609_at	159.004	158.999	155.648	155.975	168.183	162.772	139.399	159.225
39610_at	116.143	92.905	90.852	79.495	116.452	108.626	87.585	111.074
39611_at	199.517	178.511	186.384	164.026	186.543	174.803	143.473	168.866
39612_at	100.439	97.971	88.61	91.926	107.061	102.139	88.525	101.34
39613_at	74.198	68.218	57.605	69.45	80.781	80.298	68.257	89.878
39614_at	147.037	144.743	152.261	145.702	143.647	134.589	146.136	128.972
39615_at	240.368	179.93	209.679	212.992	222.202	196.852	267.091	189.986
39616_at	59.176	58.374	51.976	50.409	57.475	48.595	51.012	53.297
39617_at	36.165	32.788	27.953	34.864	37.361	29.449	32.9	27.229
39618_at	17.032	21.91	22.389	24.034	20.294	20.214	27.933	21.213
39619_at	316.647	299.976	328.323	288.755	299.859	307.516	306.358	271.397
39620_at	96.918	93.578	96.603	93.06	102.355	97.203	77.106	94.873
39621_at	28.761	29.691	24.322	25.458	29.006	26.579	26.572	26.968
39622_at	76.105	71.658	75.965	75.615	75.393	71.042	81.401	69.881
39623_at	32.746	37.593	36.072	25.246	39.738	37.221	25.464	38.097
39624_at	272.454	282.118	260.001	272.697	293.777	271.584	276.652	269.088
39625_at	38.382	40.4	37.286	37.906	44.987	44.334	39.168	40.899
39626_s_at	153.653	149.475	147.25	147.562	143.73	149.907	156.014	151.611
39627_at	31.698	25.778	28.147	29.591	23.874	27.585	25.516	29.443
39628_at	100.344	110.715	106.494	105.819	103.434	102.414	116.68	113.633
39629_at	53.086	51.08	46.601	43.812	48.938	47.959	39.901	54.726
39630_at	56.418	49.108	48.684	57.233	43.951	53.006	61.17	54.603
39631_at	84.751	78.729	82.179	70.498	72.382	80.011	81.919	88.205
39632_at	35.211	41.49	39.939	44.947	41.016	39.777	44.466	46.69
39633_at	133.885	125.015	139.125	124.345	134.413	135.724	111.969	141.505
39634_at	80.752	81.101	91.413	94.375	81.104	86.715	98.077	96.009
39635_at	97.558	74.283	82.424	68.805	88.123	80.224	82.096	84.323
39636_at	35.477	38.058	36.235	32.334	34.873	35.891	34.524	41.76
39637_at	36.351	35.603	33.231	32.9	34.392	36.613	35.705	39.074
39638_at	181.116	163.035	170.631	144.229	164.103	168.992	152.987	168.769
39639_s_at	134.072	118.001	112.843	113.061	124.121	128.484	111.653	132.423
39640_at	1516.802	1230.621	1364.418	1204.135	1495.862	1607.418	1290.527	1546.307
39641_at	155.153	136.5	139.28	127.473	125.646	129.427	139.731	131.967
39642_at	89.139	88.107	89.966	100.504	87.89	88.649	103.29	100.579
39643_at	26.227	25.656	25.085	23.305	25.74	32.366	28.035	26.217
39644_at	33.107	32.038	29.97	27.494	32.203	28.624	33.173	31.253
39645_r_at	893.602	834.167	797.325	764.142	901.758	887.029	772.157	902.631
39646_at	31.071	33.864	30.143	25.355	30.569	28.913	36.831	36.395
39647_s_at	81.523	78.4	81.22	77.645	80.408	85.695	75.368	82.402
39648_at	44.876	47.692	44.214	49.671	45.193	43.56	46.201	42.909
39649_at	298.859	284.01	271.108	279.655	289.617	320.508	240.926	302.923
39650_s_at	390.323	313.364	364.707	286.933	346.526	378.585	308.356	407.921
39651_at	478.605	434.343	405.095	439.072	512.421	492.509	432.714	511.218
39652_at	33.76	27.348	30.202	33.089	35.862	34.258	28.852	37.418
39653_at	25.893	19.975	24.526	24.543	21.768	25.698	18.911	22.049
39654_at	52.191	57.121	56.588	59.361	54.472	48.261	60.076	50.072
39655_at	91.566	72.686	86.386	79.107	81.851	93.25	78.089	86.609
39656_at	114.368	100.729	102.65	101.589	112.432	112.623	109.772	109.27
39657_at	1123.77	868.004	1039.894	848.418	874.648	1039.305	1107.723	1011.68
39658_at	84.334	80.243	87.754	83.728	91.326	93.587	98.217	90.544
39659_at	96.289	95.216	92.007	100.099	88.089	85.783	95.057	77.654
39660_at	1573.371	1724.647	1846.094	1815.146	1773.419	1767.429	1796.766	1752.865
39661_s_at	75.847	69.058	77.543	73.011	74.163	71.069	66.739	74.04
39662_s_at	196.829	208.32	218.253	185.07	184.253	189.655	165.754	200.678
39663_at	175.635	162.761	165.819	184.105	192.621	183.19	187.494	176.144
39664_at	139.365	141.235	151.715	144.699	119.217	141.954	171.307	130.472
39665_at	129.969	120.335	119.779	122.494	123.917	122.471	122.968	113.397
39666_at	139.983	133.263	133.845	125.346	157.207	142.48	101.737	137.637
39667_at	369.359	361.507	351.428	365.867	369.641	348.712	341.924	356.001
39668_at	47.411	51.71	47.279	47.116	44.395	44.22	40.964	50.31
39669_at	145.406	131.019	133.285	135.871	145.102	146.846	123.008	152.425
39670_at	239.112	214.721	234.684	231.118	249.532	228.254	224.728	242.421
39671_at	24.123	26.646	28.711	27.716	27.834	33.897	28.022	30.836
39672_at	118.931	113.728	108.748	105.444	120.941	109.722	110.626	121.211
39673_i_at	77.403	82.216	79.907	78.88	76.888	84.625	83.332	85.965
39674_r_at	85.338	83.776	82.499	77.139	85.234	86.388	78.807	88.281
39675_at	196.952	185.667	176.218	177.341	212.243	202.386	204.523	204.681
39676_at	69.61	71.277	69.828	60.669	78.834	74.059	67.204	72.589
39677_at	23.787	31.003	28.528	23.634	30.044	30.119	25.319	26.561
39678_at	71.882	76.228	67.44	67.516	66.208	63.879	69.946	74.281
39679_at	114.324	116.523	116.255	107.412	114.822	117.683	103.757	116.558
39680_at	8.389	8.508	10.097	7.517	10.45	5.159	11.078	10.156
39681_at	228.428	239.4	229.304	226.348	258.085	247.944	236.5	266.459
39682_at	54.94	49.337	47.762	47.273	50.489	48.055	46.802	50.395
39683_at	213.863	212.992	209.118	205.702	226.716	226.855	211.228	213.431
39684_at	184.57	168.123	162.241	173.422	173.48	173.165	181.6	185.637
39925_at	237.296	214.916	195.347	198.242	201.907	240.788	195.024	243.579
39926_at	19.199	16.195	16.609	17.897	13.418	15.887	22.562	15.224
39927_at	40.916	28.643	36.173	23.425	37.483	35.764	33.855	35.964
39928_at	150.656	105.548	112.743	92.721	103.326	117.595	110.356	130.663
39929_at	187.016	182.2	184.775	159.773	176.805	180.422	178.65	184.155
39930_at	64.265	60.836	56.359	62.387	64.223	57.764	61.546	64.565
39931_at	38.032	33.559	33.534	31.048	38.026	36.154	37.812	37.79
39932_at	119.88	99.551	81.103	87.82	93.266	97.445	117.312	103.562
39933_at	357.369	340.536	361.64	342.544	357.757	352.388	321.171	335.523
39934_at	113.453	106.323	103.652	93.496	102.343	106.689	104.62	99.533
39935_at	14.7	10.829	15.844	14.163	16.613	17.731	11.639	12.433
39936_at	37.238	31.745	35.475	30.032	40.655	33.236	35.066	32.155
39937_at	47.642	56.129	50.681	50.729	64.195	46.347	52.611	51.655
39938_g_at	91.763	84.043	89.216	80.231	86.478	82.53	80.794	81.922
39939_at	35.012	33.121	36.897	29.713	33.212	37.492	35.479	35.308
39940_at	68.922	62.319	63.698	61.292	74.655	63.153	50.41	73.847
39941_at	151.54	133.327	143.365	129.262	131.598	136.94	132.325	133.703
39942_at	71.334	71.842	80.671	83.005	84.95	76.485	79.765	76.015
39943_at	43.326	41.464	38.938	41.275	45.98	45.928	43.243	41.572
39944_at	84.801	78.694	78.607	99.551	105.6	89.944	92.852	91.297
39945_at	24.314	29.82	24.797	25.393	18.973	22.716	20.774	18.599
39946_at	1189.373	1145.132	1183.845	1133.669	1184.048	1154.089	1170.546	1237.445
39947_at	220.339	212.695	227.169	230.103	238.674	233.999	233.817	232.355
39948_at	163.618	155.674	147.693	145.346	161.11	169.696	125.888	167.267
39949_at	84.097	75.369	70.264	71.807	73.554	75.589	67.931	90.233
39950_at	81.406	81.634	64.228	75.098	72.393	75.051	82.524	82.269
39951_at	93.043	87.7	87.655	75.877	86.899	93.188	84.919	92.825
39952_at	26.869	30.508	25.088	26.742	25.632	27.01	24.087	33.054
39953_i_at	268.099	233.506	217.361	216.54	238.576	234.83	235.279	261.144
39954_r_at	16.487	14.3	16.227	16.865	17.344	22.408	11.657	18.859
39955_at	39.14	45.572	38.354	41.114	29.525	32.113	40.372	35.056
39956_at	56.4	52.801	55.015	50.518	58.15	52.541	61.974	62.082
39957_at	28.967	32.86	26.778	28.074	30.68	29.959	20.468	27.75
39958_at	42.083	39.804	41.477	35.052	39.573	43.918	33.171	40.536
39959_at	114.787	108.412	102.855	88.319	101.93	111.625	96.43	112.643
39960_at	81.15	86.829	87.967	95.77	85.371	77.084	100.142	84.883
39961_at	120.624	122.087	115.838	103.073	138.533	119.175	107.78	120.997
39962_at	40.342	31.042	31.346	31.533	39.09	35.12	37.855	37.525
39963_at	57.657	58.93	63.137	59.641	61.681	61.565	46.072	57.954
39964_at	18.846	18.14	17.976	17.596	16.622	16.255	20.758	16.498
39965_at	712.668	682.527	667.901	679.096	711.423	700.033	675.485	682.174
39966_at	44.293	41.603	38.317	39.786	42.089	47.515	41.242	47.632
39967_at	92.404	93.802	94.143	93.748	92.868	95.633	89.583	90.382
39968_at	308.912	280.194	280.642	268.396	304.929	298.497	288.372	311.683
39969_at	80.975	90.256	96.493	105.85	97.05	89.88	113.798	100.204
39970_at	39.77	37.028	41.552	53.504	37.978	37.805	55.286	40.757
39971_at	255.357	247.743	251.101	241.46	259.153	260.451	235.604	261.543
39972_at	276.213	243.672	254.579	274.449	258.273	253.636	242.058	267.885
39973_at	123.155	133.457	136.698	123.687	125.108	123.051	139.818	129.072
39974_at	103.269	120.48	97.268	106.975	108.243	104.083	98.125	102.874
39975_at	95.6	91.778	102.903	101.599	104.207	98.322	100.252	81.319
39976_at	33.518	24.876	27.523	27.251	27.511	30.61	31.32	32.656
39977_at	44.043	53.304	48.47	46.357	41.035	46.736	41.555	45.493
39978_at	75.85	80.5	71.459	75.612	77.23	73.523	66.104	72.171
39979_at	117.135	110.459	118.715	114.438	121.471	126.553	110.166	118.082
39980_at	42.982	39.931	48.006	50.533	48.027	45.955	45.083	42.41
39981_at	19.257	18.432	17.44	15.015	17.961	17.674	16.107	20.821
39982_r_at	21.049	19.898	16.641	19.381	22.994	23.424	17.822	20.812
39983_at	51.565	51.578	45.906	45.132	50.424	45.776	59.15	47.161
39984_g_at	207.739	215.96	227.584	212.28	213.733	208.312	231.508	224.065
39985_r_at	5.073	5.093	4.975	4.134	3.758	6.257	7.215	3.606
39986_at	170.467	170.998	168.841	159.729	178.743	172.183	175.91	183.35
39987_at	20.622	18.924	19.163	16.578	24.38	22.88	19.363	23.657
39988_at	200.756	204.089	199.775	212.937	202.047	200.369	185.894	213.826
39989_at	92.621	71.239	78.804	71.229	82.551	87.43	67.588	91.022
39990_at	49.208	42.635	34.004	36.028	44.108	51.228	43.477	51.231
39991_at	356.456	312.995	330.263	279.149	301.105	334.926	314.806	356.432
39992_at	736.03	644.188	665.321	646.274	668.236	663.303	659.379	689.172
39993_at	299.089	299.168	326.25	308.676	309.197	308.999	260.257	338.194
39994_at	106.35	98.977	99.682	89.058	101.798	104.658	87.555	110.188
39995_s_at	143.691	145.799	118.701	131.049	144.209	153.753	153.929	147.843
39996_at	27.844	26.833	24.949	24.688	22.351	27.557	26.353	25.524
39997_at	144.575	139.035	120.598	130.557	144.314	140.447	121.771	138.093
39998_at	29.67	27.137	23.492	26.385	34.443	34.3	24.673	32.3
39999_at	67.043	55.417	52.606	59.093	58.958	58.352	57.64	64.488
40000_f_at	47.95	44.143	42.845	41.129	48.372	44.659	44.593	48.592
40001_r_at	8.498	4.899	9.293	6.715	7.113	11.259	7.081	9.119
40002_r_at	51.659	51.939	46.862	51.09	50.901	49.984	51.645	56.934
40003_at	10055.769	9837.161	10087.658	9643.517	9444.201	9749.495	10138.918	10316.823
40004_at	79.827	72.52	71.177	74.794	81.697	76.773	72.961	83.019
40005_at	57.161	49.706	53.481	44.413	44.214	51.903	51.229	49.488
40006_at	162.572	158.248	162.786	161.896	174.484	161.2	161.797	177.916
40007_at	65	52.301	58.961	48.272	56.912	56.177	59.018	60.936
40008_at	164.806	127.039	140.339	135.275	132.171	160.527	137.675	129.128
40009_at	60.396	54.92	53.48	51.043	63.351	59.604	45.146	52.555
40010_s_at	68.982	75.139	75.925	79.486	76.383	77.162	86.38	69.127
40011_s_at	59.996	61.677	60.88	56.04	66.775	57.77	54.882	67.173
40012_at	43.057	48.209	56.689	52.865	54.482	55.089	54.812	47.782
40013_at	36.438	34.296	31.412	35.365	35.305	37.599	32.105	27.844
40014_at	85.76	70.138	80.744	63.62	70.434	75.739	71.003	82.202
40015_at	164.908	163.882	162.247	166.252	176.679	164.199	165.679	163.628
40016_g_at	157	165.253	164.91	151.478	158.07	160.996	158.142	171.025
40017_at	105.443	89.505	98.703	90.344	95.199	94.13	88.433	90.731
40018_at	85.668	90.435	86.702	81.702	86.696	93.889	74.648	78.647
40019_at	20.384	27.008	23.244	30.243	30.116	28.202	24.278	24.733
40020_at	96.193	108.558	116.781	119.117	113.138	113.449	112.997	103.911
40021_at	173.445	178.735	177.829	171.87	163.553	163.402	160.838	151.471
40022_at	37.368	39.599	37.402	40.653	41.849	38.904	47.28	39.501
40023_at	9.856	8.362	9.521	7.036	9.676	7.805	8.607	9.447
40024_at	190.573	142.363	161.912	139.654	147.408	167.783	165.188	152.57
40025_at	39.595	39.128	37.305	36.989	43.237	39.574	36.815	39.286
40026_g_at	99.632	91.711	101.254	90.072	96.937	92.687	84.688	100.896
40027_at	76.76	73.502	64.813	65.354	75.192	75.973	62.049	74.841
40028_at	100.68	83.877	85.638	85.595	99.303	96.41	90.691	103.965
40029_at	405.699	326.983	358.801	363.821	451.171	396.777	405.077	431.67
40030_at	88.078	78.286	77.443	82.478	81.743	75.563	74.874	91.659
40031_at	146.378	125.463	127.318	117.294	152.073	149.075	135.715	148.298
40032_at	31.745	29.784	26.863	29.128	28.196	34.639	29.428	30.454
40033_at	263.11	277.561	265.978	260.785	270.639	258.35	252.935	275.384
40034_r_at	35.373	30.395	28.024	27.595	28.324	31.829	31.326	33.594
40035_at	213.796	226.692	200.801	192.631	195.589	207.758	195.503	205.152
40036_at	57.765	53.96	57.569	56.279	59.381	56.709	54.364	67.068
40037_at	162.178	135.945	150.506	139.112	150.889	154.606	157.033	164.739
40038_at	411.346	367.669	377.01	354.668	389.985	422.673	412.347	428.242
40039_g_at	77.512	77.924	73.299	76.561	70.947	73.104	78.609	79.48
40040_at	95.452	86.446	87.252	98.44	88.44	95.145	92.604	102.69
40041_at	18.297	20.316	17.176	14.808	19.039	16.065	18.682	22.021
40042_r_at	171.183	155.344	161.152	147.378	149.389	157.02	140.222	163.771
40043_at	8724.911	8662.914	8050.748	8262.321	8072.986	8041.007	8044.395	7930.922
40044_at	251.325	243.622	252.569	250.734	258.755	262.501	275.116	272.846
40285_at	136.988	112.403	102.169	111.479	119.951	123.026	126.493	124.209
40286_r_at	137.433	125.416	137.129	141.282	145.294	138.895	133.381	144.104
40287_s_at	147.16	134.383	144.416	126.936	132.389	138.18	138.105	134.492
40288_r_at	148.196	147.697	150.403	147.48	144.286	148.148	147.64	151.537
40289_at	15.499	17.835	16.24	15.366	14.265	17.953	17.555	16.878
40290_f_at	144.943	122.668	140.944	124.237	136.836	126.687	124.684	127.052
40291_r_at	172.764	177.164	180.071	187.625	173.295	169.437	185.12	183.536
40292_at	77.638	61.882	63.333	62.531	64.173	69.612	58.287	66.332
40293_at	58.2	53.567	60.565	54.292	59.189	59.716	63.416	57.55
40294_at	90.338	87.168	91.305	87.126	84.152	92.915	80.921	86.273
40295_at	1216.551	1117.245	1159.439	1126.898	1245.695	1222.586	1197.963	1190.514
40296_at	66.625	58.188	59.665	57.028	62.872	53.569	64.634	58.854
40297_at	92.743	89.714	94.439	88.816	94.161	96.564	95.511	101.932
40298_at	154.988	163.209	163.31	171.137	155.393	150.494	174.462	161.549
40299_at	876.084	815.162	907.19	821.378	916.826	905.775	782.926	836.561
40300_g_at	188.589	183.839	204.514	190.129	216.673	204.843	196.296	190.885
40301_at	53.555	48.696	58.813	54.92	57.876	48.305	53.891	52.678
40302_at	131.379	138.044	144.033	146.385	153.949	143.964	149.135	136.275
40303_at	104.259	96.761	92.339	96.785	110.174	101.31	98.23	97.873
40304_at	38.866	30.562	33.566	32.094	41.179	43.969	33.293	39.646
40305_r_at	16.587	20	14.936	15.029	16.844	15.295	9.47	15.056
40306_at	153.286	109.435	122.959	109.003	148.163	147.201	120.314	161.133
40307_at	71.038	64.168	51.694	47.829	52.067	62.951	42.46	48.76
40308_at	58.664	57.755	53.776	60.36	56.937	55.498	51.539	57.108
40309_at	335.009	305.369	283.625	287.747	333.34	334.723	315.077	335.493
40310_at	70.935	71.416	70.996	74.96	70.893	70.395	87.602	76.595
40311_at	230.835	191.261	196.76	196.98	216.424	201.886	200.877	208.294
40312_at	27.39	20.683	20.898	21.872	24.994	22.112	23.843	26.398
40313_at	58.794	52.776	46.157	49.523	56.208	62.492	53.965	54.137
40314_at	301.278	261.559	248.755	255.693	251.93	285.951	232.706	271.248
40315_at	81.494	77.347	74.614	72.797	80.393	81.599	82.825	82.921
40316_at	103.235	103.461	100.746	92.001	108.291	112.717	92.239	119.791
40317_at	353.892	302.017	261.723	217.899	345.598	354.893	321.1	381.497
40318_at	39.633	35.123	33.598	37.973	50.749	40.295	37.657	45.256
40319_at	186.752	177.978	170.648	184.365	211.515	210.082	198.406	204.753
40320_at	13.198	15.109	12.935	12.438	11.387	17.544	15.687	13.76
40321_at	50.71	50.958	53.077	55.058	57.028	54.567	61.713	61.859
40322_at	3007.682	3048.785	2947.182	2949.969	4531.062	4508.67	4060.697	4659.796
40323_at	66.908	74.692	66.881	54.327	66.373	65.202	56.747	70.263
40324_r_at	357.881	349.935	364.417	380.307	410.838	349.242	328.779	337.883
40325_at	305.662	284.424	263.186	266.911	287.253	290.647	275.584	301.05
40326_at	145.001	142.324	128.605	134.707	147.716	146.897	129.195	151.121
40327_at	194.945	194.816	187.392	190.938	206.618	196.044	183.136	180.117
40328_at	73.086	71.628	79.187	80.29	76.833	73.13	88.619	82.475
40329_at	248.625	226.521	229.651	256.974	291.933	250.977	247.298	236.814
40330_at	51.922	55.13	57.361	52.062	51.459	55.215	54.183	56.448
40331_at	148.599	139.331	143.593	139.489	141.072	141.767	156.804	140.904
40332_at	258.802	278.805	232.99	237.191	240.645	257.657	217.082	245.501
40333_at	111.13	104.379	111.092	114.375	113.95	115.184	114.491	124.148
40334_at	136.018	136.892	136.095	132.162	139.155	140.588	119.337	132.478
40335_at	33.261	27.668	27.226	33.013	29.605	30.428	26.358	28.843
40336_at	130.052	108.919	123.707	107.968	149.275	132.382	134.823	128.994
40337_at	548.225	596.076	642.709	641.234	611.256	575.498	612.249	609.42
40338_at	202.415	181.054	187.4	193.412	192.623	183.54	210.159	188.576
40339_at	159.865	140.415	154.835	129.834	154.837	172.439	139.132	149.411
40340_at	34.097	29.796	33.738	29.52	34.778	31.704	32.236	30.084
40341_at	138.126	137.154	135.394	136.866	155.889	139.71	134.935	139.206
40342_at	139.863	129.443	137.383	137.282	145.409	139.033	145.879	136.834
40343_at	125.822	114.469	124.104	103.502	105.82	124.702	110.548	115.618
40344_at	53.783	51.079	50.34	45.028	53.438	48.866	44.162	45.805
40345_at	24.447	24.107	25.269	26.105	22.413	23.281	21.586	24.762
40346_at	101.556	85.809	91.107	81.634	76.103	93.703	87.661	88.875
40347_at	83.357	79.094	77.668	80.328	80.862	90.228	74.892	86.29
40348_s_at	41.007	41.665	39.064	38.478	41.596	41.175	38.242	48.345
40349_at	53.584	56.342	54.249	47.189	49.377	52.006	46.458	55.31
40350_at	47.283	41.423	60.443	50.391	50.854	47.11	55.109	52.977
40351_at	103.169	101.321	119.771	101.298	97.336	108.268	105.221	99.995
40352_at	107.089	92.427	92.246	87.655	99.243	104.068	96.721	99.74
40353_at	53.247	53.382	56.979	63.546	60.936	58.031	65.159	61.284
40354_at	28.748	24.755	23.701	26.969	26.07	28.935	24.838	25.591
40355_at	69.928	70.779	70.927	69.643	60.935	65.32	58.009	65.598
40356_at	29.128	23.339	22.349	19.646	25.824	26.306	20.96	28.847
40357_at	119.213	93.467	89.177	100.653	120.211	107.214	89.183	110.086
40358_at	57.316	65.582	54.486	67.867	66.133	64.973	74.893	72.74
40359_at	749.4	747.626	777.978	703	736.069	852.761	681.268	796.553
40360_at	217.323	210.195	212.308	217.721	216.08	205.181	230.374	216.504
40361_at	66.403	61.594	51.382	49.722	57.358	55.007	58.969	61.556
40362_at	82.672	83.918	87.819	78.315	86.851	91.648	78.8	91.124
40363_r_at	140.729	116.282	117.043	130.042	147.537	147.336	126.897	156.342
40364_at	103.138	102.39	84.147	92.013	88.985	98	100.191	100.148
40365_at	98.126	92.233	91.343	99.721	101.123	104.126	93.471	99.717
40366_at	58.697	51.945	52.05	52.995	56.196	60.036	54.054	56.085
40367_at	73.763	79.012	78.236	76.556	78.874	82.615	79.994	73.645
40368_r_at	6.968	7.621	5.086	4.334	5.668	9.128	8.135	2.15
40369_f_at	175.028	172.031	160.65	164.115	157.428	156.517	167.961	166.806
40370_f_at	115.504	125.699	108.107	128.062	112.552	106.663	127.005	105.063
40371_at	470.857	421.568	416.323	426.343	454.577	477.369	451.4	451.964
40372_at	3272.469	3300.324	3169.605	3200.263	2974.533	2980.519	3205.754	3066.12
40373_at	76.838	63.133	69.764	72.729	75.763	72.851	69.155	75.475
40374_at	64.982	54.963	64.797	62.195	63.881	59.996	49.356	67.139
40375_at	29.822	29.24	29.985	26.482	24.829	26.065	25.367	27.831
40376_at	418.502	422.014	388.712	394.343	423.16	413.612	404.91	407.171
40377_at	116.154	112.139	128.546	118.801	126.449	120.862	104.431	114.478
40378_at	15.558	17.893	14.513	17.625	20.709	17.906	15.036	16.007
40379_at	89.895	101.43	97.3	96.051	102.146	98.409	88.608	92.746
40380_at	26.029	24.273	23.408	19.306	24.515	25.682	25.2	19.783
40381_at	71.008	68.943	68.836	75.598	72.045	61.926	73.224	68.39
40382_at	35.344	34.615	37.794	33.949	37.316	35.11	35.21	35.93
40383_at	11.347	7.517	9.113	9.024	10.309	9.161	15.701	10.736
40384_at	71.242	70.531	81.127	76.675	72.946	76.479	81.455	77.662
40385_at	18.452	19.27	16.052	19.913	21.062	16.799	16.253	18.249
40386_r_at	39.58	56.143	52.906	53.081	55.668	55.334	40.608	51.033
40387_at	27.005	28.262	27.136	26.733	24.34	23.455	25.09	26.566
40388_at	145.499	143.736	124.019	133.982	140.553	144.332	144.802	134.24
40389_at	261.217	254.109	267.012	262.002	255.012	277.122	259.142	278.511
40390_at	217.371	183.399	189.461	185.341	231.067	207.566	223.007	218.376
40391_at	120.527	93.715	91.279	87.591	95.278	99.236	100.498	99.136
40392_at	112.635	111.923	116.477	105.911	112.901	108.116	108.588	117.846
40393_at	33.851	38.361	32.662	32.278	36.794	29.744	40.434	29.446
40394_at	95.144	92.036	92.674	89.702	94.809	87.283	92.737	90.585
40395_at	360.903	378.261	369.115	390.293	385.097	378.81	377.706	394.595
40396_at	113.485	121.465	118.667	106.815	115.653	122.291	113.603	115.043
40397_at	23.885	22.822	21.799	24.049	24.466	21.356	19.913	22.051
40398_s_at	14.427	13.95	13.954	14.328	14.851	14.621	13.008	12.348
40399_r_at	87.98	100.174	81.62	79.387	91.955	86.377	80.342	91.428
40400_at	293.238	259.876	264.173	232.824	264.734	287.308	258.55	299.909
40401_at	68.712	59.24	55.92	53.542	56.359	66.159	55.828	62.062
40402_at	439.691	349.682	392.218	337.365	439.376	420.39	428.769	453.509
40403_at	61.785	55.673	56.577	47.047	56.437	62.893	46.839	59.048
40643_at	297.088	279.504	264.675	252.109	288.596	310.679	253.74	306.671
40644_g_at	326.085	295.704	304.332	283.49	354.065	322.635	315.541	347.489
40645_at	161.798	145.9	152.008	145.583	139.883	156.589	141.902	150.607
40646_at	80.368	76.46	82.733	78.201	76.505	89.008	84.756	82.031
40647_at	105.183	102.496	101.044	109.032	93.858	103.685	98.829	116.236
40648_at	133.233	131.025	122.066	120.392	136.64	133.313	135.427	137.752
40649_at	89.507	77.907	78.151	72.97	76.273	82.709	68.302	92.528
40650_r_at	69.853	77.996	77.63	83.015	78.303	73.394	81.807	73.177
40651_s_at	115.895	103.855	111.488	99.707	117.99	118.894	103.871	115.871
40652_at	65.802	51.495	58.399	50.146	62.798	64.283	55.766	63.668
40653_at	37.443	30.294	29.229	33.237	36.713	35.628	32.598	35.528
40654_at	77.017	86.75	76.6	81.353	76.014	76.856	83.586	80.505
40655_at	14.278	14.369	17.08	17.258	13.662	22.068	15.694	16.745
40656_at	82.56	67.439	64.751	55.533	61.638	60.787	59.292	57.201
40657_r_at	13.013	15.597	14.155	16.296	13.34	15.293	17.498	16.953
40658_r_at	13.831	13.725	12.046	14.543	14.081	12.082	11.536	11.336
40659_at	44.657	47.764	43.143	47.125	44.486	46.14	43.051	43.34
40660_at	34.161	27.285	30.015	31.168	29.817	35.371	34.219	30.719
40661_at	91.81	98.205	93.836	93.808	98.678	98.257	88.322	93.863
40662_g_at	34.316	31.824	39.004	37.083	38.948	33.888	43.469	36.433
40663_at	81.036	87.927	83.869	88.536	91.84	90.731	70.845	86.805
40664_at	58.585	50.213	50.994	43.612	61.471	71.832	54.692	75.221
40665_at	25.381	21.32	22.849	18.844	27.311	25.972	22.021	22.924
40666_at	89.747	76.146	78.95	79.836	85.858	77.563	73.34	83.711
40667_at	189.656	161.875	168.686	174.772	184.222	194.193	188.233	199.709
40668_s_at	415.797	368.439	363.619	344.59	372.71	392.649	342.96	407.722
40669_at	20.881	20.56	21.305	20.528	19.74	22.543	20.289	17.08
40670_at	34.802	39.673	34.711	36.627	36.711	31.129	30.766	36.112
40671_g_at	100.971	114.689	105.935	130.355	108.41	106.772	131.452	114.681
40672_at	151.986	135.358	145.994	160.679	175.047	149.832	156.544	153.215
40673_at	56.61	49.522	53.682	46.014	49.856	51.638	69.051	48.864
40674_s_at	125.457	120.281	127.723	115.171	130.466	121.207	104.088	138.626
40675_r_at	143.529	146.904	159.953	151.906	164.191	152.079	153.643	149.039
40676_at	114.346	95.455	96.785	87.017	112.537	110.186	101.612	121.442
40677_at	311.628	296.072	280.987	297.771	315.648	313.852	312.562	335.86
40678_at	49.802	67.131	58.469	70.185	55.103	61.517	70.994	55.562
40679_at	183.092	199.489	211.258	196.165	165.675	219.616	181.907	181.172
40680_at	141.296	131.517	131.234	122.468	135.574	153.08	134.887	150.603
40681_at	33.291	28.236	27.829	32.554	37.853	36.829	35.898	35.789
40682_at	29.807	23.796	25.707	32.21	30.98	33.179	33.254	35.583
40683_at	115.965	122.201	103.691	113.082	115.501	120.978	89.131	125.808
40684_at	117.461	105.762	105.229	102.636	107.99	114.699	92.022	114.389
40685_at	219.143	207.009	216.197	201.511	209.766	207.894	210.426	198.854
40686_at	87.704	82.506	82.843	80.01	91.52	86.748	86.761	98.976
40687_at	78.162	78.836	69.52	64.978	70.33	66.291	72.676	60.578
40688_at	414.788	350.342	414.607	373.334	389.006	443.559	382.685	432.742
40689_at	118.829	123.577	112.059	120.524	107.759	119.526	113.588	113.555
40690_at	39.7	38.23	36.085	39.755	39.257	40.694	42.197	42.691
40691_at	111.765	96.226	97.119	81.632	91.879	101.466	97.917	97.104
40692_at	89.97	73.261	78.282	74.027	90.984	85.968	77.15	90.123
40693_at	65.429	53.775	50.682	54.579	59.138	66.843	52.423	64.124
40694_at	61.719	59.579	55.88	49.208	65.021	64.816	55.167	63.21
40695_at	323.47	309.338	291.822	301.585	304.882	292.496	347.845	292.843
40696_at	97.209	88.214	107.165	91.713	123.87	102.184	100.561	108.571
40697_at	102.492	95.714	87.652	83.582	107.164	98.46	104.826	103.122
40698_at	59.829	41.713	45.227	43.066	47.464	47.768	45.868	49.008
40699_at	45.626	41.725	43.547	41.356	55.631	47.737	41.206	48.551
40700_at	104.975	93.13	95.601	93.474	92.355	96.872	89.338	85.927
40701_at	63.036	65.952	56.977	59.814	64.831	56.333	62.736	59.086
40702_at	64.732	57.412	51.991	55.23	61.707	62.14	53.806	56.226
40703_at	168.089	163.2	170.019	184.13	188.743	174.968	184.655	173.327
40704_at	22.042	19.632	25.363	20.301	23.463	21.221	26.943	25.882
40705_at	77.668	81.084	70.735	74.914	86.094	80.213	83.346	81.341
40706_at	79.814	66.319	69.576	67.345	65.344	79.221	71.9	79.322
40707_at	62.195	57.639	54.774	49.895	49.449	48.343	52.643	50.904
40708_at	23.053	25.279	22.831	24.425	23.534	21.517	17.805	23.795
40709_at	71.559	67.35	72.516	76.664	76.476	73.008	66.926	65.754
40710_at	23.495	22.408	23.483	20.12	25.238	20.489	21.127	19.186
40711_at	168.764	160.31	149.308	128.212	157.754	151.734	136.584	127.795
40712_at	112.902	102.601	106.817	96.279	111.381	112.645	103.789	112.887
40713_at	79.362	70.141	66.733	65.6	77.698	81.737	74.381	84.835
40714_at	10000.13	9930.596	9803.344	9478.62	9295.509	9596.961	9277.81	10082.242
40715_at	73.421	77.074	76.934	71.975	95.291	105.254	78.656	95.984
40716_at	117.37	117.933	124.33	120.106	125.261	119.636	119.08	126.676
40717_at	63.083	64.685	59.168	66.927	63.002	64.066	68.618	61.952
40718_at	279.555	245.902	252.58	243.874	263.477	255.593	238.741	268.196
40719_at	127.231	111.429	121.16	116.216	127.376	124.28	107.169	141.014
40720_at	125.922	139.189	124.57	122.976	119.02	136.916	109.574	131.713
40721_g_at	61.241	58.565	56.305	56.457	58.201	61.441	67.251	58.569
40722_at	71.794	71.326	75.944	85.413	77.066	70.355	94.147	81.121
40723_at	119.469	115	114.576	98.04	124.2	118.446	100.416	130.413
40724_at	56.997	55.435	55.003	55.998	56.968	57.534	53.275	52.889
40725_at	70.568	63.292	66.662	61.708	58.095	65.512	62.457	68.988
40726_at	19.965	19.584	18.485	23.157	14.83	19.125	17.101	24.281
40727_at	15.71	18.01	14.637	19.913	18.046	16.414	12.255	16.478
40728_at	337.754	302.077	307.67	296.472	344.64	337.825	307.512	354.564
40729_s_at	226.655	225.881	223.316	212.564	229.244	228.182	229.276	222.872
40730_at	196.586	188.206	176.174	171.521	192.634	187.961	171.231	187.341
40731_at	144.726	126.583	123.916	128.977	130.982	129.556	128.446	129.107
40732_at	134.32	125.693	114.424	111.42	126.812	132.791	115.318	141.203
40733_f_at	56.037	53.274	53.21	53.124	59.28	53.243	55.277	51.612
40734_r_at	6.349	9.036	5.981	5.659	5.614	5.996	4.872	6.323
40735_at	145.762	133.088	149.709	137.385	144.287	143.289	134.306	140.49
40736_at	46.063	39.887	42.594	40.777	44.513	46.239	44.309	47.857
40737_at	93.978	83.844	91.716	85.689	83.35	88.971	71.975	91.921
40738_at	90.497	79.687	89.642	83.154	85.769	92.419	73.899	95.213
40739_at	141.339	156.919	149.205	156.008	146.015	146.999	148.383	143.161
40740_at	105.007	110.751	100.428	109.239	107.241	112.701	107.054	107.409
40741_at	80.675	70.196	72.602	58.902	76.932	69.424	77.804	75.816
40742_at	170.27	168.008	185.177	181.587	191.853	189.034	163.005	176.331
40743_at	85.433	79.066	73.321	80.132	78.65	77.074	89.676	80.004
40744_at	122.588	117.611	118.715	119.356	125.473	121.632	105.065	110.96
40745_at	947.175	828.123	895.122	862.339	916.133	901.061	801.559	997.376
40746_at	30.047	28.315	28.088	30.366	27.335	30.272	29.146	28.729
40747_at	158.12	122.999	112.449	107.057	134.111	122.317	104.338	127.408
40748_at	7590.306	7737.952	7326.632	7324.484	7444.326	7333.192	7215.211	7525.813
40749_at	35.544	36.275	36.395	32.897	37.623	33.712	33.568	39.35
40750_at	120.657	108.922	108.655	112.471	112.7	114.498	107.658	123.124
40751_at	121.607	117.953	125.534	119.259	110.248	119.477	120.638	119.454
40752_at	699.24	632.445	714.149	595.269	686.019	731.621	753.214	809.309
40753_at	267.754	225.391	220.42	215.704	226.514	237.215	243.049	249.675
40754_at	126.856	152.569	129.631	118.652	115.031	132.027	119.706	130.632
40755_at	194.285	182.273	176.452	173.769	179.685	194.976	194.056	199.346
40756_at	233.983	209.483	231.092	183.257	223.826	245.525	202.248	237.105
40757_at	96.02	89.837	106.824	108.034	101.501	94.137	105.797	99.342
40758_at	99.251	94.321	99.49	100.474	110.007	97.897	101.412	110.154
40759_at	77.625	70.031	80.576	69.642	78.882	75.702	86.292	85.65
40760_at	22.85	21.334	18.621	26.426	20.748	22.504	21.889	21.769
40761_at	243.615	245.602	219.404	223.985	268.551	254.677	237.267	255.024
40762_g_at	793.255	700.983	810.973	724.866	760.561	837.81	774.554	856.599
41002_at	278.433	274.525	257.954	269.733	253.004	259.082	246.854	234.586
41003_at	119.22	135.587	129.566	132.265	126.234	121.335	143.425	135.838
41004_at	148.447	131.568	135.879	146.872	138.578	134.54	145.146	142.777
41005_at	152.888	148.41	145.988	132.23	150.23	153.409	136.28	142.12
41006_at	243.291	268.987	230.922	274.485	279.084	248.786	241.489	238.639
41007_at	87.276	80.312	80.591	73.343	75.846	80.604	81.795	81.006
41008_at	25.186	24.466	23.174	24.748	24.72	27.389	22.994	25.651
41009_at	17.537	21.332	20.78	19.852	27.718	22.6	26.699	18.937
41010_at	33.693	39.859	38.275	39.556	43.216	40.003	37.793	40.431
41011_i_at	5.843	8.893	8.989	5.832	6.621	7.498	4.564	4.397
41012_r_at	5.215	4.646	3.987	6.801	2.593	4.374	7.222	7.765
41013_at	92.941	89.834	106.094	103.599	96.183	98.172	103.47	93.576
41014_s_at	50.246	51.562	51.305	48.13	57.421	51.033	48.965	51.355
41015_at	38.622	43.107	39.301	37.483	36.961	49.629	36.254	34.465
41016_at	88.55	102.83	102.153	99.929	102.71	94.882	109.041	92.158
41017_at	248.207	230.096	217.79	281.379	347.229	270.199	248.834	256.225
41018_at	367.914	344.865	386.125	350.803	399.147	370.831	351.616	372.727
41019_at	46.531	39.666	42.024	39.342	44.973	45.916	45.836	49.383
41020_at	152.85	129.38	136.53	140.152	166.207	150.036	155.21	161.924
41021_s_at	24.279	28.3	28.388	25.182	25.561	26.631	23.745	23.963
41022_r_at	10.756	9.681	7.537	8.979	6.268	6.11	11.822	8.563
41023_at	85.342	73.168	68.319	80.293	81.091	92.083	78.762	89.377
41024_f_at	21.806	20.633	27.381	32.016	25.006	27.594	20.947	20.78
41025_r_at	35.435	24.85	28.651	26.643	32.692	27.526	29.135	28.796
41026_f_at	192.495	175.139	165.045	168.216	180.789	185.417	173.119	202.554
41027_at	20.123	20.653	21.456	22.997	19.951	20.905	20.383	18.636
41028_at	137.694	94.386	95.611	77.846	92.597	98.418	111.298	112.527
41029_at	223.048	215.009	219.472	203.239	215.541	219.646	199.871	207.35
41030_at	87.443	75.059	74.809	77.259	86.274	84.792	72.798	88.162
41031_at	40.61	37.158	34.956	37.461	33.184	34.961	32.295	36.528
41032_at	121.22	108.931	100.527	101.131	108.735	111.649	106.186	117.99
41033_at	24.64	29.796	23.21	24.077	26.668	26.651	25.983	30.122
41034_s_at	167.482	141.928	154.305	136.565	194.667	165.89	172.689	154.731
41035_at	194.404	181.669	196.04	184.351	193.827	193.517	179.097	188.162
41036_at	540.657	503.904	492.039	489.153	567.595	508.532	560.091	550.964
41037_at	84.791	85.357	88.247	84.072	84.162	82.676	84.312	90.663
41038_at	75.297	67.669	68.18	77.058	69.496	73.287	72.763	69.695
41039_at	44.822	44.521	43.835	44.451	42.082	50.763	47.923	45.534
41040_at	44.934	47.858	47.214	47.059	45.687	40.512	43.61	43.117
41041_s_at	61.976	48.076	57.661	55.675	54.934	58.491	53.782	63.635
41042_r_at	247.605	234.928	216.196	241.64	245.529	242.226	237.08	231.576
41043_at	219.237	201.436	194.372	196.933	213.385	209.858	195.802	215.93
41044_at	34.178	34.546	30.802	30.687	36.163	36.76	34.366	40.715
41045_at	141.456	128.372	135.189	132.666	138.087	138.827	132.972	136.717
41046_s_at	144.516	139.074	144.176	142.312	138.805	139.545	135.912	146.911
41047_at	353.858	367.251	353.213	381.417	396.858	380.126	386.923	351.044
41048_at	22.037	19.541	21.563	21.936	20.297	25.437	20.803	20.076
41049_at	35.95	36.099	39.707	35.943	31.981	39.557	37.914	33.921
41050_at	75.884	74.319	74.001	64.393	70.115	75.512	65.831	74.087
41051_at	52.133	56.901	48.832	52.507	48.746	48.631	55.237	51.31
41052_s_at	171.331	157.875	165.743	165.586	170.555	170.343	188.735	165.526
41053_at	140.946	145.881	162.213	153.735	173.173	152.383	154.164	163.422
41054_at	366.356	367.605	371.17	351.365	372.509	367.085	318.828	360.839
41055_at	60.681	65.999	54.624	55.087	61.891	59.793	63.722	69.327
41056_at	81.639	74.172	79.925	68.26	79.759	80.709	76.929	82.561
41057_at	57.13	59.276	61.05	53.228	66.314	59.77	59.499	50.837
41058_g_at	66.852	75.342	66.01	66.175	59.635	65.006	72.803	62.954
41059_at	175.94	204.759	194.73	216.92	205.443	194.353	198.384	193.157
41060_at	85.619	81.607	75.864	88.317	107.518	89.871	77.587	85.644
41061_at	50.94	41.108	52.753	44.667	61.581	47.286	46.16	45.895
41062_at	185.846	169.55	169.18	156.543	184.039	177.344	161.31	172.424
41063_g_at	100.229	85.895	74.22	81.584	93.707	95.359	91.29	93.562
41064_at	460.242	371.058	374.229	339.942	410.232	439.506	422.327	458.418
41065_at	129.198	122.092	115.536	113.401	121.461	127.074	117.828	128.524
41066_at	53.523	52.435	57.476	51.648	52.379	55.37	53.898	57.346
41067_at	46.186	36.409	42.54	33.718	46.066	40.066	40.802	40.011
41068_at	99.241	94.41	95.39	92.287	92.722	92.187	88.616	93.514
41069_at	38.211	30.779	29.968	30.931	36.478	26.568	29.955	35.638
41070_r_at	64.701	62.75	66.354	63.925	74.229	82.402	64.721	72.747
41071_at	144.588	117.534	114.143	122.104	143.959	141.687	138.507	136.852
41072_at	69.775	67.222	69.971	70.258	72.795	75.529	68.294	79.56
41073_at	62.673	56.756	50.132	50.953	62.139	61.013	62.101	68.086
41074_at	85.613	73.188	80.759	82.382	92.493	88.237	68.924	86.778
41075_at	119.874	127.02	122.871	115.984	128.768	132.391	127.548	122.048
41076_at	115.253	116.784	106.583	112.9	111.316	117.548	112.749	117.917
41077_at	63.746	63.569	60.868	58.605	58.219	64.257	60.731	66.792
41078_at	107.005	102.757	100.426	97.653	96.492	114.854	94.443	107.993
41079_at	182.984	171.239	156.347	158.37	182.312	171.796	167.913	174.52
41080_at	155.131	153.798	143.726	138.388	161.684	151.043	152.115	154.063
41081_at	35.083	35.873	36.786	38.664	38.488	39.922	33.319	42.073
41082_at	153.363	126.963	125.336	126.457	145.889	145.312	134.426	154.297
41083_at	86.492	79.021	85.379	80.663	84.34	82.854	83.717	84.16
41084_at	128.15	129.25	116.65	136.407	122.16	123.59	138.823	122.049
41085_at	26.638	27.108	29.79	29.088	27.513	28.878	29.639	22.021
41086_at	32.815	29.502	31.012	30.062	28.59	29.484	34.15	29.455
41087_at	217.218	224.199	192.055	195.231	226.379	217.008	190.25	230.991
41088_at	112.391	99.498	99.713	99.491	108.394	106.521	116.967	113.95
41089_at	109.977	96.751	88.844	96.163	121.958	103.524	98.174	105.092
41090_s_at	25.956	19.217	23.308	23.118	22.874	22.872	24.258	22.357
41091_at	57.528	68.472	60.54	61.118	55.769	54.502	58.543	61.269
41092_at	106.623	97.577	104.046	103.581	110.638	95.536	114.527	103.144
41093_at	61.73	60.849	58.134	52.389	55.434	58.645	54.927	57.892
41094_at	36.027	34.654	27.022	32.848	37.709	34.058	37.943	35.985
41095_at	230.786	227.858	222.275	229.407	239.013	232.293	213.299	206.946
41096_at	212.242	229.708	217.461	222.438	214.897	197.592	207.008	188.058
41097_at	109.002	107.373	109.73	110.223	117.236	110.859	98.326	107.319
41098_at	167.953	165.896	168.517	174.182	167.916	162.97	190.153	158.35
41099_at	178.875	190.097	192.174	194.477	204.151	184.609	189.069	203.212
41100_at	84.413	82.665	89.507	84.761	90.982	90.733	81.561	84.318
41101_at	111.631	102.452	106.132	108.504	99.368	111.149	100.34	106.867
41102_at	302.401	249.163	271.582	271.922	322.905	282.832	287.621	299.277
41103_at	144.346	137.63	132.671	132.791	137.953	132.361	121.45	145.161
41104_at	26.085	24.153	27.713	28.903	28.905	25.863	28.708	26.927
41105_s_at	88.106	73.85	75.924	69.958	87.737	87.147	82.754	82.558
41106_at	85.569	68.457	76.794	82.794	83.198	88.104	74.717	93.783
41107_at	126.388	111.169	109.49	105.37	125.435	114.284	122.573	120.611
41108_at	458.277	443.026	396.661	399.397	435.693	439.424	407.408	479.647
41109_at	55.953	48.489	50.413	46.31	51.826	52.954	51.027	56.406
41110_at	31.115	31.449	29.658	32.044	31.444	33.34	28.489	39.595
41111_at	123.223	127.931	124.944	123.803	131.324	135.004	121.386	123.442
41112_at	59.21	58.744	66.73	56.453	62.878	62.595	62.6	62.842
41113_at	68.825	75.377	62.132	67.003	71.884	74.683	61.09	66.556
41114_at	74.076	70.03	63.426	67.833	67.024	75.107	67.46	76.406
41115_s_at	280.364	273.588	258.71	270.373	297.844	295.99	282.176	295.012
41116_at	238.978	229.407	198.293	232.412	214.14	236.771	221.674	239.511
41117_s_at	395.39	387.932	372.409	390.377	421.854	382.287	404.395	389.406
41118_at	343.857	324.946	336.482	342.638	365.258	353.906	312.924	378.747
41119_f_at	99.772	93.454	92.985	100.136	96.129	84.551	102.186	99.105
41120_at	489.407	458.471	427.888	480.465	355.31	298.988	346.667	302.48
41121_at	106.071	108.767	112.755	110.161	111.047	103.617	116.167	111.841
41362_at	27.174	27.838	27.437	23.398	28.17	24.875	27.503	26.999
41363_at	20.968	17.646	16.004	19.531	20.94	20.097	19.163	16.561
41364_r_at	10.68	12.634	5.802	8.603	7.933	4.961	10.11	9.584
41365_at	555.862	499.823	540.051	491.763	486.805	545.949	474.18	511.543
41366_at	104.805	115.078	102.205	110.178	97.35	105.138	106.391	104.218
41367_at	46.344	47.189	40.845	41.426	50.317	46.873	45.249	40.505
41368_at	134.516	128.631	122.895	111.968	123.913	119.453	109.063	121.005
41369_at	8265.215	8450.114	8018.848	8415.43	8159.836	7734.784	7893.069	7604.015
41370_at	122.131	95.634	108.803	100.395	113.581	111.876	119.558	113.709
41371_at	175.128	155.804	152.593	161.768	157.501	167.099	169.649	183.386
41372_at	112.635	100.221	97.546	106.395	118.666	110.783	111.361	110.742
41373_s_at	131.35	112.526	110.933	119.436	127.127	112.057	122.589	114.343
41374_at	501.45	490.371	549.09	544.568	581.355	497.296	514.248	466.996
41375_at	176.481	179.972	182.54	180.662	188.263	184.423	172.995	178.42
41376_i_at	35.846	37.235	33.194	40.689	35.971	34.734	35.61	32.527
41377_f_at	45.281	53.023	42.537	45.742	48.23	49.386	47.04	49.777
41378_at	37.516	35.179	32.285	34.327	30.326	28.534	33.577	26.617
41379_at	121.642	137.855	121.689	134.639	117.718	115.454	116.912	117.256
41380_at	170.464	177.153	161.054	182.558	178.939	173.886	181.498	165.812
41381_at	49.705	49.982	43.963	46.926	47.781	44.445	40.646	45.616
41382_at	516.283	514.063	534.442	542.585	537.248	529.752	505.32	509.003
41383_at	2214.102	1748.495	1743.728	1826.123	2125.752	2140.381	1925.813	2134.286
41384_at	17.792	18.642	22.871	19.334	18.166	17.636	22.676	19.978
41385_at	74.113	67.403	64.655	57.345	59.507	71.166	65.322	72.588
41386_i_at	239.081	231.802	222.875	230.595	237.379	231.125	222.779	248.103
41387_r_at	93.46	93.677	85.524	94.64	93.682	94.11	92.496	93.984
41388_at	97.19	96.784	106.778	114.918	97.404	101.568	119.386	107.245
41389_s_at	135.553	131.507	135.834	128.59	117.213	124.938	126.44	129.124
41390_at	244.759	234.197	210.861	222.091	224.125	251.78	207.32	240.25
41391_at	64.351	57.332	63.692	60.634	69.3	72.994	57.66	70.906
41392_at	46.758	39.632	35.559	37.906	37.778	41.703	37.052	41.789
41393_at	28.289	31.371	27.619	29.893	27.299	28.861	32.078	30.466
41394_at	189.324	179.019	168.913	150.364	183.505	178.673	202.225	176.649
41395_at	212.748	209.189	212.122	221.102	247.012	223.883	191.988	221.902
41396_at	96.686	92.617	94.097	98.855	96.988	92.79	95.202	94.577
41397_at	112.218	114.027	112.338	114.35	110.653	115.307	112.402	108.49
41398_at	44.881	49.409	44.066	46.821	46.845	47.863	45.922	51.959
41399_at	105.038	116.212	108.684	119.976	122.306	123.515	120.165	125.055
41400_at	306	265.419	252.607	269.848	289.509	295.51	266.589	306.974
41401_at	117.765	141.31	144.202	165.882	123.98	126.805	154.066	138.671
41402_at	255.824	225.732	231.266	218.113	248.395	233.611	215.575	256.451
41403_at	111.375	128.414	107.901	123.039	114.03	107.523	126.3	117.675
41404_at	203.854	237.953	215.858	237.295	214.603	213.26	223.501	209.582
41405_at	32.283	31.105	30.686	32.553	32.38	31.301	31.834	34.005
41406_at	144.472	144.414	128.677	131.913	135.104	139.563	128.181	129.199
41407_at	116.852	117.681	117.971	125.524	125.81	134.152	121.385	135.465
41408_at	30.457	33.928	36.971	37.276	37.627	37.492	36.789	34.959
41409_at	319.139	285.14	280.529	283.792	327.249	302.489	285.504	271.545
41410_at	15.087	13.91	14.979	15.857	15.853	12.867	13.87	14.962
41411_at	37.851	41.497	38.091	38.02	34.613	41.43	36.381	37.299
41412_at	363.775	386.829	384.081	337.435	302.447	353.766	384.857	338.937
41413_at	83.196	157.654	143.32	153.305	133.978	129.608	137.531	123.204
41414_at	455.88	439.265	431.367	436.078	499.413	466.602	487.276	468.219
41415_at	192.014	191.804	194.711	193.905	195.022	177.182	177.556	194.85
41416_at	406.541	491.829	495.971	498.406	443.799	428.799	442.521	437.224
41417_at	87.87	82.662	85.454	82.547	88.266	89.539	98.659	86.451
41418_at	219.882	233.814	221.609	235.057	226.436	230.246	240.974	229.5
41419_at	66.66	71.093	56.081	70.121	74.11	66.688	71.194	76.647
41420_at	43.893	48.268	50.281	51.713	46.134	49.296	52.188	53.311
41421_at	70.429	84.676	78.535	85.411	78.279	79.612	74.51	74.305
41422_at	172.104	163.182	161.699	151.357	185.315	167.094	188.009	195.592
41423_at	314.182	306.023	288.297	303.024	285.897	312.665	302.52	295.864
41424_at	156.54	148.9	151.421	140.081	145.357	148.983	141.545	141.066
41425_at	56.128	49.416	51.24	49.848	64.025	65.947	51.254	62.316
41426_at	107.139	103.187	89.69	97.252	103.27	96.384	99.216	103.293
41427_at	288.923	286.529	281.941	238.45	287.135	293.883	274.516	313.335
41428_at	104.839	104.723	97.793	113.089	110.318	98.403	98.773	105.39
41429_at	154.379	147.284	130.208	132.556	155.94	150.593	152.549	156.044
41430_at	78.256	75.008	74.645	71.51	79.248	73.341	76.668	85.239
41431_at	25.689	29.317	21.994	30.552	28.173	27.776	25.779	27.659
41432_at	29.818	26.98	28.319	23.262	21.44	23.264	29.394	31.011
41433_at	55.085	50.706	42.478	49.969	45.954	52.712	50.941	49.446
41434_at	44.851	34.907	38.23	34.451	39.845	42.079	37.841	46.112
41435_at	291.493	283.066	263.848	263.376	270.359	274.817	280.331	267.725
41436_at	89.229	81.973	69.845	66.807	70.47	72.529	81.841	73.052
41437_at	28.628	30.149	28.676	28.222	29.806	29.536	32.767	29.314
41438_at	40.97	42.575	38.044	32.544	38.532	37.259	42.842	41.277
41439_at	114.537	136.519	114.641	122.769	106.321	108.95	108.169	117.087
41440_at	225.637	232.994	233.546	227.65	214.893	226.775	232.912	228.228
41441_at	72.818	64.721	65.934	63.206	79.132	72.813	70.945	74.496
41442_at	738.046	596.041	638.278	611.954	719.826	710.574	703.468	770.441
41443_at	262.888	255.252	241.415	231.255	254.778	257.722	227.552	271.496
41444_at	146.839	121.873	145.909	124.795	152.038	147.949	122.935	134.931
41445_at	204.649	190.589	195.91	177.169	194.006	192.804	189.246	205.697
41446_f_at	1954.025	2068.707	1898.809	1827.771	1823.899	1853.887	1880.351	1926.548
41447_at	57.241	60.319	53.606	56.382	47.378	57.124	56.59	57.117
41448_at	22.787	16.974	20.733	21.625	18.24	20.422	17.205	23.221
41449_at	103.798	110.401	106.052	103.247	104.903	104.035	106.389	102.301
41450_at	587.079	580.055	572.805	545.889	542.319	587.137	528.866	570.635
41451_s_at	114.075	108.244	103.821	114.249	124.29	112.759	119.774	122.196
41452_at	165.826	165.28	204.426	158.289	179.692	177.68	162.452	181.578
41453_at	138.976	147.437	135.345	140.065	133.911	134.793	142.388	127.914
41454_at	105.05	133.299	103.747	119.526	105.025	115.16	103.082	103.421
41455_at	25.612	24.778	25.011	24.938	22.645	26.337	23.552	27.751
41456_at	74.254	79.583	82.784	67.542	78.27	77.954	68.432	72.102
41457_at	63.213	63.028	61.591	61.886	71.802	65.085	62.797	64.028
41458_at	818.996	791.356	842.612	813.826	827.148	842.504	723.714	783.432
41459_at	53.929	67.528	59.444	66.666	56.759	59.605	60.35	56
41460_at	84.403	82.867	75.769	80.418	81.938	73.64	80.706	75.175
41461_at	42.664	36.59	33.753	35.405	29.559	37.575	40.268	36.683
41462_at	94.896	92.34	91.301	92.733	98.481	88.502	93.942	90.977
41463_at	80.84	70.194	76.266	63.625	75.986	77.382	73.287	74.213
41464_at	575.114	560.795	594.528	546.531	644.789	628.8	539.442	637.132
41465_at	60.827	67.626	68.466	69.301	62.873	62.596	65.771	66.655
41466_s_at	69.227	57.05	55.733	57.348	63.027	71.402	53.347	74.257
41467_at	33.017	28.573	27.633	28.668	30.002	32.052	35.285	29.827
41468_at	81.694	75.017	71.86	66.925	69.303	71.856	67.952	87.026
41469_at	200.545	203.899	203.781	198.044	200.232	202.539	193.793	185.507
41470_at	75.3	70.288	70.629	65.57	71.638	72.45	66.685	79.917
41471_at	84.375	86.907	98.191	100.555	96.41	90.08	105.133	96.526
41472_at	13.211	18.417	15.864	14.106	20.741	15.68	13.062	17.14
41473_at	132.418	124.591	110.658	108.567	116.808	119.998	119.449	130.923
41474_at	82.353	99.306	84.19	98.237	72.547	78.627	84.079	71.54
41475_at	152.319	151.758	144.781	156.338	163.593	154.913	152.524	162.191
41476_at	116.231	105.58	99.348	99.465	114.962	108.873	105.669	114.167
41477_at	23.867	22.165	18.116	21.134	21.555	20.556	20.161	22.329
41478_at	94.955	94.863	97.412	96.775	102.59	101.017	97.418	99.744
41479_s_at	98.366	84.23	80.088	79.44	87.285	92.525	92.338	105.162
41480_at	56.177	56.784	60.36	63.732	62.404	59.803	64.33	64.58
41481_at	55.292	46.977	46.931	44.775	47.976	53.294	45.074	48.991
41602_at	149.046	150.788	141.441	135.756	160.412	170.313	152.34	170.614
41603_at	235.145	215.357	210.419	209.813	242.842	216.762	214.222	224.595
41604_at	146.734	156.643	139.397	143.459	142.242	142.017	136.247	141.488
41605_at	74.409	78.27	83.678	85.31	74.308	78.671	88.731	87.664
41606_at	280.392	287.691	253.53	262.21	259.27	262.437	270.734	253.932
41607_at	32.875	31.294	32.43	28.408	32.45	29.678	28.492	27.619
41608_at	20.248	16.478	19.165	18.477	21.154	18.583	21.351	20.003
41609_at	236.339	224.828	237.553	230.832	225.676	230.13	214.744	210.687
41610_at	200.212	215.728	187.806	226.625	222.559	210.617	199.435	198.762
41611_at	47.927	48.152	55.999	58.42	60.089	46.908	62.56	58.235
41612_at	36.11	35.071	35.611	32.312	28.759	30.95	35.132	30.828
41613_at	80.982	87.193	91.761	97.477	100.255	84.387	83.268	71.864
41614_at	178.347	161.584	170.418	168.347	163.948	157.838	181.762	165.548
41615_at	27.232	26.933	24.445	24.027	33.126	29.992	28.253	27.554
41616_at	130.448	135.131	106.765	129.064	142.173	126.218	148.194	116.44
41617_at	255.547	308.322	319.569	346.714	402.22	319.87	295.133	321.678
41618_at	48.432	46.937	37.007	44.039	47.129	48.461	48.556	53.849
41619_at	439.373	413.564	409.63	396.05	500.08	437.228	427.101	452.119
41620_at	38.062	40.678	40.463	42.306	42.529	42.822	39.65	43.033
41621_i_at	29.25	29.146	33.175	30.406	28.994	29.782	31.694	29.853
41622_r_at	35.898	38.691	39.174	44.257	42.517	41.041	36.258	35.596
41623_s_at	92.191	83.981	71.792	81.895	93.097	82.847	89.191	84.407
41624_r_at	683.412	653.223	666.268	593.58	681.764	702.421	672.349	714.52
41625_at	25.899	28.81	20.508	24.446	26.862	26.066	26.177	26.161
41626_at	124.767	115.831	115.304	99.512	130.424	125.123	113.403	130.584
41627_at	109.612	95.792	102.303	86.839	100.648	94.768	102.988	110.599
41628_at	31.422	37.008	30.273	34.085	31.809	35.74	32.385	29.053
41629_at	301.018	337.723	330.713	313.391	299.182	310.672	328.695	326.837
41630_at	180.085	132.594	142.338	119.03	134.997	138.498	110.665	125.826
41631_f_at	31.528	37.384	33.814	34.928	30.533	30.543	33.327	30.019
41632_at	26.439	23.213	26.374	27.315	33.919	33.117	27.399	29.05
41633_at	88.219	78.457	81.877	76.209	75.199	90.686	92.788	90.39
41634_at	103.654	120.873	103.54	105.924	102.93	105.039	111.513	108.651
41635_at	85.557	105.065	67.794	96.004	81.403	100.515	89.103	98.188
41636_at	260.251	272.542	252.378	260.441	256.925	270.156	253.959	260.752
41637_at	251.047	260.558	258.223	280.144	256.567	268.438	255.186	294.645
41638_at	81.145	91.165	69.441	84.072	76.11	78.738	95.125	88.34
41639_at	128.122	109.018	105.777	101.455	142.139	127.626	116.046	132.764
41640_at	50.527	54.75	44.676	42.453	50.373	46.045	47.485	54.167
41641_at	278.477	242.218	252.034	228.625	247.982	285.321	230.575	242.371
41642_at	38.163	32.62	29.566	31.545	37.648	29.238	36.372	36.088
41643_at	22.476	25.696	24.136	24.469	22.243	21.191	22.767	24.06
41644_at	193.324	171.072	182.06	176.569	188.83	197.522	169.449	195.029
41645_at	138.029	128.056	133.524	120.35	143.292	139.853	123.765	156.443
41646_at	38.161	39.052	38.056	38.053	49.796	42.365	47.154	39.258
41647_at	162.288	148.027	152.938	137.996	161.211	156.606	139.759	159.791
41648_at	639.781	654.087	611.577	626.802	600.044	629.724	584.675	613.093
41649_at	162.089	161.478	142.936	163.241	161.043	160.624	157.088	151.569
41650_at	270.474	272.413	265.33	257.672	287.858	285.312	262.159	298.883
41651_at	104.541	113.353	96.735	106.601	97.718	95.409	98.956	103.548
41652_at	277.545	302.598	297.104	251.133	286.498	276.295	240.699	283.723
41653_at	91.216	99.975	110.498	113.803	99.968	102.422	108.617	100.289
41654_at	281.022	266.211	264.983	259.28	277.913	273.328	248.68	278.745
41655_at	88.572	77.083	75.89	76.324	83.917	83.498	84.169	80.726
41656_at	30.365	35.669	29.846	31.107	33.734	28.873	34.01	30.869
41657_at	200.55	213.017	222.123	210.59	207.603	218.532	208.241	207.06
41658_at	72.172	81.008	72.292	75.309	74.922	79.185	72.483	74.18
41659_at	98.181	112.917	118.229	118.728	104.626	101.862	109.736	99.611
41660_at	41.416	39.752	37.569	38.248	41.591	42.364	45.007	42.076
41661_at	46.527	52.804	51.929	53.173	53.672	57.101	44.281	53.061
41662_at	94.818	99.366	96.281	101.713	95.2	90.334	117.701	87.95
41663_at	83.958	84.454	85.104	96.395	84.15	85.561	89.317	87.616
41664_at	634.181	553.112	563.008	538.937	549.409	545.288	553.993	554.47
41665_at	76.537	83.981	88.736	91.18	91.963	73.789	92.626	82.954
41666_at	43.626	54.984	46.401	50.68	48.481	60.405	47.533	47.713
41667_s_at	62.988	59.44	65.1	63.116	59.683	61.639	57.198	64.207
41668_r_at	4.501	2.132	4.935	5.87	3.248	4.182	3.207	4.962
41669_at	87.583	89.712	79.958	84.546	79.725	86.984	77.88	87.494
41670_at	55.091	55.542	49.135	58.478	51.492	50.205	64.353	47.591
41671_at	75.219	78.042	80.283	82.915	68.41	71.17	85.95	79.531
41672_at	45.254	43.88	42.384	46.708	50.804	49.382	46.021	43.003
41673_at	19.316	16.326	17.314	16.099	19.231	19.9	22.557	15.825
41674_at	41.442	37.209	37.187	32.188	41.323	33.469	35.922	40.442
41675_at	67.077	63.397	65.337	57.944	57.255	66.383	62.766	61.042
41676_at	159.46	141.917	150.225	140.005	158.531	147.568	135.283	156.414
41677_at	375.838	352.325	365.609	330.785	337.064	372.966	315.165	403.973
41678_at	113.747	107.092	102.306	106.552	114.687	111.121	97.63	112.11
41679_at	73.757	65.92	72.223	63.193	75.04	77.66	67.554	84.324
41680_at	55.514	60.356	73.788	80.034	69.712	57.419	74.643	66.585
41681_at	38.974	42.532	37.778	37.661	39.409	38.232	37.78	36.465
41682_s_at	31.514	35.127	27.664	29.19	28.361	30.518	26.904	29.212
41683_i_at	17.278	16.55	15.529	15.143	16.358	12.554	14.788	17.39
41684_at	22.121	21.335	20.945	24.215	29.77	22.183	23.156	28.638
41685_at	42.488	40.25	39.944	38.808	47.282	45.251	40.121	44.338
41686_s_at	87.492	81.97	84.191	86.106	91.512	79.372	85.29	81.142
41687_r_at	21.151	17.272	17.404	20.445	21.489	22.586	22.542	22.314
41688_at	124.418	119.96	129.484	119.711	136.138	122.734	127.586	124.676
41689_at	119.171	117.964	135.746	132.958	124.044	121.176	128.566	127.471
41690_at	137.244	106.385	114.273	108.112	119.531	112.598	125.156	124.538
41691_at	71.101	63.376	57.964	56.57	70.701	58.648	56.364	64.251
41692_at	55.355	53.35	59.543	48.376	52.276	55.045	44.399	49.637
41693_r_at	78.501	63.955	73.388	68.749	71.905	72.219	69.897	71.879
41694_at	578.453	594.68	611.104	634.851	589.551	617.785	600.143	628.071
41695_at	59.258	55.553	55.132	54.568	56.317	57.344	49.905	59.592
41696_at	259.083	260.234	258.574	258.184	267.59	258.252	273.511	261.464
41697_at	145.332	132.158	135.398	114.07	129.104	141.07	142.131	136.253
41698_at	152.219	140.274	147.315	131.662	139.814	142.889	150.124	140.417
41699_f_at	98.496	98.763	89.46	95.977	99.806	97.279	104.319	100.061
41700_at	6.865	4.713	3.721	5.965	5.755	7.527	6.824	5.426
41701_at	254.151	270.464	275.188	266.779	274.309	259.928	276.388	262.519
41702_r_at	35.662	42.619	48.605	43.201	38.114	38.041	46.478	46.05
41703_r_at	46.193	41.312	37.466	37.96	42.352	42.631	39.894	38.987
41704_at	135.553	126.818	120.76	127.213	134.813	125.761	151.057	140.579
41705_at	347.332	328.077	330.052	283.719	334.69	323.271	302.638	372.009
41706_at	65.335	58.9	65.499	57.178	69.205	58.428	49.38	66.079
41707_at	71.241	71.81	76.672	72.086	81.022	76.127	71.396	73.016
41708_at	68.273	66.425	63.453	60.823	70.092	61.57	63.536	73.646
41709_at	126.475	121.386	113.347	120.263	139.392	131.545	115.618	136.189
41710_at	62.642	59.467	48.569	49.429	47.32	53.666	52.314	60.113
41711_at	177.245	163.963	148.013	163.644	153.839	164.275	156.396	161.309
41712_at	37.448	36.894	46.278	40.574	41.056	40.332	33.573	43.51
41713_at	231.851	209.425	221.506	192.996	228.959	230.785	193.122	250.808
41714_at	35.839	30.301	27.54	35.232	34.218	33.79	28.811	34.727
41715_at	152.788	134.655	136.335	137.97	138.025	138.519	127.514	138.937
41716_at	51.816	48.158	51.935	46.821	55.86	58.725	50.826	56.126
41717_at	316.863	271.773	287.217	269.339	276.666	269.489	245.794	278.228
41718_g_at	80.511	86.12	91.33	82.177	87.456	87.507	78.887	82.076
41719_i_at	44.834	54.577	52.811	60.204	53.734	49.376	62.223	55.221
41720_r_at	113.036	109.217	106.79	104.319	109.714	110.96	105.762	102.735
41852_at	67.787	61.971	59.121	62.11	66.396	66.329	49.458	59.456
41853_at	51.607	55.303	47.897	51.67	46.931	54.06	49.047	50.377
41854_at	25.94	24.123	22.889	28.403	27.311	27.998	23.993	23.594
41855_at	41.846	52.296	49.507	54.66	45.052	51.374	41.874	47.045
41856_at	275.671	263.617	259.198	241.652	281.722	273.467	254.64	278.066
41857_r_at	14.534	15.175	18.326	19.289	12.493	19.291	15.517	14.85
41858_at	171.766	163.393	170.331	164.482	163.744	151.364	146.635	154.938
41859_at	51.394	53.409	47.816	53.635	49.031	49.642	53.43	51.145
41860_at	35.29	32.854	34.936	36.025	38.905	40.738	40.332	38.536
41861_at	119.337	117.734	109.774	121.494	117.503	109.579	116.984	114.234
41862_at	182.468	163.097	164.545	164.263	171.158	175.803	172.351	180.456
41863_at	135.824	108.004	123.653	112.77	125.929	129.307	112.781	127.773
41864_at	146.195	148.394	148.143	146.079	153.127	150.92	151.6	154.779
41865_at	130.932	125.883	114.889	121.178	139.948	137.336	127.556	131.199
41866_s_at	268.667	262.577	283.555	257.468	291.542	262.347	287.453	265.9
41867_at	294.33	313.406	317.931	328.156	335.174	330.052	334.601	317.12
41868_at	171.95	170.777	166.821	169.082	173.596	169.624	199.549	181.691
41869_at	214.011	177.415	197.527	182.803	194.287	205.014	208.626	204.08
41870_at	96.209	95.26	101.336	96.633	115.674	101.854	98.273	104.177
41871_at	79.023	73.83	78.747	79.088	81.652	73.624	83.869	68.225
41872_at	20.491	23.679	19.849	17.251	20.926	20.386	19.534	19.937
41873_at	59.909	63.365	56.305	55.374	61.72	51.045	55.469	54.658
31786_at	22.362	23.729	20.844	23.33	17.695	26.024	22.556	19.961
31787_at	19.919	19.073	19.655	17.963	18.272	16.861	17.813	19.669
31788_at	34.111	30.948	32.122	31.126	31.646	28.263	30.696	34.621
31789_at	149.592	132.885	127.639	126.818	129.858	138.274	136.243	136.515
31790_at	71.154	65.521	66.668	67.704	75.683	84.367	86.68	81.993
31791_at	42.86	34.832	38.881	38.382	38.254	50.186	40.183	42.803
31792_at	45.993	43.095	35.776	40.991	36.74	34.485	37.983	37.111
31793_at	43.991	38.73	38.878	48.273	48.169	44.367	50.921	51.627
31794_at	100.617	103.345	88.517	89.68	92.589	87.788	95.697	106.487
31795_at	390.599	380.813	401.609	363.159	380.429	380.521	331.15	374.549
31796_at	69.136	75.089	70.522	78.487	73.353	70.914	76.2	72.31
31797_at	107.489	81.569	82.673	77.057	96.543	92.969	83.702	105.382
31798_at	349.52	323.874	331.741	289.182	316.857	319.603	332.54	325.255
31799_at	40.941	42.746	41.611	42.969	45.972	41.035	37.2	43.258
31800_at	82.633	73.771	66.947	64.623	62.539	74.724	67.895	79.035
31801_at	94.126	85.721	87.098	79.559	79.998	83.363	83.061	87.354
31802_at	122.311	108.621	103.817	105.993	103.138	111.508	106.07	109.341
31803_at	151.063	140.456	140.585	125.263	146.186	139.962	143.247	149.152
31804_f_at	145.53	144.054	152.861	154.944	157.305	139.018	163.996	150.416
31805_at	358.12	357.141	333.84	343.68	325.539	325.231	341.806	337.665
31806_at	146.918	124.414	141.59	129.698	169.178	159.194	129.299	173.419
31807_at	204.824	210.886	211.549	188.936	207.057	212.894	184.313	204.46
31808_at	21.574	22.237	20.974	20.792	17.104	21.541	21.909	18.13
31809_at	15.533	14.273	14.169	9.773	18.268	11.263	16.608	15.996
31810_g_at	133.573	122.273	118.852	121.525	138.601	118.537	137.185	131.845
31811_r_at	2.334	3.903	3.432	3.954	3.17	3.845	2.644	4.17
31812_at	147.549	141.907	138.781	133.86	148.809	145.795	146.027	142.124
31813_at	58.253	56.991	56.718	59.646	51.814	50.989	55.92	49.995
31814_i_at	337.113	339.245	325.716	319.199	325.236	328.83	360.438	341.9
31815_r_at	447.8	453.946	486.012	416.781	412.586	475.356	446.57	440.418
31816_at	237.925	255.535	255.68	234.694	249.478	256.623	239.467	229.359
31817_at	54.479	47.555	47.239	43.862	56.183	54.049	44.914	52.443
31818_at	180.364	186.875	178.699	179.895	186.787	175.104	172.77	155.227
31819_at	154.423	149.913	147.832	141.376	154.418	155.349	144.187	156.473
31820_at	522.783	495.36	445.601	514.78	525.04	469.412	502.452	455.448
31821_at	100.421	103.692	100.569	99.611	94.257	101.522	93.873	95.196
31822_at	261.642	248.086	257.765	241.167	244.359	241.971	257.234	246.01
31823_at	36.747	38.005	34.87	37.599	40.55	37.165	32.804	35.606
31824_at	16.271	18.53	21.618	16.809	18.892	17.916	19.794	22.101
31825_at	109.791	89.356	92.474	109.681	98.87	95.64	103.221	103.662
31826_at	82.569	73.041	71.934	67.424	74.467	80.225	77.786	88.528
31827_s_at	60.79	62.777	65.98	78.412	63.434	59.197	71.168	64.115
31828_r_at	194.03	166.119	176.693	179.588	183.66	182.27	185.871	188.857
31829_r_at	141.07	126.837	126.005	119.449	152.631	143.661	125.643	146.987
31830_s_at	302.354	300.966	314.762	308.335	311.919	319.386	290.078	307.006
31831_at	185.398	166.746	163.982	180.591	176.429	170.197	171.771	190.257
31832_at	138.148	111.234	135.04	105.233	134.841	136.787	130.557	131.618
31833_at	274.196	268.604	251.142	262.257	279.954	272.446	266.345	287.656
31834_r_at	7.338	14.226	11.886	9.782	11.565	12.067	11.186	8.203
31835_at	27.741	32.516	33.973	33.884	33.91	33.503	31.96	36.666
31836_at	120.72	111.085	108.741	103.593	116.825	110.704	101.458	127.274
31837_at	689.948	695.839	689.867	687.681	696.956	704.207	646.36	707.965
31838_at	16.994	17.25	18.973	19.914	18.118	21.575	18.904	18.807
31839_at	251.93	235.076	230.076	234.004	248.54	238.684	221.045	226.183
31840_at	199	167.641	168.261	155.411	172.472	190.048	160.559	188.385
31841_at	92.312	93.312	91.14	99.828	92.13	90.25	105.779	98.119
31842_at	204.895	210.39	182.507	181.017	185.369	190.887	193.406	190.671
31843_at	81.316	83.586	68.828	73.282	73.514	73.716	83.829	76.54
31844_at	159.695	165.625	142.182	141.434	147.505	146.342	150.654	134.291
31845_at	73.619	72.863	75.486	71.801	75.118	76.207	67.349	73.491
31846_at	1187.048	1067.093	1014.67	1061.268	1200.217	1158.459	1076.094	1100.737
31847_at	54.348	57.672	48.864	49.549	51.503	60.261	55.425	43.107
31848_at	95.797	93.488	86.373	93.923	86.528	91.783	92.226	91.508
31849_at	89.092	114.541	117.605	111.326	96.125	106.597	125.401	108.522
31850_at	112.138	111.007	94.826	103.632	99.458	112.043	97.904	107.883
31851_at	129.443	119.723	112.632	117.525	137.601	128.054	116.96	122.571
31852_at	90.845	79.442	87.137	86.078	81.235	76.201	91.408	81.773
31853_at	61.097	65.885	59.988	57.432	52.524	59.689	56.233	58.247
31854_at	49.677	51.457	50.437	51.008	50.877	52.499	47.474	53.746
31855_at	153.472	131.253	146.153	133.851	148.914	139.964	154.838	141.842
31856_at	151.306	153.284	148.682	150.085	167.491	168.904	139.871	157.404
31857_r_at	76.518	82.434	96.385	92.903	85.336	78.386	96.441	82.921
31858_at	57.405	60.818	55.057	59.065	57.034	54.17	58.005	50.695
31859_at	71.345	68.125	63.706	68.738	72.989	73.217	67.617	67.394
31860_at	94	92.21	92.334	83.497	85.827	90.149	76.817	87.055
31861_at	644.062	604.915	649.911	585.163	728.164	645.012	638.674	668.391
31862_at	52.408	53.067	49.294	43.911	54.273	54.885	56.454	50.67
31863_at	40.121	45.697	43.989	43.667	41.137	42.534	46.772	37.747
31864_at	98.121	94.006	87.372	86.206	98.791	90.047	92.046	87.086
31865_at	13.186	12.669	10.913	10.992	13.351	11.751	16.299	12.98
31866_at	98.406	116.801	122.569	107.184	100.741	116.293	98.363	109.055
31867_at	43.564	38.618	41.36	43.477	41.041	41.571	42.804	47.153
31868_at	76.117	70.073	71.847	75.17	73.549	74.768	77.681	77.853
31869_at	51.793	52.232	53.206	55.43	49.968	50.962	49.707	62.653
31870_at	146.327	137.867	149.211	146.545	139.153	139.836	132.884	150.377
31871_r_at	11.233	12.144	10.351	11.796	11.285	13.366	12.085	13.468
31872_at	15.906	15.318	13.759	14.775	17.359	14.797	12.331	15.495
31873_at	205.376	199.007	211.594	214.006	208.139	213.433	188.963	210.926
31874_at	137.796	125.638	124.606	118.565	125.384	137.576	132.333	144.209
31875_at	39.374	45.559	32.256	42.452	36.366	44.059	40.227	42.94
31876_r_at	21.229	17.875	14.128	17.134	14.853	20.689	20.089	20.413
31877_at	45.521	38.177	47.64	46.671	42.534	46.983	46.772	42.952
31878_at	46.63	47.932	45.713	54.034	41.4	49.224	51.376	46.351
31879_at	41.134	47.602	39.502	38.098	37.156	39.66	43.32	44.235
31880_at	41.634	41.385	39.74	38.316	36.562	42.221	38.558	41.773
31881_at	27.221	35.023	35.248	39.492	31.319	31.745	45.951	30.822
31882_at	437.478	399.111	379.842	400.832	421.57	434.685	389.076	441.077
31883_at	61.683	67.135	49.067	53.605	56.986	69.07	57.22	60.215
31884_at	84.336	81.522	74.328	76.229	75.997	72.761	75.34	77.579
31885_at	198.789	209.787	204.051	211.919	182.125	188.06	221.596	191.094
31886_at	141.969	139.97	122.777	117.371	119.644	135.769	120.104	143.77
31887_at	188.663	182.322	164.966	180.855	187.01	172.109	187.6	186.729
31888_s_at	137.504	130.428	132.589	127.206	124.68	123.328	134.707	129.802
31889_at	155.459	120.573	134.4	110.128	132.823	151.068	120.787	151.476
31890_s_at	14	15.053	14.387	14.637	15.86	16.246	16.142	13.189
31891_at	166.643	172.74	177.813	182.89	163.956	181.961	173.859	166.18
31892_at	158.116	150.531	160.573	149.273	157.613	162.648	157.864	147.596
31893_at	688.18	694.123	683.7	689.201	714.099	758.07	713.996	697.49
31894_at	81.559	89.895	76.612	91.565	89.524	83.567	95.371	80.958
31895_at	52.821	59.168	52.274	57.007	49.55	57.563	53.292	55.838
31896_at	105.145	110.567	126.092	115.275	115.362	111	117.91	110.626
31897_at	65.386	77.107	64.59	75.667	76.131	74.576	71.687	65.629
31898_at	103.322	108.908	110.205	102.422	99.603	104.934	99.105	100.402
31899_at	53.246	61.474	63.286	68.845	61.491	53.382	71.803	67.992
31900_at	502.598	502.675	488.522	485.361	530.47	509.338	433.683	489.779
31901_at	197.515	171.961	184.25	175.367	229.287	204.805	191.623	203.85
31902_at	78.286	71.163	77.842	75.49	91.257	77.446	72.265	76.373
31903_at	34.934	38.104	37.233	38.377	35.995	37.324	34.647	32.818
31904_at	219.175	215.566	218.005	203.253	244.387	208.854	212.711	210.969
32025_at	325.507	319.124	339.816	322.041	337.865	318.726	339.359	315.304
32026_s_at	152.906	171.86	156.402	157.179	154.249	164.167	142.877	164.164
32027_at	50.658	60.141	45.836	50.107	51.102	50.018	51.041	47.97
32028_at	260.913	249.952	249.002	244.08	264.85	265.3	272.577	277.419
32029_at	570.19	522.881	558.973	496.64	592.899	584.538	533.077	592.292
32030_at	397.74	393.451	419.925	392.738	408.787	383.57	396.793	364.892
32031_at	530.202	490.078	502.853	503.059	540.211	493.277	523.247	491.918
32032_at	192.198	161.31	166.807	163.358	189.39	182.655	177.34	189.873
32033_at	275.179	282.916	270.873	261.583	264.47	286.407	272.054	285.894
32034_at	31.296	26.312	20.881	23.361	24.121	21.882	23.975	25.524
32035_at	217.8	197.912	192.098	181.067	202.711	212.252	178.305	234.028
32036_i_at	24.125	20.153	32.134	29.403	29.986	31.01	27.566	28.687
32037_r_at	20.927	22.456	16.43	14.649	21.094	24.481	19.742	23.308
32038_s_at	121.455	122.829	115.167	102.095	119.323	113.504	119.173	123.848
32039_at	166.074	159.025	159.655	160.828	166.432	167.911	146.144	164.777
32040_i_at	14.654	16.168	16.09	16.964	10.035	15.119	10.951	11.073
32041_r_at	7.778	7.429	8.179	7.834	9.368	6.562	9.785	8.629
32042_at	99.208	93.225	96.127	88.489	111.408	93.803	84.763	100.364
32043_at	184.245	174.437	188.858	178.374	176.533	165.902	159.675	196.637
32044_at	166.339	134.473	143.581	139.8	184.07	166.338	150.132	173.262
32045_at	97.469	107.651	101.47	99.521	90.879	101.758	101.668	96.379
32046_at	123.451	105.413	108.023	100.692	113.46	111.367	110.285	116.741
32047_at	138.81	149.155	163.142	136.691	152.75	131.265	136.758	139.57
32048_at	521.276	599.518	508.629	525.633	501.18	497.76	528.737	461.272
32049_f_at	33.909	36.796	32.544	31.539	35.718	36.771	30.027	35.234
32050_r_at	77.82	66.017	77.448	73.801	77.867	72.171	69.146	77.553
32051_at	68.374	71.312	64.182	68.869	69.489	69.223	63.58	67.446
32052_at	1508.455	1642.29	1558.782	1648.362	1491.282	1439.449	1578.069	1471.966
32053_at	57.154	67.142	52.207	66.016	52.718	60.935	55.649	54.409
32054_at	216.701	176.432	161.537	153.843	226.592	198.593	206.352	222.891
32055_g_at	78.421	59.159	67.363	61.16	62.523	70.112	56.604	67.406
32056_at	37.033	41.918	39.47	38.962	37.188	41.227	31.526	34.666
32057_at	90.743	84.127	82.776	84.418	91.218	78.098	73.8	74.838
32058_at	79.477	74.484	79.211	75.563	80.498	79.215	73.408	79.179
32059_at	36.025	35.748	33.168	35.573	44.363	35.11	36.691	30.73
32060_at	196.886	172.97	202.992	179.674	193.231	201.117	191.726	192.354
32061_at	147.847	142.262	134.136	131.539	161.195	140.619	138.894	140.209
32062_at	29.335	30.26	26.008	29.982	25.05	25.97	29.067	30.292
32063_at	251.564	233.813	224.744	246.586	285.272	262.249	250.557	267.593
32064_at	141.467	135.864	134.574	126.603	134.079	125.979	134.426	144.129
32065_at	80.185	71.088	68.587	58.621	77.583	81.992	72.513	88.981
32066_g_at	112.422	98.029	99.678	95.072	90.83	108.559	93.994	107.209
32067_at	42.971	39.186	39.331	35.74	35.114	37.569	35.291	42.488
32068_at	78.76	83.139	87.061	87.998	86.472	86.69	89.462	83.936
32069_at	74.736	72.178	68.987	70.957	70.852	69.214	70.861	79.694
32070_at	198.136	199.223	196.623	197.284	180.128	189.415	182.406	182.269
32071_at	53.943	49.808	49.401	50.785	61.486	56.941	51.931	56.827
32072_at	299.673	254.131	286.531	265.49	294.467	292.039	266.103	276.3
32073_at	204.474	179.623	194.45	179.013	206.625	211.891	166.655	211.194
32074_at	128.647	122.149	137.85	149.449	140.592	143.254	134.843	128.104
32075_at	40.214	38.026	34.934	39.856	38.926	39.295	35.318	34.28
32076_at	94.232	94.574	86.778	90.274	82.735	91.821	93.861	91.225
32077_s_at	210.96	200	187.702	195.543	196.558	203.434	190.686	190.216
32078_at	21.095	21.634	23.33	21.458	25.155	27.708	26.224	28.116
32079_at	147.448	153.74	163.533	136.924	150.755	140.961	133.304	143.559
32080_at	715.456	678.139	649.311	647.558	691.54	707.986	659.726	704.607
32081_at	27.39	31.671	24.785	28.79	33.435	33.264	27.299	32.78
32082_at	34.446	32.403	30.343	35.999	41.019	35.856	37.478	34.081
32083_at	30.28	36.144	30.84	33.261	26.887	37.662	36.259	28.536
32084_at	66.989	55.43	58.605	61.801	57.932	54.402	53.377	55.922
32085_at	160.129	192.462	169.411	173.1	150.025	155.679	153.17	150.44
32086_at	26.14	30.825	30.158	33.771	38.541	32.307	31.499	33.479
32087_at	89.595	96.475	106.458	90.284	91.137	86.048	88.365	90.955
32088_at	43.661	48.227	49.051	50.009	44.621	46.984	48.173	52.424
32089_at	21.426	20.044	19.024	23.286	23.257	17.455	15.019	17.627
32090_at	61.88	55.064	57.122	56.793	52.959	61.969	47.524	74.213
32091_at	119.61	107.707	105.397	109.32	118.309	107.589	109.644	110.258
32092_at	366.548	337.805	363.188	335.719	367.902	369.1	329.532	365.384
32093_at	24.443	22.295	27.376	22.91	29.381	24.444	21.906	34.406
32094_at	206.036	195.348	196.349	199.768	204.439	194.558	224.388	201.793
32095_at	220.707	230.248	225.632	227.115	208.842	224.451	214.885	210.369
32096_at	253.25	242.095	245.337	251.156	254.909	231.052	238.456	238.099
32097_at	277.146	257.905	239.496	254.221	289.668	275.933	278.726	266.321
32098_at	137.679	136.691	131.71	127.998	137.702	143.193	129.432	136.171
32099_at	133.267	143.686	137.912	152.975	144.461	150.216	146.049	139.803
32100_r_at	1556.138	1470.451	1667.061	1596.311	1687.781	1688.743	1640.785	1492.679
32101_at	440.845	579.927	569.346	671.194	524.059	504.217	416.524	409.207
32102_at	78.326	93.778	85.437	90.374	82.278	84.78	82.124	85.354
32103_at	343.639	363.038	351.876	344.891	367.426	366.173	340.158	348.355
32104_i_at	368.931	338.5	361.684	341.202	356.413	362.455	345.376	341.574
32105_f_at	232.93	201.569	209.92	204.371	221.615	214.867	225.564	216.451
32106_at	402.545	414.844	384.977	385.162	374.015	390.728	388.281	408.628
32107_at	150.654	150.951	144.122	145.786	137.661	145.21	133.037	147.513
32108_at	331.22	320.847	272.929	293.946	326.178	360.589	322.318	358.219
32109_at	215.512	226.804	274.992	253.948	262.917	249.463	250.588	227.325
32110_at	50.753	46.058	49.776	45.18	42.904	43.955	41.329	44.843
32111_at	49.362	51.659	41.759	45.692	49.074	50.647	44.736	51.809
32112_s_at	52.175	51.352	45.367	46.113	47.763	49.613	47.337	54.772
32113_at	86.316	87.043	88.641	100.421	81.294	76.824	98.808	84.181
32114_s_at	78.205	71.594	73.255	68.636	76.182	70.499	71.84	76.264
32115_r_at	701.523	653.157	616.186	630.095	565.88	582.803	588.799	574.341
32116_at	228.289	194.676	195.572	192.238	201.091	211.526	208.201	224.02
32117_at	207.258	219.788	208.16	219.974	206.883	215.533	220.68	207.93
32118_at	13.353	13.261	6.934	10.366	9.717	13.539	12.641	12.415
32119_at	119.629	118.461	109.132	114.472	117.618	128.664	117.733	120.479
32120_at	27.751	23.039	24.844	25.799	29.141	29.591	27.592	29.604
32121_at	98.914	98.334	95.478	102.964	109.417	99.349	93.825	100.846
32122_at	398.467	412.847	476.429	473.399	470.588	432.092	463.028	449.493
32123_at	225.946	224.785	216.145	201.537	223.153	217.191	200.095	216.947
32124_at	72.55	70.469	69.553	65.284	68.999	75.837	59.141	66.924
32125_at	56.173	56.741	46.429	52.265	45.272	48.717	46.104	51.069
32126_at	16.751	20.083	15.833	12.223	16.898	12.005	12.109	14.379
32127_at	83.377	69.537	69.613	77.922	95.292	85.381	85.945	90.302
32128_at	132.751	111.388	127.727	113.733	127.435	124.396	116.69	119.251
32129_at	188.025	157.897	163.893	170.467	170.093	172.053	167.252	177.661
32130_at	57.935	59.29	51.325	55.925	64.02	59.422	60.841	53.119
32131_at	12.739	12.208	12.681	8.612	14.702	16.231	11.128	13.918
32132_at	54.559	57.565	53.543	53.252	61.739	63.086	53.333	63.153
32133_at	225.717	214.376	215.22	205.42	215.071	229.204	213.327	211.001
32134_at	137.98	141.518	140.869	141.01	142.974	129.941	142.49	141.412
32135_at	561.82	541.082	546.327	568.841	582.612	556.794	535.591	549.891
32136_r_at	12.348	10.099	13.122	12.059	10.045	9.849	13.187	13.338
32137_at	448.117	498.665	457.143	453.969	443.897	426.659	421.664	404.703
32138_at	200.674	186.627	182.884	200.907	205.424	199.318	169.724	187.08
32139_at	52.712	50.998	56.346	51.985	50.854	55.754	48.448	54.78
32140_at	128.184	136.642	129.353	129.038	134.051	131.144	133.423	133.627
32141_at	88.172	83.1	79.966	76.511	85.484	92.055	81.342	85.186
32142_at	56.545	63.929	66.919	77.979	60.063	55.333	75.523	63.832
32143_at	77.7	83.412	81.136	89.469	80.095	79.316	88.483	77.645
32144_at	116.763	109.823	117.235	108.229	128.771	122.321	132.414	121.153
32621_at	75.475	79.926	68.42	79.077	70.366	72.276	73.182	81.081
32622_at	508.091	579.396	563.076	580.543	522.969	548.899	523.26	520.54
32623_at	217.999	207.096	218.612	195.742	234.034	230.733	193.081	243.042
32624_at	54.982	55.18	49.383	50.877	48.572	54.697	49.401	54.519
32625_at	353.759	329.362	302.679	329.484	353.381	341.119	372.778	357.065
32626_at	179.011	194.716	161.502	171.56	159.17	175.197	165.295	168.764
32627_at	117.89	120.53	124.426	138.646	127.035	118.018	141.865	122.95
32628_at	84.318	84.549	73.78	80.994	87.189	88.716	76.203	84.511
32629_f_at	350.082	340.882	318.559	313.248	343.547	345.864	335.828	378.633
32630_f_at	68.521	67.743	66.539	82.505	68.89	67.73	77.605	80.489
32631_at	45.07	45.187	45.149	44.03	46.958	45.818	43.43	47.499
32632_g_at	132.379	115.889	120.448	108.224	131.452	136.858	126.774	142.477
32633_at	217.369	211.215	211.506	189.507	186.122	206.206	212.077	192.678
32634_s_at	168.279	152.841	161.716	153.553	152.913	167.549	166.452	166.782
32635_at	96.425	90.011	96.111	82.8	82.57	85.062	100.454	94.58
32636_f_at	11.588	11.051	9.711	11.204	12.495	13.604	12.954	11.822
32637_r_at	10.256	7.462	12.926	14.464	11.281	11.188	14.48	13.51
32638_s_at	22.212	23.809	23.159	24.064	24.385	28.056	22.164	26.152
32639_at	120.186	109.315	109.806	113.105	122.642	122.34	107.447	115.705
32640_at	135.775	97.658	122.976	103.45	125.805	125.822	119.256	140.474
32641_at	28.587	25.488	26.814	25.952	26.665	29.445	28.844	25.416
32642_at	218.076	194.681	190.154	197.648	198.625	187.627	181.759	176.975
32643_at	175.235	169.494	142.673	162.707	178.199	183.831	155.937	180.278
32644_at	140.966	127.156	124.317	121.944	145.227	136.692	127.815	138.421
32645_at	30.576	30.427	31.893	29.47	26.47	34.136	31.605	31.972
32646_at	425.958	416.518	436.081	411.119	445.336	471.771	429.204	438.496
32647_at	83.319	96.947	83.959	85.295	77.211	79.927	83.376	87.272
32648_at	196.537	208.385	205.109	200.898	201.275	207.357	210.269	194.506
32649_at	78.638	76.739	67.144	75.336	74.04	78.188	85.461	74.47
32650_at	64.972	58.996	63.641	58.692	55.629	51.939	58.058	49.572
32651_at	254.838	221.702	237.618	248.588	278.782	256.183	283.395	260.524
32652_g_at	185.564	168.767	191.106	186.648	187.48	171.639	182.533	163.734
32653_at	186.343	168.642	183.268	158.806	169.468	167.612	179.73	178.323
32654_g_at	65.155	79.541	76.859	72.548	63.735	70.366	70.705	67.932
32655_s_at	39.955	46.008	44.143	50.496	40.201	43.987	45.896	43.565
32656_at	15.278	12.731	9.134	13.376	15.368	13.613	12.619	13.164
32657_at	132.497	142.021	148.556	134.213	136.148	149.907	124.252	148.314
32658_at	199.34	199.114	205.228	184.724	202.9	207.899	197.092	212.618
32659_at	224.066	257.142	255.944	251.231	235.277	234.46	223.579	240.687
32660_at	276.873	267.147	259.028	276.144	302.642	285.237	317.977	276.341
32661_s_at	105.412	104.419	92.787	88.319	105.641	105.874	88.075	98.846
32662_at	78.225	85.014	80.762	77.131	79.146	83.915	81.938	81.959
32663_at	129.143	104.753	121.305	100.077	121.204	133.971	115.641	126.221
32664_at	143.607	144.507	144.771	141.756	145.496	146.685	150.849	158.888
32665_at	34.08	36.639	29.318	30.018	32.842	32.135	31.978	30.516
32666_at	197.879	221.932	194.527	199.096	189.316	202.092	190.043	207.908
32667_at	11.727	12.075	12.645	12.908	8.909	13.559	11.079	12.762
32668_at	36.455	36.453	32.298	29.422	36.454	33.204	31.897	29.885
32669_at	16.746	16.02	18.074	19.334	16.723	17.169	15.437	17.316
32670_at	277.365	254.68	244.897	244.094	272.258	263.727	237.611	274.021
32671_at	98.764	93.877	97.797	95.859	97.485	102.017	97.545	103.407
32672_at	32.858	25.214	27.224	28.623	30.809	31.269	26.211	29.057
32673_at	165.951	143.776	145.484	142.802	152.623	154.781	156.452	165.458
32674_at	159.146	145.306	140.775	141.109	159.257	158.442	171.171	165.848
32675_at	27.49	27.286	27.174	22.535	29.452	21.422	24.057	22.835
32676_at	134.385	128.841	118.923	109.687	122.84	115.711	125.877	132.854
32677_at	126.441	114.087	121.489	104.843	120.001	118.154	118.804	119.315
32678_at	54.078	39.496	45.289	43.127	51.146	48.531	48.229	49.006
32679_at	190.472	180.178	190.618	201.734	193.084	184.818	206.261	199.223
32680_at	278.942	253.496	227.421	232.073	266.371	225.986	239.601	249.334
32681_at	599.739	611.556	627.638	597.598	616.765	649.271	549.474	665.04
32682_at	22.266	18.793	20.453	19.261	23.25	24.179	21.984	22.232
32683_at	35	31.757	27.102	26.124	38.263	26.853	27.562	30.188
32684_at	25.113	27.573	26.681	26.943	26.552	23.715	28.969	25.033
32685_at	57.88	58.484	57.065	58.003	68.135	60.448	63.716	66.393
32686_at	48.449	40.281	36.725	38.978	41.963	42.783	35.403	45.21
32687_s_at	132.385	132.498	129.078	118.704	131.137	136.77	106.452	119.662
32688_at	64.471	74.381	69.453	76.488	76.913	70.033	72.702	69.534
32689_s_at	89.503	92.388	88.083	86.895	90.582	91.075	81.191	81.356
32690_s_at	106.382	95.495	95.31	96.899	88.357	92.682	107.142	90.656
32691_s_at	313.953	283.319	306.704	322.389	351.619	307.901	332.581	304.344
32692_at	65.401	61.645	65.801	59.39	70.263	73.937	56.266	72.032
32693_at	47.143	42.986	41.716	39.346	50.321	49.485	36.071	48.211
32694_at	67.694	66.026	68.661	70.447	68.751	79.758	65.32	64.345
32695_at	98.26	116.309	102.654	108.618	113.199	111.434	112.484	114.132
32696_at	191.456	191.977	193.188	196.385	197.025	179.214	200.661	186.476
32697_at	107.542	115.546	112.524	116.694	107.872	114.932	106.027	116.355
32698_at	206.629	174.294	214.204	170.064	220.123	195.299	214.692	203.009
32699_s_at	102.142	112.645	110.109	104.925	103.957	101.064	97.951	101.172
32700_at	60.697	71.074	68.054	64.894	65.174	66.43	71.85	64.194
32701_at	746.916	624.391	644.426	599.531	789.872	755.448	554.17	742.184
32702_at	474.145	515.01	470.22	468.851	479.735	511.005	490.259	513.966
32703_at	105.037	103.18	92.268	97.663	119.978	107.864	86.344	120.411
32704_at	106.322	89.345	93.988	94.738	99.29	101.543	99.481	115.462
32705_at	194.975	166.324	166.148	154.468	184.854	191.579	185.56	201.831
32706_at	46.571	46.911	43.199	39.725	43.682	40.654	47.351	41.503
32707_at	15.868	15.802	13.511	17.277	15.413	16.282	16.202	14.529
32708_g_at	31.739	36.905	29.341	36.097	26.864	28.665	31.246	35.877
32709_at	71.841	76.897	56.014	63.25	59.606	69.395	63.134	63.819
32710_at	190.416	165.037	185.824	169.493	205.855	189.906	176.503	196.295
32711_g_at	28.339	25.92	25.237	24.587	30.436	27.396	29.473	29.117
32712_at	29.995	22.598	22.588	21.765	27.531	23.033	27.327	27.98
32713_at	91.512	88.771	81.27	89.798	100.635	99.725	90.077	90.75
32714_s_at	134.02	104.055	121.282	138.713	143.731	119.824	140.276	143.364
32715_at	650.334	649.807	637.364	661.476	687.889	650.577	711.839	703.221
32716_at	656.434	581.253	608.318	602.418	741.881	655.342	675.544	683.399
32717_at	601.849	550.421	535.527	484.71	589.17	579.023	580.861	597.911
32718_at	75.392	71.293	64.753	64.872	63.945	69.588	61.534	71.026
32719_at	192.342	182.396	211.077	203.606	187.298	206.391	188.946	206.784
32720_at	33.191	31.86	33.128	25.986	27.719	30.449	30.179	31.207
32721_at	40.627	33.242	38.513	35.934	36.902	31.739	37.817	42.257
32722_at	61.302	65.394	65.879	71.736	64.117	61.262	62.898	61.837
32723_at	35.947	28.973	32.167	31.292	28.964	28.965	35.683	27.772
32724_at	121.944	135.281	120.782	142.447	124.226	112.315	121.711	107.448
32725_at	130.647	131.482	135.05	134.414	144.055	141.907	126.094	138.122
32726_g_at	24.679	23.059	23.274	21.459	23.749	22.309	22.87	23.918
32727_at	559.964	486.659	502.732	469.458	512.088	498.941	510.61	525.989
32728_at	142.246	140.734	145.525	131.509	143.299	145.982	135.328	164.652
32729_at	44.5	46.217	46.291	38.049	40.959	41.128	42.409	43.392
32730_at	51.048	56.552	54.616	50.654	49.512	48.36	52.072	50.947
32731_at	180.191	178.547	176.027	163.17	181.489	172.141	191.676	160.887
32732_at	33.666	29.047	32.398	31.357	38.432	32.305	29.468	33.126
32733_at	33.207	32.326	31.394	32.908	39.994	33.424	31.91	34.915
32734_at	33.197	34.08	26.32	31.919	33.385	37.914	30.764	28.091
32735_at	50.963	42.348	42.635	41.076	47.832	47.224	43.93	49.172
32736_at	138.348	143.417	141.988	148.117	153.563	145.858	153.744	147.398
32737_at	143.788	149.156	161.13	153.491	150.08	154.558	137.035	144.932
32738_at	182.04	196.376	185.216	205.345	175.152	177.381	194.5	181.731
32739_at	169.04	139.899	151.765	135.184	158.934	172.875	136.797	146.056
32740_at	58.891	65.881	61.977	65.752	62.265	61.385	58.399	59.593
33218_at	187.038	185.757	181.981	170.142	176.876	187.946	166.099	177.15
33219_at	92.11	94.923	82.915	79.364	88.989	89.393	91.855	92.041
33220_at	146.426	128.384	122.215	131.05	139.933	143.093	131.746	155.821
33221_at	186.621	202.851	209.631	239.167	205.63	201.393	228.521	211.652
33222_at	59.318	56.567	56.727	57.362	60.172	58.805	51.635	62.247
33223_at	132.943	154.686	137.079	141.153	130.023	136.608	138.429	141.808
33224_at	250.551	222.035	223.067	226.636	267.063	265.921	248.668	280.95
33225_at	105.553	99.172	99.432	102.941	104.285	105.033	114.196	99.309
33226_at	417.429	348.897	334.809	331.676	368.161	389.528	373.814	397.65
33227_at	71.723	68.352	67.438	71.655	70.565	66.697	67.113	76.264
33228_g_at	248.392	231.742	214.215	224.743	230.141	217.743	222.884	242.797
33229_at	32.941	31.935	33.067	26.725	24.337	32.779	32.104	26.01
33230_at	616.085	545.384	572.399	481.658	569.458	584.951	631.687	605.992
33231_at	111.98	110.254	98.733	113.054	108.251	114.579	100.957	110.383
33232_at	106.153	115.447	103.37	85.552	93.059	104.503	88.015	109.94
33233_at	23.157	20.971	21.115	20.16	22.998	28.242	22.097	19.093
33234_at	79.99	78.682	74.052	74.93	78.393	81.308	67.846	71.45
33235_at	75.532	68.135	56.137	60.16	79.784	80.42	66.653	87.717
33236_at	61.296	55.444	59.219	55.629	55.147	52.056	51.228	62.671
33237_at	145.81	175.27	166.436	173.069	158.43	165.274	166.592	169.191
33238_at	132.494	181.939	152.402	114.904	134.881	115.785	109.024	108.022
33239_at	30.165	28.084	24.497	33.304	23.199	25.013	25.161	24.215
33240_at	25.12	23.525	25.78	24.884	24.408	26.515	26.371	21.401
33241_at	46.255	41.348	53.036	50.344	66.41	47.996	35.942	47.518
33242_at	127.946	127.303	147.463	150.416	145.715	135.872	159.048	147.837
33243_at	57.825	64.727	60.514	58.426	60.039	61.882	63.419	61.864
33244_at	105.202	102.037	97.527	91.825	99.971	97.639	108.344	94.208
33245_at	106.275	104.108	105.66	103.311	107.879	97.906	91.051	100.29
33246_at	186.496	178.435	175.735	171.406	175.115	178.574	173.868	184.691
33247_at	107.377	117.125	118.247	123.617	99.422	105.249	108.184	99.782
33248_at	96.529	77.776	92.998	74.826	90.311	90.915	86.111	83.747
33249_at	135.398	129.216	129.117	127.64	142.426	141.509	134.201	127.977
33250_at	69.889	81.198	85.69	72.691	73.69	74.132	71.865	71.5
33251_at	169.808	153.82	159.9	148.814	178.064	158.578	153.283	162.177
33252_at	280.326	255.91	251.605	252.839	273.303	266.069	251.125	251.415
33253_at	113.167	77.317	78.958	84.866	90.297	86.485	84.229	88.019
33254_at	22.147	25.606	23.798	23.293	26.519	25.612	20.838	22.838
33255_at	166.905	169.503	162.835	159.36	174.496	153.103	173.542	149.042
33256_at	39.401	36.435	40.042	38.76	36.808	39.245	36.096	35.022
33257_at	153.159	150.537	133.627	128.427	147.249	143.694	141.695	146.407
33258_g_at	81.426	75.082	76.669	75.671	72.881	81.952	72.365	87.816
33259_at	45.294	41.162	40.393	42.242	46.019	31.604	44.513	42.262
33260_at	106.78	110.934	118.841	105.178	109.606	114.375	109.975	133.178
33261_at	440.921	431.98	416.112	415.462	420.696	438.279	398.346	436.983
33262_at	68.033	68.305	61.613	60.51	59.723	63.895	60.755	67.982
33263_at	127.35	140.124	133.498	126.591	126.741	131.379	127.808	134.349
33264_at	89.67	93.235	94.987	91.259	137.373	131.061	128.423	137.181
33265_at	62.859	68.741	70.471	68.127	67.674	71.232	72.598	73.391
33266_at	331.961	303.837	320.048	314.583	365.276	360.612	326.645	343.814
33267_at	194.703	201.534	175.6	192.436	170.728	177.512	197.669	195.578
33268_at	201.933	176.602	176.84	153.128	194.172	192.07	172.265	196.066
33269_at	432.679	477.809	454.755	481.93	439.561	426.116	425.555	385.184
33270_i_at	8.341	9.203	8.636	11.145	10.103	10.338	11.002	8.538
33271_r_at	13.013	12.982	10.275	15.928	12.364	16.163	13.014	14.631
33272_at	214.152	181.814	191.404	179.899	200.421	202.707	172.682	215.834
33273_f_at	310.08	323.151	314.677	316.704	287.804	286.899	339.882	303.162
33274_f_at	315.544	341.291	340.643	332.927	296.106	295.305	348.807	325.723
33275_at	261.677	258.187	254.533	240.63	258.433	258.929	208.132	241.947
33276_at	93.951	83.162	88.974	83.686	86.856	90.655	93.962	87.098
33277_at	697.77	631.907	701.996	694.867	637.965	648.387	678.117	677.703
33278_at	95.51	108.861	88.768	93.366	98.303	93.913	91.843	91.779
33279_s_at	106.593	107.105	103.92	106.492	106.19	114.458	95.161	104.676
33280_r_at	84.582	80.043	90.178	92.998	89.42	82.921	83.134	87.129
33281_at	157.991	146.135	147.354	135.039	143.988	150.826	129.97	150.37
33282_at	374.015	370.516	380.567	385.432	360.964	385.492	372.904	387.413
33283_at	253.297	235.428	239.423	231.739	237.819	243.187	234.266	258.057
33284_at	53.094	56.384	56.37	54.907	53.09	48.247	55.735	50.675
33285_i_at	17.687	24.587	20.242	20.455	18.303	19.722	22.88	20.845
33286_at	126.349	116.073	128.76	118.82	144.235	137.441	132.713	133.874
33287_at	354.238	371.65	359.439	359.815	381.38	338.268	336.124	322.755
33288_i_at	82.279	82.57	76.417	77.981	81.48	81.273	90.272	81.277
33289_f_at	115.386	117.51	117.667	109.138	113.004	110.696	115.982	121.293
33290_at	121.656	118.502	130.986	116.961	137.767	124.488	125.896	126.588
33291_at	60.727	52.649	58.401	61.236	68.837	59.741	60.7	59.132
33292_at	257.857	251.949	263.502	260.913	258.174	251.928	250.248	257.556
33293_at	548.927	561.805	610.832	594.278	668.976	593.099	635.195	586.155
33294_at	75.001	77.193	73.009	77.975	68.468	76.039	81.075	69.616
33295_at	234.213	245.373	228.342	249.749	239.853	247.046	226.127	233.14
33296_at	25.083	24.7	24.403	31.873	32.314	25.049	27.401	27.613
33297_at	99.356	104.517	99.069	104.052	91.84	95.565	103.969	94.424
33298_at	35.201	29.365	35.428	33.224	33.006	35.688	33.415	30.797
33299_at	76.706	66.636	71.232	66.282	67.712	69.342	59.916	67.382
33300_at	95.578	94.108	85.89	88.55	86.731	94.344	86.307	89.04
33301_g_at	132.747	132.005	120.225	138.218	120.637	128.374	113.445	122.378
33302_at	32.033	24.614	24.733	25.274	33.311	29.878	33.652	35.809
33303_at	116.43	109.03	118.521	112.665	126.946	133.78	119.66	124.489
33304_at	116.589	104.991	93.03	95.074	100.452	108.13	107.857	116.333
33305_at	410.376	421.303	412.644	420.102	376.25	398.344	428.436	425.453
33306_at	53.724	44.098	50.81	42.979	48.955	46.697	50.285	50.118
33307_at	89.342	83.884	85.662	91.832	98.52	87.651	101.446	95.596
33308_at	299.432	285.218	253.342	289.716	322.553	270.623	297.161	268.568
33309_at	7.343	7.076	7.43	10.119	7.202	9.187	6.211	7.723
33310_at	48.022	36.853	39.793	41.547	42.214	39.568	39.092	39.079
33311_at	522.292	488.616	500.129	472.523	474.32	473.238	522.162	508.122
33312_at	69.473	70.44	73.337	67.471	63.696	67.801	73.258	65.102
33313_g_at	26.391	27.157	25.586	26.539	29.28	30.865	28.337	27.832
33314_at	100.491	105.929	87.274	107.47	86.026	99.002	101.871	91.157
33315_at	63.198	67.075	60.494	59.049	72.619	70.896	72.39	73.699
33316_at	18.193	16.239	16.222	17.099	20.168	18.5	17.137	19.307
33317_at	37.585	36.692	34.836	35.594	34.944	34.279	35.704	33.054
33318_at	77.897	67.666	63.324	71.486	75.85	72.836	67.331	83.034
33319_at	811.952	710.237	684.756	693.338	812.381	784.657	668.432	791.627
33320_at	136.491	116.477	155.149	126.55	147.495	134.046	134.349	143.388
33321_r_at	169.495	176.317	163.707	172.807	173.533	168.065	184.594	170.635
33322_i_at	210.725	193.21	200.107	182.386	192.294	201.538	170.049	195.836
33323_r_at	261.758	237.956	247.681	249.621	289.63	253.341	265.748	229.03
33324_s_at	93.983	108.511	104.718	105.217	96.383	99.433	95.75	98.091
33325_at	98.938	103.491	101.679	96.63	101.665	98.093	108.507	105.168
33326_at	63.117	67.263	58.297	61.662	59.161	58.653	54.1	55.071
33327_at	154.836	159.901	158.2	162.515	158.685	159.563	164.501	159.371
33328_at	201.923	189.225	191.534	174.504	175.536	176.37	185.938	173.646
33329_at	122.383	132.775	119.55	120.953	127.862	130.11	123.273	125.974
33330_at	139.38	130.894	136.444	135.299	122.441	135.972	127.177	125.042
33331_at	125.024	118.306	126.552	115.416	130.839	130.056	125.435	119.994
33332_at	519.383	583.156	510.858	482.422	500.53	512.583	455.936	455.651
33333_at	33.573	27.066	28.149	30.674	28.476	25.5	27.171	29.723
33334_at	45.617	50.142	52.426	56.262	50.128	46.664	53.195	45.486
33335_at	108.225	96.239	98.016	101.293	117.322	98.83	107.107	102.067
33336_at	165.504	160.943	167.792	162.443	153.978	161.613	165.598	157.642
33337_at	65.654	70.117	64.081	65.561	65.177	62.874	70.543	66.871
33698_at	993.652	906.957	1021.136	924.281	918.125	933.57	949.481	1005.469
33699_at	335.261	352.107	350.084	351.099	328.349	347.528	328.948	366.595
33700_at	65.275	70.459	58.923	66.514	69.339	69.459	56.6	67.914
33701_at	41.405	35.925	44.375	35.349	40.118	39.802	43.726	41.554
33702_f_at	86.597	87.153	87.863	82.283	81.793	84.248	91.14	79.946
33703_f_at	64.145	69.098	70.663	77.44	73.14	68.625	75.19	74.611
33704_at	58.631	60.362	66.44	68.909	63.745	61.817	73.03	60.126
33705_at	22.242	22.113	21.291	18.602	23.961	23.262	21.086	24.068
33706_at	120.059	105.66	103.755	105.74	112.558	113.08	108.12	113.853
33707_at	182.669	184.366	168.788	167.719	171.919	173.207	153.191	191.107
33708_at	962.498	885.32	948.952	902.051	963.799	1000.637	922.196	1026.123
33709_at	98.037	93.296	89.462	85.558	84.554	90.308	90.339	91.033
33710_at	61.928	71.707	55.48	65.379	60.568	62.299	67.37	64.891
33711_at	147.976	150.575	134.834	151.249	146.408	147.166	146.53	155.998
33712_at	265.052	224.63	228.899	211.123	255.197	253.473	244.98	279.509
33713_at	570.21	544.283	561.908	558.424	547.283	537.506	537.732	545.044
33714_at	25.253	31.131	25.149	28.279	24.227	24.6	27.314	25.51
33715_r_at	5.592	3.169	5.047	6.054	6.169	6.266	8.756	5.88
33716_at	87.682	83.651	78.606	74.591	77.346	81.813	84.339	74.917
33717_at	34.081	33.966	28.938	27.928	22.632	24.785	27.122	30.297
33718_at	74.682	70.87	71.675	66.75	75.179	75.096	59.888	76.282
33719_at	510.07	443.412	497.025	437.375	492.431	513.917	478.708	468.303
33720_at	16.217	15.06	12.416	15.639	13.653	8.8	13.306	12.798
33721_at	19.609	16.448	13.525	17.958	19.325	19.149	17.527	16.772
33722_at	66.221	73.149	67.162	76.639	74.957	77.671	59.588	66.771
33723_at	51.046	50.534	63.865	67.092	55.624	52.39	70.103	59.404
33724_at	51.139	48.071	47.911	49.525	54.222	50.449	49.888	54.417
33725_at	27.993	25.483	29.16	27.021	26.227	24.219	21.764	25.133
33726_at	53.075	54.591	56.097	49.736	48.747	50.055	50.317	55.475
33727_r_at	538.033	523.972	580.906	536.387	590.382	574.491	549.062	574.742
33728_at	71.296	69.833	70.498	72.417	92.035	84.919	79.624	80.791
33729_at	138.201	126.413	131.731	131.547	141.385	142.733	134.167	145.206
33730_at	69.22	80.83	66.468	61.248	65.295	66.437	62.331	62.926
33731_at	68.006	70.097	83.297	81.667	86.853	80.462	90.271	76.298
33732_at	101.232	83.74	86.145	84.175	93.486	83.736	99.478	87.628
33733_at	82.323	75.09	79.907	83.53	85.588	73.239	89.609	66.208
33734_at	29.199	29.588	28.547	25.467	26.479	31.888	28.17	28.196
33735_at	35.111	40.165	37.079	38.491	37.829	37.554	31.269	33.824
33736_at	110.626	106.846	98.022	104.084	117.434	109.32	124.106	108.838
33737_f_at	217.497	209.167	224.106	206.407	202.358	212.552	195.156	195.838
33738_r_at	182.669	189.072	195.785	187.13	187.532	184.388	206.007	193.271
33739_at	36.496	32.656	33.441	30.925	36.513	37.115	34.544	40.986
33740_at	425.341	368.856	360.763	362.79	399.914	411.819	443.191	432.041
33741_at	79.268	76.728	78.211	78.975	71.259	84.733	73.207	84.073
33742_f_at	71.03	75.846	78.476	91.138	75.003	67.992	98.605	86.245
33743_at	44.027	47.497	41.27	49.05	40.798	38.101	40.706	44.751
33744_at	95.399	84.567	96.383	91.343	105.6	97.034	99.772	101.49
33745_at	186.407	185.193	184.464	179.067	188.893	182.955	186.832	186.385
33746_at	132.742	132.256	131.705	131.841	137.034	137.182	133.309	132.318
33747_s_at	168.629	170.509	164.513	173.2	185.367	176.084	146.698	196.781
33748_at	174.711	194.165	174.64	186.654	188.32	210.407	181.316	210.053
33749_at	87.441	77.644	59.655	70.054	90.494	77.657	69.471	89.341
33750_at	852.309	835.437	790.312	791.956	808.455	804.897	815.032	877.629
33751_at	146.137	145.33	146.675	132.864	140.249	149.112	136.529	146.611
33752_at	223.435	231.174	208.608	219.336	224.333	205.589	222.206	259.509
33753_at	65.996	58.96	54.275	58.977	56.324	61.68	59.567	61.697
33754_at	87.104	88.797	94.011	79.274	87.198	92.144	80.123	90.235
33755_at	47.547	42.435	47.693	41.283	47.867	48.929	47.98	44.045
33756_at	95.23	100.897	104.382	108.427	92.486	98.191	110.344	91.685
33757_f_at	174.401	152.525	159.867	152.034	157.023	160.491	158.075	184.999
33758_f_at	328.597	303.483	302.699	271.035	284.781	305.593	281.874	306.68
33759_at	23.799	25.507	21.06	23.689	23.884	23.662	23.192	21.583
33760_at	150.901	143.247	139.116	123.765	134.901	139.327	131.813	136.661
33761_s_at	27.275	25.499	25.649	25.171	28.704	24.955	29.199	24.312
33762_r_at	37.924	24.129	31.437	29.892	38.078	30.704	31.49	35.847
33763_at	252.528	221.556	218.957	226.385	241.915	235.094	217.826	241.705
33764_at	107.015	106.284	89.807	109.304	108.986	95.532	106.79	96.272
33765_at	20.119	20.884	20.481	18.4	17.852	21.106	20.751	20.804
33766_at	84.049	80.368	74.458	76.356	79.8	81.157	75.973	82.043
33767_at	26.293	31.894	28.652	25.872	27.324	26.727	26.503	25.017
33768_at	603.856	596.135	619.772	584.486	641.289	629.998	602.185	638.722
33769_at	70.201	73.357	75.856	66.946	75.377	67.161	78.945	72.43
33770_at	316.728	320.466	311.665	315.21	320.181	308.675	349.039	320.154
33771_at	51.236	52.398	57.527	54.446	62.654	46.761	55.787	50.608
33772_at	137.312	145.139	135.097	150.288	152.331	148.829	134.816	152.259
33773_at	36.605	30.286	37.332	29.192	39.647	34.044	30.06	43.408
33774_at	173.232	172.182	182.977	186.707	194.482	176.363	198.602	188.389
33775_s_at	31.617	38.144	30.292	41.059	49.05	40.198	43.178	39.182
33776_at	45.939	53.659	37.659	48.73	50.859	49.454	46.393	44.08
33777_at	101.863	85.299	82.369	82.956	84.413	92.126	90.649	93.658
33778_at	322.017	298.794	297.818	305.12	368.4	356.015	315.426	357.307
33779_at	906.08	863.293	861.385	829.537	904.835	983.034	767.212	951.798
33780_at	25.851	20.536	21.957	26.09	22.746	25.293	22.724	22.7
33781_s_at	231.821	211.269	222.394	195.938	224.005	227.54	214.332	236.291
33782_r_at	935.98	887.13	934.31	870.53	955.589	972.854	938.631	977.359
33783_at	599.385	526.842	573.001	522.916	542.802	576.413	528.73	597.582
33784_at	650.564	535.442	548.225	514.719	581.01	631.517	523.42	628.837
33785_at	329.99	303.132	305.841	303.32	338.727	325.326	315.477	329.453
33786_r_at	3.19	3.033	5.095	3.109	3.078	3.076	7.941	4.031
33787_at	111.929	103.928	105.325	108.259	117.186	126.194	116.406	128.259
33788_at	130.618	132.001	130.024	124.845	130.576	118.807	113.542	133.285
33789_at	211.559	187.152	201.174	195.723	243.546	248.338	226.366	256.197
33790_at	273.765	304.788	287.1	279.753	359.264	329.41	268.406	310.142
33791_at	31.055	34.016	26.491	29.151	25.573	28.887	33.298	32.37
33792_at	104.326	92.054	92.725	88.048	100.062	95.661	96.813	104.103
33793_at	112.111	123.796	111.52	111.486	93.429	102.493	93.394	95.756
33794_g_at	135.329	143.076	138.079	134.312	128.802	138.042	126.699	117.717
33795_at	245.661	238.63	209.088	224.051	234.775	242.149	210.864	239.198
33796_at	196.948	170.971	171.95	143.613	161.45	162.91	157.539	155.574
33797_at	94.385	100.681	94.775	98.925	85.998	95.193	104.019	94.975
33798_at	277.802	261.009	262.713	260.95	266.13	277.697	283.574	280.636
33799_at	72.549	73.796	65.51	65.992	58.966	64.396	73.022	61.846
33800_at	151.445	145.791	135.793	136.348	142.082	148.273	125.251	141.07
33801_at	116.921	110.163	118.67	106.818	119.26	112.598	109.736	115.668
33802_at	104.46	102.661	106.417	103.659	104.908	99.608	91.863	103.226
33803_at	98.347	89.784	90.758	76.561	91.555	89.579	95.901	93.319
33804_at	132.668	142.712	143.596	148.3	132.217	129.649	170.851	144.362
33805_at	66.45	66.994	66.089	64.289	61.561	67.197	64.28	61.954
33806_at	161.144	157.431	138.906	158.916	168.336	157.946	145.737	149.488
33807_at	91.853	85.951	96.554	93.178	108.151	94.819	102.771	96.458
33808_at	173.049	174.649	167.953	168.814	169.719	168.138	164.884	156.405
33809_at	62.403	61.271	59.913	54.583	62.88	61.052	55.514	60.664
33810_at	84.777	85.309	89.555	92.879	95.978	95.511	101.198	91.131
33811_at	119.95	142.024	134.349	134.143	138.216	132.536	115.852	124.832
33812_at	93.398	94.074	98.087	103.317	106.551	105.819	100.041	104.575
33813_at	264.154	270.082	267.927	276.725	302.06	283.989	273.99	292.632
33814_at	284.19	284.454	288.357	276.334	262.824	270.976	281.722	270.55
33815_at	81.371	82.444	82.011	82.35	82.988	78.841	82.175	79.467
33816_at	190.733	200.845	218.946	234.892	203.609	192.376	199.877	194.146
34176_at	195.164	177.606	190.253	173.344	203.415	191.881	191.559	208.072
34177_at	244.245	253.083	246.187	252.657	273.399	259.498	231.709	256.132
34178_at	100.727	100.497	94.422	88.97	96.948	101.164	98.696	107.054
34179_at	114.792	120.109	125.871	111.12	111.297	121.875	123.747	118.765
34180_at	86.82	77.842	81.815	74.116	84.757	83.21	80.487	85.83
34181_at	78.353	68.263	51.213	64.291	63.065	69.673	67.591	66.739
34182_at	276.703	241.12	251.338	229.441	260.405	256.911	257.01	261.035
34183_at	489.055	463.21	473.035	457.319	424.441	445.27	455.433	466.134
34184_at	199.081	182.665	170.019	195.505	197.924	194.523	189.584	202.23
34185_at	211.943	184.947	211.569	186.866	217.528	211.869	186.138	239.797
34186_at	76.488	63.727	69.807	64.286	72.709	68.7	66.583	68.644
34187_at	191.472	173.298	178.606	167.094	197.453	206.774	167.29	210.433
34188_at	42.769	47.265	37.442	41.19	44.625	43.774	39.656	41.105
34189_at	111.362	108.96	105.21	98.91	108.67	108.705	99.536	116.021
34190_at	19.052	21.394	16.015	19.993	16.647	19.59	15.212	19.336
34191_at	34.457	33.62	31.324	27.676	39.485	32.774	37.636	29.893
34192_at	106.162	100.28	80.677	98.823	93.428	93.115	83.005	90.524
34193_at	24.582	19.637	23.966	18.552	21.148	20.392	22.926	23.546
34194_at	10.925	10.764	10.168	9.208	12.552	13.512	10.644	11.426
34195_at	77.679	68.335	66.954	70.582	69.08	72.754	73.403	75.026
34196_at	67.733	87.554	88.121	81.607	73.376	73.4	73.95	65.213
34197_at	193.719	196.675	189.374	190.357	195.718	201.649	182.78	188.242
34198_at	84.521	90.935	92.007	92.63	85.903	88.399	89.543	89.979
34199_at	68.112	69.666	64.707	72.975	71.433	71.073	70.739	75.202
34200_at	149.727	145.48	140.919	133.796	141.096	153.39	135.489	156.561
34201_at	89.304	84.934	96.987	91.259	111.455	101.193	104.246	101.513
34202_at	29.257	24.327	26.346	25.092	26.757	25.508	24.583	27.372
34203_at	80.387	68.775	67.981	67.88	74.249	78.77	77.965	80.542
34204_at	73.683	70.042	84.169	74.798	70.124	82.49	70.788	70.034
34205_at	147.063	147.62	143.716	144.222	165.433	156.54	144.366	147.48
34206_at	186.393	177.118	178.216	174.246	191.303	183.721	187.888	183.056
34207_at	179.164	179.441	178.111	166.568	173.759	169.635	174.026	166.288
34208_at	18.471	17.377	14.638	14.704	17.059	16.365	16.71	12.253
34209_at	111.354	112.603	110.192	112.505	110.792	114.287	106.3	121.761
34210_at	92.368	105.076	92.41	109.215	102.477	100.565	106.012	102.387
34211_at	55.063	54.423	49.771	49.635	66.461	53.751	57.423	50.381
34212_at	81.527	69.01	74.402	63.677	78.364	72.759	74.161	72.183
34213_at	125.681	132.226	126.672	131.27	122.492	120.483	143.44	118.436
34214_at	31.68	28.645	30.692	29.9	39.326	31.753	27.494	33.406
34215_at	361.637	416.861	368.819	415.329	374.166	365.388	417.72	368.087
34216_at	59.436	58.771	57.057	57.869	58.972	61.576	68.649	65.526
34217_at	101.192	89.23	96.715	88.749	126.341	104.014	90.026	103.588
34218_at	173.022	163.962	153.885	162.101	184.301	169.787	157.353	179.107
34219_at	133.681	132.803	124.761	114.476	125.817	133.818	133.575	141.018
34220_at	69.946	54.613	58.738	53.525	65.3	69.503	55.607	64.621
34221_at	201.827	184.951	178.238	165.811	189.608	203.609	176.345	192.795
34222_at	217.814	189.389	198.41	194.816	229.271	212.486	188.834	212.164
34223_at	68.483	70.215	65.138	67.064	75.083	71.066	70.939	68.843
34224_at	75.385	85.264	74.178	82.924	85.06	87.068	87.784	83.796
34225_at	110.34	111.139	113.127	122.865	113.365	111.258	125.681	123.357
34226_at	60.104	54.443	46.678	51.439	47.512	50.868	54.008	56.698
34227_i_at	50.589	59.02	43.156	44.942	60.681	55.852	46.632	54.38
34228_r_at	44.007	35.192	32.7	39.92	37.801	36.282	39.437	35.541
34229_s_at	108.129	112.595	107.014	120.117	119.085	110.805	110.866	123.054
34230_r_at	166.955	173.36	173.837	164.72	160.97	165.791	166.376	152.259
34231_at	145.857	123.115	120.761	118.18	136.07	125.536	132.398	125.544
34232_at	147.879	145.188	145.758	131.457	148.923	145.533	133.311	134.891
34233_i_at	42.905	43.722	43.405	40.76	41.217	49.332	40.253	44.369
34234_f_at	24.364	23.337	26.59	19.881	19.922	21.15	23.784	22.67
34235_at	283.668	232.834	252.681	234.094	290.812	264.783	264.786	286.627
34236_at	178.925	152.817	148.996	154.595	168.004	170.784	153.531	200.623
34237_at	34.843	33.073	36.557	36.435	33.301	33.184	35.687	28.557
34238_at	191.193	163.561	177.307	172.225	190.951	164.862	187.223	173.485
34239_at	67.398	62.375	61.551	62.674	63.859	65.323	63.102	61.849
34240_s_at	198.551	185.021	182.227	183.25	198.945	190.544	178.949	205.162
34241_at	535.251	510.312	510.38	487.505	531.364	529.88	542.958	523.186
34242_at	64.757	60.624	63.637	58.41	62.499	60.399	60.759	58.955
34243_i_at	20.463	27.709	25.339	32.106	30.009	26.916	29.538	26.397
34244_r_at	24.294	29.435	33.736	32.311	25.592	29.69	29.983	27.99
34245_at	196.072	206.067	223.876	210.309	214.615	208.142	195.566	200.089
34246_at	167.321	187.049	160.995	170.219	171.164	163.104	182.062	182.961
34247_at	67.606	61.095	64.668	68.605	65.575	59.555	60.507	62.541
34248_at	42.396	34.492	36.717	33.067	35.35	34.825	32.987	35.38
34249_at	54.798	45.484	37.877	38.05	56.056	51.663	58.073	59.259
34250_at	274.085	299.874	257.408	278.501	319.368	289.67	278.855	257.113
34251_at	140.324	137.934	145.347	138.921	132.391	147.773	148.808	142.495
34252_at	82.264	68.476	71.788	77.457	85.373	89.402	85.174	81.243
34253_at	95.845	109.388	100.453	105.12	101.606	101.057	91.66	89.075
34254_at	85.989	85.619	89.108	85.361	96.508	86.253	82.257	83.413
34255_at	222.832	222.749	221.21	229.647	232.914	239.598	224.124	238.204
34256_at	119.829	121.512	109.059	110.974	118.428	125.447	96.948	131.929
34257_at	29.292	28.013	28.442	27.32	32.869	32.924	25.224	31.724
34258_at	110.857	92.149	95.571	95.504	91.347	102.945	115.379	105.752
34259_at	342.405	338.414	327.439	308.524	333.345	344.546	342.069	359.817
34260_at	196.45	173.214	162.198	151.919	190.318	188.432	186.021	199.826
34261_at	146.207	142.578	132.839	133.485	142.593	144.422	133.035	143.831
34262_at	166.225	133.464	124.072	128	135.555	137.057	123.352	139.45
34263_s_at	14.734	17.058	14.906	15.834	10.394	15.467	16.033	10.013
34264_at	171.179	161.337	165.201	162.623	176.326	166.283	154.668	171.579
34265_at	217.464	236.652	226.06	223.661	206.57	213.06	221.378	214.164
34266_at	33.757	32.412	31.624	34.416	34.409	38.559	37.683	35.548
34267_r_at	25.508	25.042	25.474	23.951	23.977	26.685	25.724	26.892
34268_at	97.426	101.612	96.421	97.771	94.044	95.384	82.481	97.229
34269_at	113.694	100.975	93.222	96.955	100.745	106.394	100.81	110.77
34270_at	48.221	36.563	42.632	45.096	55.635	49.133	45.897	49.869
34271_at	25.898	17.533	21.437	18.228	24.868	19.6	22.619	22.729
34272_at	129.151	119.742	115.639	116.503	129.814	127.991	128.919	133.077
34273_at	61.815	49.621	53.78	44.548	52.402	50.372	52.411	52.284
34274_at	63.486	66.572	67.185	55.467	72.536	69.628	53.717	63.539
34275_s_at	24.742	23.748	22.252	18.671	20.825	17.1	27.214	20.384
34276_at	59.509	60.991	64.535	59.121	58.177	62.623	55.053	60.709
34277_at	217.257	189.581	203.982	185.422	221.869	230.748	194.268	240.58
34278_at	269.928	291.341	279.83	296.916	289.64	254.929	308.982	281.63
34279_at	575.893	612.116	642.05	606.443	603.478	607.214	625.513	603.88
34280_at	153.381	156.08	155.1	159.07	154.628	157.612	144.223	140.922
34281_at	63.318	58.13	69.171	55.956	56.612	62.158	59.309	58.269
34282_at	38.468	40.938	34.392	45.291	42.417	41.61	41.672	40.487
34283_at	21.584	27.564	21.351	23.161	29.786	23.938	24.354	23.499
34284_at	26.919	27.664	26.49	30.658	24.182	27.913	22.433	27.79
34285_at	139.677	138.576	142.045	131.14	135.821	129.774	110.38	126.394
34286_at	12.199	11.894	7.038	10.454	7.094	9.51	7.76	7.972
34287_at	131.751	148.222	143.374	151.067	151.708	143.91	144.819	139.248
34288_at	78.671	88.348	80.172	78.424	89.043	78.029	70.848	71.445
34289_f_at	213.026	208.129	200.813	200.081	201.692	200.387	212.852	207.822
34290_f_at	109.071	118.562	117.417	109.923	112.269	111.085	107.94	116.163
34291_at	152.133	142.014	146.53	143.479	154.852	152.029	152.594	144.468
34292_at	161.896	152.922	155.745	154.342	169.73	166.719	170.573	170.428
34293_at	492.765	482.329	479.102	486.622	510.337	478.239	446.888	447.502
34294_at	634.99	652.236	621.422	637.492	649.777	639.209	599.538	598.712
34295_at	76.648	75.471	76.979	68.696	74.963	82.302	62.655	77.125
34654_at	74.536	78.208	68.897	68.092	76.753	77.148	77.513	85.604
34655_at	205.437	208.555	196.92	190.713	196.395	215.745	194.274	216.328
34656_at	156.813	159.155	170.068	180.715	157.989	159.324	173.837	167.517
34657_at	98.712	91.258	85.453	84.215	106.847	108.972	86.504	100.014
34658_at	60.123	55.01	57.23	51.748	49.635	55.177	46.213	54.436
34659_at	38.662	41.817	32.064	36.378	37.621	36.802	40.562	36.101
34660_at	45.481	44.731	44.184	42.748	41.861	42.905	34.033	41.204
34661_at	65.708	65.331	60.857	73.223	66.337	61.221	74.799	71.598
34662_at	74.545	68.24	65.684	60.493	68.372	73.154	74.182	71.727
34663_at	202.222	195.756	212.761	201.743	220.891	242.047	199.96	232.192
34664_at	169.999	155.989	161.55	152.951	142.892	150.39	138.138	170.099
34665_g_at	20.55	24.454	21.645	21.017	24.2	21.601	18.903	23.895
34666_at	92.77	98.319	86.113	88.988	92.27	87.933	102.455	105.781
34667_at	65.131	60.227	61.425	54.725	63.27	57.769	52.088	64.598
34668_at	123.691	124.635	102.818	114.574	119.705	118.577	106.514	126.002
34669_at	195.976	167.844	179.359	168.902	190.484	199.687	173.305	216.833
34670_at	220.533	203.705	215.636	230.157	239.456	204.633	228.413	246.146
34671_at	33.857	37.674	42.223	39.394	42.114	33.977	34.234	34.348
34672_at	182.978	184.537	179.433	175.066	184.606	168.801	189.938	188.96
34673_r_at	46.74	47.727	51.663	59.899	52.136	52.44	63.434	54.608
34674_at	58.567	58.325	49.227	56.313	55.78	51.288	52.297	59.634
34675_at	112.056	93.109	105.23	90.78	115.445	112.292	104.593	123.232
34676_at	138.162	134.654	127.366	125.156	128.002	119.718	136.242	124.494
34677_f_at	131.054	143.365	125.274	124.623	105.328	118.431	136.78	116.675
34678_at	60.271	62.663	64.491	58.235	58.243	61.79	57.523	53.546
34679_at	428.348	393.987	405.204	408.599	442.927	426.513	397.114	433.734
34680_s_at	588.539	662.871	607.371	636.523	565.565	590.938	569.395	583.836
34681_at	28.019	27.607	34.541	23.572	28.28	26.275	32.121	21.798
34682_at	216.149	212.862	198.209	205.771	195.546	191.59	183.981	193.213
34683_at	78.076	71.994	59.922	72.971	77.797	74.683	87.828	79.317
34684_at	27.178	28.95	23.647	25.155	24.539	26.064	24.926	23.598
34685_at	59.168	59.497	44.481	57.347	58.724	54.231	53.051	55.126
34686_at	148.61	149.786	148.876	149.676	144.676	151.414	122.306	143.845
34687_at	37.041	41.106	41.187	36.491	32.352	40.597	34.253	32.004
34688_at	41.078	40.227	38.081	41.455	47.117	41.186	43.866	41.319
34689_at	296.845	288.287	277.194	299.117	305.11	292.554	285.443	281.968
34690_at	124.741	118.332	132.534	139.583	132.241	125.086	125.84	113.596
34691_f_at	164.371	161.997	154.996	152.624	166.045	152.726	137.977	148.421
34692_r_at	376.489	368.038	349.278	339.973	391.458	371.404	353.432	382.039
34693_at	110.449	119.156	122.093	124.686	131.724	118.869	104.45	115.997
34694_at	246.174	243.359	240.294	263.318	243.401	238.732	264.916	251.396
34695_at	642.86	595.105	599.61	544.664	633.115	642.597	599.583	640.739
34696_at	99.656	100.687	78.607	86.582	91.137	89.089	82.288	84.496
34697_at	85.065	79.61	71.158	77.978	82.179	78.159	90.18	88.222
34698_at	42.945	40.441	41.772	41.779	48.426	42.957	40.256	54.5
34699_at	130.637	139.693	107.143	128.224	121.609	118.065	134.264	119.65
34700_at	361.306	303.639	308.242	306.469	338.313	323.957	305.498	347.841
34701_at	335.731	320.003	314.861	287.807	293.342	318.183	280.995	297.129
34702_f_at	221.87	209.275	215.031	213.573	190.231	194.129	205.264	222.196
34703_f_at	180.687	181.712	182.321	176.667	169.802	160.236	175.554	183.353
34704_r_at	226.909	248.68	234.337	223.614	245.984	250.386	207.466	243.822
34705_at	78.429	75.366	69.55	64.608	66.972	76.854	80.113	79.566
34706_at	125.142	148.562	138.867	150.567	144.284	134.886	165.014	142.742
34707_at	215.926	212.161	212.031	200.691	191.953	196.819	172.378	203.156
34708_at	84.067	88.407	79.542	81.179	82.219	85.646	80.42	79.782
34709_r_at	55.798	60.098	53.173	63.289	64.166	60.026	55.512	63.601
34710_r_at	44.128	41.672	48.252	44.183	50.427	48.019	46.199	45.807
34711_at	25.581	27.966	24.636	28.476	26.451	24.646	21.449	28.509
34712_at	189.453	203.435	185.429	168.671	192.11	195.946	202.217	190.243
34713_at	133.106	122.369	116.723	127.801	123.586	121.234	133.185	137.496
34714_at	61.685	66.124	51.803	53.471	60.094	57.814	50.386	57.186
34715_at	82.794	83.574	80.491	71.259	79.486	77.796	85.607	78.693
34716_at	44.166	43.566	40.633	45.219	44.907	46.178	43.484	47.622
34717_s_at	52.016	55.671	49.684	50.614	44.249	58.589	51.845	50.116
34718_at	31.469	36.23	38.09	36.509	38.056	31.218	44.387	37.334
34719_at	164.001	177.374	159.841	163.74	175.406	171.533	163.337	177.276
34720_at	173.33	176.835	172.051	182.454	168.145	176.293	173.031	153.427
34721_at	157.027	148.512	121.386	151.173	190.843	151.999	154.138	141.485
34722_at	160.873	153.689	153.402	157.412	164.463	162.112	154.982	150.179
34723_at	52.55	59.92	52.307	50.857	52.612	52.708	49.709	57.762
34724_at	124.252	136.999	119.886	112.621	122.375	119.796	113.158	113.069
34725_at	46.735	45.316	42.537	45.458	42.345	37.309	44.798	39.55
34726_at	36.585	36.465	33.216	39.855	34.528	32.939	32.899	28.631
34727_at	281.449	306.321	286.133	290.938	299.458	287.751	287.489	304.654
34728_g_at	161.311	178.767	180.814	179.067	148.876	154.235	165.89	142.411
34729_at	47.097	43.65	51.169	46.059	48.159	41.741	45.809	41.481
34730_g_at	166.512	166.997	167.647	161.5	173.11	167.978	169.719	166.189
34731_at	150.305	142.787	136.591	147.558	150.499	151.542	138.354	144.348
34732_at	22.615	22.236	19.645	22.561	19.387	23.319	21.039	21.194
34733_at	169.349	175.79	155.475	164.004	185.302	174.089	165.576	176.487
34734_at	34.718	33.354	28.489	30.023	31.097	30.555	32.849	41.445
34735_at	119.432	129.139	113.835	112.529	108.924	108.061	120.313	122.856
34736_at	21.702	17.133	25.609	17.965	17.257	12.914	17.1	21.964
34737_at	114.284	114.484	105.787	113.569	102.124	109.698	97.16	114.48
34738_at	133.516	103.204	117.673	91.194	111.213	127.193	97.774	121.688
34739_at	86.04	81.116	70.368	77.132	87.397	83.942	89.359	91.934
34740_at	164.599	161.717	156.786	163.202	175.06	176.178	173.646	184.481
34741_at	118.642	117.647	111.401	114.006	107.357	109.427	118.578	106.892
34742_at	131.32	146.682	124.428	124.353	165.105	141.921	125.781	151.356
34743_at	197.283	173.896	171.471	170.856	176.469	177.535	197.517	191.712
34744_at	110.227	86.9	104.034	90.542	107.114	109.29	106.854	121.828
34745_at	123.572	127.696	113.743	113.442	107.585	121.658	116.998	123.008
34746_at	142.442	130.189	129.311	129.887	119.439	129.244	122.467	127.264
34747_at	201.71	200.793	210.384	197.766	186.826	193.708	201.351	180.632
34748_at	115.601	101.684	85.729	106.898	104.789	109.049	91.058	104.766
34749_at	133.79	139.971	137.907	136.116	136.591	130.414	127.507	136.845
34750_r_at	4.612	6.096	4.521	2.998	5.872	5.17	6.084	5.768
34751_at	17.24	21.674	16.115	18.728	16.433	17.08	21.408	17.607
34752_at	54.424	66.234	49.453	55.824	48.413	45.885	52.587	49.271
34753_at	91.711	92.745	78.864	87.204	85.192	84.986	85.431	76.909
34754_at	82.712	67.39	60.659	59.054	64.783	69.101	86.78	69.997
34755_at	66.203	61.062	54.368	56.159	66.457	56.247	71.014	57.166
34756_g_at	38.956	34.982	29.73	37.434	27.918	29.311	34.229	28.377
34757_at	21.954	28.018	25.938	29.269	23.369	27.885	25.109	23.335
34758_at	147.246	135.334	128.087	128.569	145.791	130.334	129.088	138.926
34759_at	123.15	132.779	123.641	130.542	125.017	126.609	117.824	114.562
34760_at	109.841	103.228	96.211	102.25	93.165	101.435	95.951	100.373
34761_r_at	38.004	37.602	37.275	40.536	32.446	38.068	36.24	36.986
34762_at	73.308	65.321	74.822	76.937	79.692	72.526	73.395	71.892
34763_at	49.004	53.927	44.419	51.414	52.417	49.14	54.257	49.393
34764_at	72.306	53.218	62.121	51.563	65.698	56.347	62.406	63.54
34765_at	94.259	98.476	95.196	100.62	92.105	95.94	92.663	91.721
34766_r_at	21.32	23.164	17.289	20.461	19.979	24.793	18.907	17.642
34767_at	53.745	61.064	58.621	58.898	49.441	53.954	57.105	59.841
34768_at	170.976	171.361	173.856	178.803	167.646	160.417	195.943	177.546
34769_at	377.341	348.467	388.489	379.748	407.67	364.002	362.598	364.813
34770_at	16.556	20.846	15.692	19.593	12.511	14.434	16.812	14.675
34771_at	177.849	198.708	188.975	201.443	192.028	192.053	179.941	176.024
34772_at	229.456	209.804	208.25	206.189	204.55	218.032	190.937	206.42
34773_at	137.792	141.706	125.084	124.779	128.141	127.272	121.895	132.843
35134_at	26.493	31.548	28.934	25.49	28.757	29.404	26.776	29.098
35135_at	308.155	262.648	276.441	270.573	304.743	298.802	259.574	315.248
35136_at	82.137	58.619	50.819	66.393	80.785	69.66	51.557	65.309
35137_at	367.493	373.45	338.386	358.626	364.316	381.491	358.912	375.627
35138_at	357.596	300.651	326.49	322.641	351.673	355.079	312.352	360.157
35139_at	114.183	98.311	95.773	94.292	110.8	111.537	87.075	123.391
35140_at	74.286	81.789	82.656	78	71.932	79.065	80.748	82.128
35141_at	187.848	175.761	173.542	173.574	177.813	169.802	181.802	175.753
35142_at	290.04	298.364	269.335	302.96	319.675	305.708	297.667	311.254
35143_at	67.721	67.966	60.711	65.755	79.125	66.126	58.319	75.37
35144_at	60.749	58.195	65.46	56.107	58.499	55.013	58.632	55.462
35145_at	53.083	54.964	50.202	49.187	46.504	55.994	55.204	57.356
35146_at	554.803	458.588	455.155	462.872	502.258	492.573	537.75	525.688
35147_at	149.298	162.999	152.195	144.897	147.349	153.832	149.859	157.176
35148_at	67.091	56.737	61.321	64.42	54.621	54.667	65.119	53.334
35149_at	55.547	65.978	56.296	56.575	49.417	52.165	50.486	49.188
35150_at	342.719	326.606	314.969	313.918	329.337	339.812	295.833	329.68
35151_at	678.026	599.118	622.974	579.366	719.206	688.358	589.63	746.435
35152_at	233.344	229.633	220.011	220.956	235.996	232.249	225.122	238.586
35153_at	77.291	84.612	75.634	74.713	76.36	75.687	75.575	75.845
35154_at	217.291	210.999	198.764	186.47	192.416	187.606	205.853	203.021
35155_at	578.829	595.394	520.815	539.027	599.226	563.46	482.542	538.066
35156_at	206.63	211.871	216.032	212.34	208.91	218.095	215.801	212.702
35157_at	30.14	25.813	30.968	27.044	27.03	27.405	21.787	29.681
35158_at	31.678	36.567	33.025	30.055	29.571	27.936	36.759	38.225
35159_at	124.661	128.66	132.983	139.507	124.716	130.892	134.335	127.415
35160_at	180.4	205.495	209.427	187.148	185.386	186.138	172.187	180.562
35161_at	127.404	111.799	109.313	104.26	126.006	122.991	124.348	122.997
35162_s_at	44.537	45.521	44.379	45.086	42.739	46.178	44.315	48.531
35163_at	130.466	150.609	151.93	134.209	135.206	142.47	135.984	135.607
35164_at	140.146	151.188	143.566	140.453	153.43	155.332	152.861	152.42
35165_at	122.084	111.521	110.832	107.282	113.349	112.319	111.189	114.768
35166_at	66.054	73.461	68.401	75.001	68.472	74.891	69.147	57.894
35167_at	27.757	32.646	27.838	29.923	26.383	27.403	30.133	22.891
35168_f_at	16.019	16.312	14.644	17.982	15.658	17.444	15.448	13.879
35169_at	104.996	98.671	114.073	103.413	110.148	106.843	111.451	111.559
35170_at	208.657	228.306	225.971	221.65	222.769	212.865	211.36	209.075
35171_at	40.263	41.034	34.168	37.553	34.764	35.403	39.567	32.655
35172_at	660.1	800.417	737.858	801.37	692.891	699.143	716.4	655.112
35173_at	48.017	47.17	40.424	41.026	46.532	50.642	39.915	47.702
35174_i_at	191.867	190.915	178.85	167.887	180.905	200.769	171.757	159.866
35175_f_at	857.247	854.06	783.229	780.098	835.727	790.416	817.715	878.18
35176_at	402.914	353.866	402.701	357.729	421.397	425.523	397.489	440.129
35177_at	96.645	102.927	90.202	95.444	86.91	91.949	93.653	97.884
35178_at	15.286	12.776	17.715	15.559	19.439	18.656	13.006	17.819
35179_at	77.447	80.041	70.618	71.688	70.172	67.12	79.527	77.694
35180_at	118.139	132.956	121.289	123.791	115.044	119.413	115.033	102.267
35181_at	56.33	61.448	46.803	42.266	58.644	54.399	41.199	56.154
35182_f_at	107.336	100.473	100.605	94.69	104.619	106.776	105.104	107.762
35183_at	105.352	112.434	110.879	110.199	106.009	109.219	113.759	106.064
35184_at	105.835	116.104	103.049	106.642	109.722	103.123	96.78	109.38
35185_at	62.339	57.157	54.675	56.991	57.639	58.523	51.377	63.001
35186_at	147.07	127.89	105.37	122.548	137.601	119.878	135.443	123.367
35187_at	183.64	178.285	162.6	156.292	172.822	177.07	157.053	182.794
35188_at	552.989	498.146	550.714	486.069	635.062	609.625	565.134	652.369
35189_at	38.8	39.545	37.599	38.94	38.669	38.606	41.194	42.177
35190_at	426.539	412.672	402.641	404.866	507.744	518.465	560.725	526.579
35191_at	581.051	519.178	500.255	484.08	514.192	530.857	500.984	492.286
35192_at	103.58	110.919	105.88	95.778	106.109	108.191	113.393	99.533
35193_at	41.766	43.568	37.2	39.539	41.123	41.556	38.756	41.848
35194_at	226.142	209.338	212.225	215.437	194.74	202.359	232.825	210.802
35195_at	52.802	52.792	49.791	43.862	52.491	50.631	46.573	55.919
35196_at	26.117	38.744	25.097	26.343	27.474	30.46	30.743	26.133
35197_at	251.756	237.068	248.21	245.449	258.3	249.402	236.845	254.959
35198_at	145.175	128.125	132.872	124.375	140.528	134.811	118.358	155.561
35199_at	39.709	39.336	41.967	36.346	37.943	40.729	39.734	46.081
35200_at	254.924	247.686	221.235	236.93	252.775	252.109	224.69	229.586
35201_at	195.857	192.431	206.292	186.318	189.958	192.215	186.95	184.267
35202_at	174.865	165.635	187.487	172.803	217.596	198.196	197.305	204.571
35203_at	138.014	164.891	153.369	159.63	141.887	142.927	136.409	138.44
35204_at	288.783	256.722	272.399	246.152	267.984	278.025	279.765	261.908
35205_at	1037.155	1062.578	1065.254	967.62	1063.108	965.652	976.207	973.338
35206_at	79.884	84.551	84.942	90.617	89.269	78.404	83.453	75.443
35207_at	140.1	138.428	146.906	142.157	145.327	135.279	148.582	141.415
35208_at	418.571	394.926	397.985	397.111	453.198	415.175	391.474	432.34
35209_at	58.092	65.204	70.317	68.396	68.105	66.095	68.941	66.675
35210_at	40.314	35.014	31.433	34.542	25.96	26.779	32.558	27.952
35211_at	253.845	268.741	237.33	251.464	245.598	232.671	244.432	230.142
35212_at	78.346	90.929	76.107	85.572	88.909	85.149	77.261	77.611
35213_at	71.985	69.477	66.308	66.436	68.571	70.429	69.066	68.831
35214_at	177.142	174.616	157.524	171.564	176.802	171.998	173.623	202.959
35215_at	38.468	39.485	41.405	43.072	38.476	38.739	37.473	36.665
35216_at	219.861	201.386	179.044	182.502	193.204	204.72	221.722	216.031
35217_at	121.376	125.435	114.64	104.465	119.805	116.798	103.957	110.672
35218_at	137.25	123.137	130.209	121.42	125.989	130.028	122.344	127.364
35219_at	407.405	363.92	368.179	353.451	397.227	402.083	361.271	397.23
35220_at	73.818	58.834	59.208	52.179	62.61	59.67	49.334	64.389
35221_at	91.886	83.297	87.453	82.192	87.993	88.204	82.149	89.175
35222_at	64.896	59.453	56.916	57.676	55.162	58.395	59.404	59.219
35223_at	41.71	41.381	37.093	38.126	40.887	35.312	45.54	41.814
35224_at	63.747	67.692	65.947	60.621	63.168	63.93	59.134	65.667
35225_at	205.218	213.473	201.021	219.057	216.14	203.15	207.151	220.989
35226_at	80.967	81.295	78.355	79.087	87.289	85.07	82.223	86.444
35227_at	114.717	113.936	115.828	107.676	119.711	117.311	115.054	113.95
35228_at	94.015	84.206	81.169	86.362	94.935	89.775	83.699	106.085
35229_at	105.633	86.399	90.02	88.239	86.627	96.592	85.955	79.864
35230_at	94.192	90.384	86.567	94.411	84.388	91.033	78.794	87.311
35231_at	480.563	448.217	471.199	441.635	470.359	466.466	441.032	520.811
35232_f_at	151.769	139.729	146.946	146.525	150.392	154.425	121.158	156.387
35233_r_at	26.075	29.86	28.483	30.912	23.926	27.821	31.487	27.765
35234_at	17.565	98.749	12.975	13.985	19.762	13.8	19.614	16.351
35235_at	32.754	29.693	26.678	25.836	27.027	28.006	32.695	24.203
35236_g_at	22.747	23.984	22.607	22.789	27.414	19.34	24.443	19.526
35237_at	77.526	78.491	80.922	91.316	89.882	80.003	94.32	82.526
35238_at	148.127	161.349	158.915	164.115	144.071	155.73	159.784	156.43
35239_at	461.387	459.104	483.012	469.833	444.237	469.247	460.863	465.367
35240_at	119.341	116.407	129.198	118.033	109.466	107.607	108.861	98.066
35241_at	20.211	23.975	19.838	19.186	21.117	23.235	24.983	23.611
35242_at	374.147	367.526	348.62	349.082	377.335	357.86	352.663	359.24
35243_at	149.232	132.76	135.757	130.436	136.512	130.131	139.471	137.851
35244_at	150.759	142.31	156.692	149.376	148.077	156.066	147.788	150.113
35245_at	70.661	72.639	83.165	77.546	65.357	78.149	76.551	66.894
35246_at	42.31	45.518	40.308	41.442	42.177	39.329	43.693	40.479
35247_at	73.529	76.903	78.823	76.468	82.879	72.242	72.652	74.342
35248_at	158.117	149.664	142.285	147.789	174.271	154.274	154.952	160.546
35249_at	12.944	17.982	16.729	17.157	14.649	12.52	13.486	15.165
35250_at	36.02	33.065	36.407	33.191	35.121	36.717	36.758	34.995
35251_at	66.654	66.644	69.75	69.398	64.119	68.337	60.265	58.538
35252_at	70.297	67.591	72.438	73.226	72.142	70.948	72.515	72.605
35253_at	87.71	87.443	83.249	91.78	82.786	83.239	82.961	89.572
35614_at	42.136	38.475	41.784	35.096	39.941	36.766	40.078	42.865
35615_at	113.485	105.011	120.56	110.859	118.842	122.362	108.022	116.267
35616_at	21.476	16.547	22.553	19.815	19.597	18.09	17.441	22.804
35617_at	279.214	253.07	254.973	216.387	250.404	263.668	202.535	287.722
35618_at	62.134	54.138	50.496	51.316	53.754	59.875	59.118	63.368
35619_at	30.835	29.658	29.397	35.469	34.728	34.505	32.383	32.115
35620_at	185.162	184.021	170.245	194.447	175.63	176.28	200.451	197.973
35621_at	239.39	237.829	233.461	231.487	238.429	240.968	245.871	242.139
35622_at	210.328	233.591	212.635	241.447	254.976	236.591	230.104	217.637
35623_at	80.329	57.462	58.47	56.234	63.924	58.879	57.205	70.536
35624_at	23.374	21.988	20.27	22.61	19.312	20.045	23.951	21.83
35625_at	248.342	214.98	237.954	218.094	211.689	230.792	242.698	253.636
35626_at	72.13	78.902	71.705	87.521	75.313	78.629	81.249	66.903
35627_at	206.092	180.441	184.921	174.89	199.633	183.052	188.316	216.207
35628_at	807.654	679.967	725.192	702.302	800.135	729.057	780.649	772.591
35629_at	186.729	181.729	168.351	174.552	155.737	165.933	158.773	155.551
35630_at	534.44	549.267	558.2	568.777	555.281	521.491	549.971	528.122
35631_at	136.03	141.536	132.344	137.209	134.123	140.461	143.039	150.148
35632_at	33.644	35.659	35.104	37.249	32.279	34.907	35.134	38.367
35633_at	175.198	179.44	164.524	173.898	177.894	189.829	166.649	192.009
35634_at	218.432	194.663	198.716	197.583	211.159	204.513	205.761	235.139
35635_at	186.734	207.668	188.057	190.092	208.38	197.929	175.127	194.9
35636_at	62.585	59.093	62.795	61.344	57.283	59.477	75.464	66.783
35637_at	334.906	302.646	306.597	293.591	335.272	330.979	310.633	343.715
35638_at	69.545	67.612	66.101	63.666	73.584	68.003	67.216	67.536
35639_at	30.929	23.706	24.278	22.604	26.256	27.405	22.436	23.643
35640_at	12.514	13.69	13.107	16.155	14.509	15.028	12.982	12.694
35641_g_at	62.321	53.107	55.919	52.483	49.706	58.639	47.691	60.048
35642_at	97.111	107.69	86.934	100.786	103.81	108.031	89.463	103.891
35643_at	499.623	558.9	473.468	543.308	476.221	442.536	465.289	443.583
35644_at	50.783	52.849	51.614	55.401	55.149	55.636	46.987	46.855
35645_at	42.976	46.028	45.405	45.885	41.219	47.976	46.942	46.363
35646_at	81.204	87.412	83.731	87.464	78.475	83.691	82.963	81.507
35647_at	14.304	14.641	10.017	14.126	14.231	14.369	12.139	8.875
35648_at	49.831	47.574	38.152	44.278	36.946	43.28	48.394	47.481
35649_at	88.435	91.159	90.917	92.954	91.911	93.16	89.695	88.933
35650_at	161.742	169.152	158.836	167.159	168.93	159.919	165.994	152.455
35651_at	55.614	64.597	51.21	48.243	51.094	59.369	51.968	60.472
35652_g_at	52.524	56.868	50.789	60.675	52.391	50.03	53.273	49.823
35653_at	158.821	180.469	154.88	167.4	161.361	163.931	173.681	160.32
35654_at	35.036	34.969	35.729	30.07	32.753	38.47	30.419	29.981
35655_at	31.058	34.724	34.253	31.436	33.768	30.191	27.26	38.027
35656_at	99.403	105.962	84.293	89.935	92.05	89.871	90.256	100.609
35657_at	150.169	139.797	132.333	146.166	156.165	144.726	136.834	150.881
35658_at	110.043	115.597	101.412	108.548	105.727	101.295	106.486	97.49
35659_at	352.846	296.209	325.408	257.81	308.632	328.97	283.944	351.928
35660_at	83.017	71.698	65.914	68.544	63.712	69.924	66.808	71.169
35661_g_at	80.77	75.749	79.079	68.303	74.272	80.097	70.414	79.915
35662_at	31.053	30.655	34.389	29.743	27.345	29.584	32.02	32.469
35663_at	173.273	170.722	179.783	172.149	173.104	182.472	181.071	188.485
35664_at	156.41	155.181	147.343	148.948	154.028	139.144	146.491	156.149
35665_at	56.141	55.276	48.231	52.3	53.336	52.83	49.29	45.447
35666_at	220.186	225.243	212.993	196.938	218.138	225.357	186.519	220.349
35667_at	69.185	71.478	79.057	81.846	70.098	68.146	84.066	79.256
35668_at	357.293	394.858	317.862	341.587	319.358	321.707	423.063	325.462
35669_at	111.915	108.616	111.147	111.708	137.468	118.667	117.256	126.622
35670_at	138.675	129.23	136.618	152.88	137.847	137.034	148.02	143.264
35671_at	482.368	514.793	517.422	523.046	522.003	504.918	546.903	477.767
35672_at	191.39	176.919	226.783	198.045	222.805	192.603	203.902	199.935
35673_at	166.807	146.639	152.872	141.042	152.675	154.339	157.865	169.285
35674_at	250.123	230.717	243.735	222.558	215.493	249.838	240.981	239.704
35675_at	343.864	345.734	343.895	337.444	361.461	353.622	352.408	368.783
35676_at	89.666	93.455	84.873	84.722	93.343	94.359	90.991	86.163
35677_at	32.632	33.397	30.656	34.153	32.455	35.716	27.016	29.743
35678_at	11.186	12.614	10.837	11.839	12.65	11.49	10.394	10.023
35679_s_at	51.847	54.994	47.708	48.937	58.057	52.182	51.699	60.121
35680_r_at	23.445	29.523	28.178	26.733	29.083	32.149	23.686	23.88
35681_r_at	12.813	9.916	9.827	12.655	11.375	10.38	10.604	11.224
35682_at	53.429	48.961	50.176	51.87	56.694	57.174	49.567	53.718
35683_at	233.388	195.515	218.668	217.1	206.034	192.933	243.051	212.395
35684_at	118.934	103.136	99.762	91.66	114.38	112.565	127.006	117.262
35685_at	360.487	365.517	366.613	336.92	333.834	366.648	342.983	335.478
35686_s_at	85.837	80.506	91.898	78.195	83.878	83.09	78.104	80.09
35687_at	106.333	105.984	96.15	98.088	109.879	101.242	92.109	98.369
35688_g_at	74.742	83.833	81.906	78.58	77.207	79.006	75.145	74.577
35689_at	120.834	106.039	117.51	112.958	135.839	117.432	124.07	126.034
35690_s_at	323.84	304.366	291.385	307.836	284.474	295.669	270.926	287.799
35691_r_at	2128.99	2156.004	2511.314	2319.872	2418.488	2492.064	2394.898	2254.362
35692_at	87.832	93.186	91.05	100.348	99.945	86.733	83.838	90.896
35693_at	1269.169	1138.6	1118.82	1116.531	1222.648	1260.008	1190.148	1299.01
35694_at	131.286	97.93	106.341	104.6	113.281	112.443	111.673	120.107
35695_at	54.379	50.49	49.247	52.45	50.338	46.862	42.654	49.905
35696_s_at	87.267	106.392	108.707	112.734	94.031	92.372	114.986	87.397
35697_at	125.903	138.521	120.398	126.255	116.694	119.475	127.887	141.856
35698_at	230.703	256.861	244.776	244.021	242.855	253.471	209.981	261.725
35699_at	29.51	30.599	24.273	26.458	30.107	27.456	32.26	27.052
35700_at	53.829	43.022	48.683	42.523	55.404	51.206	47.735	44.52
35701_at	273.748	300.695	283.454	277.322	300.586	292.907	275.734	289.974
35702_at	114.871	121.443	126.615	146.67	116.218	112.837	128.467	126.481
35703_at	300.366	306.643	333.445	299.906	322.536	323.255	274.709	294.998
35704_at	115.791	129.994	126.47	133.697	117.012	118.941	141.845	123.015
35705_at	59.63	55.715	45.585	49.963	52.31	57.637	52.05	59.843
35706_at	19.682	22.786	19.253	18.127	22.001	21.97	27.611	19.471
35707_at	255.599	241.853	207.998	207.762	211.936	231.417	233.624	227.984
35708_at	117.118	109.139	109.419	117.411	117.928	127.589	104.454	116.704
35709_at	25.118	23.255	21.207	25.219	21.36	22.815	20.165	26.934
35710_s_at	171.96	162.815	169.361	173.412	177.904	170.113	177.819	180.004
35711_at	140.284	144.555	133.87	146.221	149.882	141.278	156.443	149.654
35712_at	42.702	50.196	54.5	58.183	55.789	52.536	58.095	50.649
35713_at	56.268	48.505	48.634	47.863	49.153	52.633	52.27	49.689
35714_at	165.798	161.488	175.008	162.13	153.77	163.161	162.969	167.055
35715_at	91.926	93.692	87.039	84.565	103.393	91.704	94.64	98.497
35716_at	20.361	22.356	20.062	21.939	16.77	18.845	23.402	18.431
35717_at	46.956	45.084	43.015	51.579	48.565	46.334	40.326	39.904
35718_at	38.194	41.454	38.54	41.769	30.142	37.242	43.656	33.675
35719_at	168.359	160.636	158.381	152.195	177.478	167.363	156.162	167.649
35720_at	27.545	35.083	27.333	31.418	33.075	32.504	31.588	29.67
35721_at	43.274	43.938	46.31	41.39	38.774	40.768	35.042	40.23
35722_at	84.14	92.59	77.325	88.404	86.679	93.885	102.165	89.922
35723_at	218.614	220.432	231.467	232.838	245.008	235.986	223.013	217.758
35724_at	41.498	35.75	46.449	47.292	39.428	41.482	58.046	42.502
35725_at	41.043	43.306	41.029	37.85	40	42.606	43.824	34.606
35726_at	66.047	58.185	64.668	62.153	64.062	68.449	64.62	64.725
35727_at	383.899	419.736	388.629	402.95	421.118	394.746	407.066	389.306
35728_at	87.561	72.527	78.122	74.111	80.8	74.984	78.554	83.796
35729_at	72.661	73.082	71.235	75.2	74.327	76.167	76.025	68.91
35730_at	76.186	88.108	91.45	85.629	79.386	94.691	78.694	89.463
35731_at	45.063	45.359	38.083	43.678	46.685	48.241	42.293	43.159
35732_at	51.318	48.208	56.357	55.447	60.517	55.509	52.641	51.981
35973_at	59.272	57.057	53.823	45.696	58.286	60.947	52.544	55.377
35974_at	109.235	106.463	95.835	102.07	101.504	99.603	102.698	106.572
35975_at	56.413	52.76	48.451	48.583	52.661	48.815	49.295	51.319
35976_at	142.66	134.969	135.968	126.733	139.677	141.995	127.017	149.885
35977_at	43.804	36.511	41.607	36.691	35.222	43.951	41.445	36.51
35978_at	420.394	367.661	375.84	373.015	381.083	371.571	408.639	414.104
35979_at	186.49	178.286	183.33	185.317	199.551	186.522	194.346	195.763
35980_at	56.156	52.325	51.019	49.508	48.872	52.518	45.107	47.749
35981_at	4367.781	4285.787	4245.46	4184.582	4189.882	4193.147	4174.537	4447.963
35982_at	28.04	26.437	31.084	24.784	30.017	28.361	27.613	27.766
35983_at	314.264	274.415	284.97	281.673	312.56	286.456	301.806	290.668
35984_at	162.579	175.639	173.852	186.738	168.817	177.241	175.838	166.374
35985_at	40.698	36.539	37.146	33.5	37.086	38.005	35.64	35.902
35986_at	201.843	196.647	192.897	183.416	183.861	196.057	188.802	200.738
35987_g_at	172.647	170.538	169.504	162.954	164.425	172.021	178.512	174.097
35988_i_at	85.604	80.224	77.465	78.504	78.592	79.89	81.963	81.938
35989_at	96.844	91.844	104.719	90.478	107.391	102.052	85.657	95.739
35990_at	150.147	152.611	142.833	153.863	165.984	158.164	172.933	161.613
35991_at	41.973	44.002	45.781	41.66	41.452	43.811	44.231	48.243
35992_at	143.562	125.486	127.432	120.206	139.429	138.339	123.528	137.986
35993_s_at	217.215	191.549	191.594	193.968	205.55	198.053	204.879	200.157
35994_at	67.565	60.029	53.564	55.807	66.205	69.136	62.743	61.513
35995_at	67.249	66.024	72.157	66.53	72.111	71.559	53.587	66.387
35996_at	769.134	786.792	710.675	725.224	809.296	846.039	781.372	836.694
35997_g_at	436.011	405.616	452.051	418.754	429.439	414.201	426.841	392.478
35998_at	6.148	10.26	6.323	8.506	8.009	6.205	6.593	7.976
35999_r_at	75.315	83.659	91.08	77.533	76.031	82.813	79.947	72.002
36000_at	191.836	188.187	197.634	185.338	185.68	202.139	178.165	189.803
36001_at	479.338	462.111	475.042	475.946	500.249	501.058	410.141	515.894
36002_at	42.385	43.245	48.212	44.451	39.053	41.26	45.41	41.803
36003_at	121.989	118.27	114.6	112.264	117.869	114.097	118.139	117.943
36004_at	411.852	383.737	412.341	401.846	462.747	439.456	395.776	429.123
36005_at	77.723	88.132	82.138	80.966	90.441	82.484	94.036	84.637
36006_at	86.009	76.25	89.227	86.101	80.76	82.418	79.804	82.033
36007_at	97.853	98.922	103.791	115.006	108.279	101.85	108.614	103.652
36008_at	391.293	427.385	421.564	444.663	438.241	426.107	412.352	383.32
36009_at	96.526	104.823	109.423	112.145	92.935	104.759	96.724	95.091
36010_at	17.934	16.56	15.864	23.642	17.514	20.801	16.198	18.615
36011_at	324.9	337.176	323.458	336.363	342.452	333.764	338.333	335.934
36012_at	31.14	32.063	28.061	36.038	29.754	29.797	30.613	28.633
36013_at	121.95	125.628	113.432	120.495	122.081	120.792	137.258	129.267
36014_at	80.814	78.417	76.118	69.38	83.357	86.305	75.69	89.343
36015_at	67.194	63.042	52.299	54.893	58.534	63.811	58.105	64.424
36016_at	150.395	143.87	140.507	135.894	139.071	154.853	145.711	158.288
36017_at	33.934	34.417	32.212	31.875	35.698	34.88	37.686	35.845
36018_at	92.127	84.176	88.758	83.048	90.765	84.014	85.604	83.937
36019_at	379.422	358.862	359.362	345.753	373.074	362.093	356.34	372.005
36020_at	46.764	47.578	40.646	41.492	44.945	47.559	47.038	56.162
36021_at	72.657	64.862	68.069	67.628	71.581	75.347	61.878	72.329
36022_at	25.199	24.8	23.409	20.562	27.088	27.724	22.89	29.088
36023_at	74.576	80.009	75.793	77.377	79.082	81.804	71.084	81.186
36024_at	119.078	123.08	135.59	126.076	135.306	130.278	114.78	123.862
36025_at	201.104	164.998	173.397	171.155	193.292	193.707	187.998	199.036
36026_at	66.829	70.148	78.304	85.158	79.954	73.06	80.428	77.462
36027_at	757.187	633.696	624.023	608.398	712.115	697.157	602.932	770.787
36028_at	306.937	312.442	315.45	308.042	274.819	304.129	271.479	311.551
36029_at	37.406	34.089	32.86	36.179	41.31	42.57	35.032	38.516
36030_at	291.798	319.208	328.288	298.523	278.51	311.078	290.741	319.409
36031_at	20.903	25.426	19.944	23.612	24.725	26.488	23.929	25.143
36032_at	60.225	68.021	56.311	70.219	62.565	63.646	67.415	70.201
36033_at	98.838	96.733	81.237	83.078	93.99	95.597	89.204	90.929
36034_at	94.399	100.854	91.846	93.095	109.341	95.165	96.245	88.363
36035_at	281.283	284.959	260.662	277.363	322.385	287.375	289.774	292.223
36036_at	178.053	180.113	162.785	169.35	208.783	198.952	200.519	198.521
36037_g_at	316.14	312.49	318.541	318.941	330.675	319.204	316.8	304.672
36038_r_at	197.23	243.723	232.013	216.392	208.549	227.028	202.118	217.594
36039_s_at	169.259	164.95	157.46	159.583	184.178	158.524	173.388	166.62
36040_at	50.571	56.009	50.033	55.014	48.442	50.618	53.443	49.187
36041_at	38.598	40.921	36.546	37.108	48.394	39.186	32.441	38.25
36042_at	116.932	123.238	119.977	120.661	112.524	117.406	109.241	110.57
36043_at	117.479	106.48	114.228	106.653	107.779	110.634	99.286	109.033
36044_at	58.5	61.901	56.558	55.57	53.005	62.547	61.815	58.466
36045_at	17.958	16.297	14.33	19.008	21.378	18.334	17.698	20.06
36046_at	64.741	66.268	63.478	66.554	60.218	61.542	66.153	55.291
36047_at	28.362	26.126	24.782	29.196	42.105	30.352	29.223	30.334
36048_at	42.912	51.541	46.398	51.875	41.501	44.648	47.398	38.225
36049_at	87.857	95.379	98.262	102.797	88.566	94.363	93.705	87.137
36050_at	24.185	30.98	28.313	31.09	27.494	27.635	26.823	28.817
36051_s_at	217.334	214.514	246.641	230.221	250.645	230.902	227.091	202.827
36052_at	441.656	408.224	456.508	402.608	497.064	497.507	390.41	444.818
36053_at	164.844	173.955	166.061	180.868	171.284	168.126	161.051	176.986
36054_at	113.9	115.649	109.184	105.475	102.162	100.441	111.564	118.341
36055_at	91.667	93.815	99.216	92.655	95.618	96.93	92.537	107.201
36056_g_at	77.296	80.505	75.567	74.961	79.546	77.896	71.346	81.594
36057_at	93.211	109.494	82.438	96.675	84.234	77.502	95.937	84.386
36058_at	401.558	419.562	393.096	398.512	399.403	410.936	410.89	405.024
36059_at	58.236	54.33	50.321	56.312	53.326	60.713	51.229	53.628
36060_at	211.004	236.126	204.158	230.584	208.828	198.481	237.762	219.245
36061_at	112.352	101.595	102.335	101.722	116.742	122.715	101.595	124.322
36062_at	149.675	134.928	123.888	124.765	150.104	137.988	127.474	154.073
36063_at	405.388	326.3	331.875	336.933	399.091	378.546	351.338	383.913
36064_at	76.887	80.538	67.765	71.12	74.162	65.129	73.681	70.317
36065_at	163.571	131.616	153.153	145.206	156.606	143.409	150.467	147.562
36066_at	76.16	83.291	71.588	74.791	69.407	67.764	74.574	66.963
36067_at	119.951	123.925	124.352	130.219	122.847	113.198	121.314	122.511
36068_at	165.025	151.75	166.231	168.508	178.707	150.709	174.503	169.992
36069_at	37.725	35.143	36.627	38.131	40.832	39.515	39.389	42.248
36070_at	60.488	52.945	45.883	50.53	61.622	66.931	56.106	61.988
36071_at	54.983	57.006	57.814	56.176	58.025	53.409	58.446	56.655
36072_at	51.052	50.422	48.646	48.296	45.509	47.655	45.304	49.116
36073_at	82.837	85.391	76.985	82.928	96.5	83.446	86.728	84.769
36074_at	90.469	90.494	90.254	81.076	94.134	86.459	82.331	80.274
36075_at	52.53	55.291	54.356	54.338	61.403	56.494	47.57	51.321
36076_g_at	132.555	125.511	136.821	134.918	148.501	149.848	121.312	129.008
36077_at	64.951	60.799	62.782	61.45	77.491	69.244	62.871	68.303
36078_at	79.24	78.378	85.387	75.081	85.339	73.743	76.126	78.412
36079_at	180.124	179.271	183.137	172.133	153.619	162.165	166.658	178.191
36080_at	178.038	170.016	156.967	156.566	167.189	176.722	164.845	173.625
36081_s_at	106.209	95.18	104.495	90.332	112.164	100.568	107.323	104.665
36082_at	79.75	78.299	78.698	78.067	89.669	79.896	76.198	76.665
36083_at	147.801	157.871	165.37	161.078	171.889	161.665	156.126	158.261
36084_at	254.797	233.807	246.294	240.507	255.492	246.203	249.147	241.424
36085_at	1221.329	1374.928	1398.611	1415.94	2235.281	2271.1	2235.059	2184.447
36086_at	68.338	50.006	58.206	51.036	58.62	61.206	52.127	69.036
36087_at	53.047	54.401	52.344	59.427	66.611	54.725	52.469	52.714
36088_at	111.472	132.56	119.418	127.825	119.196	111.117	133.958	131.843
36089_at	50.75	52.609	48.708	48.94	48.812	48.006	46.664	47.036
36090_at	123.257	115.33	106.008	126.458	116.605	124.485	127.504	118.514
36091_at	25.823	25.849	23.804	28.154	26.193	23.123	23.985	24.859
36092_at	19.212	20.685	18.079	19.028	25.127	25.523	27.473	18.909
36451_at	390.39	391.671	362.111	385.766	389.015	378.855	411.801	410.093
36452_at	802.774	770.008	803.876	743.976	866.193	828.538	760.654	865.047
36453_at	47.831	49.574	46.206	47.163	44.423	42.671	45.875	48.15
36454_at	125.397	137.111	137.527	137.663	124.263	124.982	139.678	133.191
36455_at	36.546	39.966	32.141	35.651	38.082	32.821	38.388	35.927
36456_at	58.56	53.924	43.444	49.777	52.551	53.419	49.212	58.432
36457_at	62.92	60.718	59.185	61.438	55.674	63.761	67.966	65.559
36458_at	158.614	176.028	167.773	174.748	162.213	161.605	178.856	170.822
36459_at	82.49	76.824	65.954	65.609	78.121	85.231	76.366	84.917
36460_at	102.125	85.889	85.3	87.112	100.093	94.913	101.803	100.44
36461_at	92.651	85.126	83.012	86.408	88.745	85.742	86.998	95.237
36462_at	451.444	435.678	434.6	404.04	406.127	452.819	443.074	409.138
36463_at	174.715	156.894	150.128	149.628	170.256	182.46	135.289	180.48
36464_at	20.941	24.978	20.279	20.787	25.956	25.906	19.292	26.147
36465_at	155.562	138.093	142.187	140.454	156.746	176.126	142.807	185.603
36466_at	149.222	150.914	137.097	143.972	155.263	147.655	144.092	139.425
36467_g_at	57.145	57.246	54.943	52.434	58.175	62.304	54.049	61.68
36468_at	69.843	76.485	76.081	81.478	81.893	80.792	79.113	82.786
36469_at	74.456	77.72	66.908	61.791	76.411	64.835	68.456	71.319
36470_s_at	18.224	15.505	14.348	18.981	14.743	14.716	16.489	15.123
36471_f_at	83.855	81.478	78.299	79.761	93.073	97.773	98.86	94.539
36472_at	45.885	49.79	42.028	49.834	50.02	49.323	43.787	50.792
36473_at	385.552	422.92	423.046	402.523	412.609	410.172	370.674	414.709
36474_at	78.072	83.605	66.562	69.339	64.373	70.396	62.548	64.039
36475_at	635.371	697.815	678.544	683.173	596.028	615.616	601.753	591.866
36476_at	28.075	29.049	26.72	26.278	28.003	26.755	23.933	24.69
36477_at	10.607	10.376	10.521	13.803	11	7.483	11.423	9.425
36478_at	40.584	34.038	31.688	40.221	40.966	38.389	32.542	35.822
36479_at	212.834	219.693	227.416	221.765	220.557	231.221	198.086	222.937
36480_at	147.306	154.387	157.289	153.188	146.652	145.393	155.662	144.217
36481_at	42.945	32.016	35.477	32.107	41.297	37.535	30.76	40.899
36482_s_at	126.542	136.756	123.019	132.069	138.118	135.62	130.67	139.22
36483_at	70.622	74.465	90.398	93.788	84.341	75.512	89.687	82.947
36484_at	65.736	79.866	59.436	68.635	62.595	59.021	64.644	62.548
36485_at	288.393	309.345	313.35	333.099	328.857	305.192	307.439	294.028
36486_at	86.614	90.344	87.633	85.653	82.307	96.479	66.726	87.024
36487_at	9.734	7.419	9.779	9.527	10.705	8.176	14.232	10.315
36488_at	92.065	104.704	97.664	101.056	88.283	91.398	91.224	93.64
36489_at	111.585	124.442	116.529	120.685	112.923	113.215	119.205	111.232
36490_s_at	226.78	258.35	232.817	248.052	247.778	242.051	209.935	199.835
36491_at	65.641	53.085	51.59	54.967	60.279	64.776	57.001	62.361
36492_at	169.58	152.29	142.79	144.626	148.476	150.37	160.524	162.029
36493_at	61.487	71.854	64.966	67.315	61.542	66.44	69.347	65.198
36494_at	16.016	17.439	14.687	19.826	18.674	16.335	20.828	16.796
36495_at	251.877	261.887	258.925	263.538	247.045	245.117	243.193	248.596
36496_at	580.323	664.856	592.629	626.227	572.469	583.589	656.049	567.167
36497_at	71.815	74.005	71.988	60.644	70.807	71.668	59.197	72.849
36498_at	381.725	328.711	291.843	316.733	386.838	373.389	357.245	360.097
36499_at	179.09	164.313	150.52	175.645	154.853	163.351	185.899	176.095
36500_at	178.948	150.996	152.565	133.682	179.422	167.391	167.043	187.555
36501_at	98.802	108.603	91.538	107.266	95.194	95.175	102.752	98.519
36502_at	189.281	199.012	157.497	171.054	163.394	171.661	167.752	176.391
36503_at	215.256	211.992	212.313	209.732	198.313	207.716	212.421	214.452
36504_at	81.955	71.996	71.409	72.039	78.152	74.738	71.793	86.407
36505_at	81.041	76.042	82.46	76.136	82.946	85.07	83.695	78.235
36506_at	124.219	127.042	118.334	129.396	110.775	116.874	117.368	126.214
36507_at	443.898	458.846	428.8	424.756	457.251	436.063	419.219	414.027
36508_at	47.841	48.467	39.613	49.428	44.099	46.768	49.045	48.901
36509_at	48.181	46.932	40.319	48.704	42.955	43.647	34.73	41.827
36510_at	51.298	48.371	62.213	48.688	50.047	50.275	52.19	48.217
36511_at	118.567	127.614	104.397	112.898	111.733	113.439	113.624	116.303
36512_at	259.908	284.277	288.119	302.262	301.967	265.382	311.496	253
36513_at	40.603	33.585	37.866	37.603	45.088	41.143	35.032	39.409
36514_at	41.02	35.912	33.283	38.351	33.99	34.819	33.08	38.311
36515_at	81.862	94.665	81.672	89.767	81.632	91.947	86.627	87.536
36516_at	116.457	111.545	117.244	115.119	115.171	107.438	114.365	116.539
36517_at	277.994	310.166	279.868	293.02	268.89	264.175	296.581	291.451
36518_at	100.475	92.516	92.989	86.02	89.278	95.374	81.2	89.808
36519_at	135.464	144.662	142.825	145.827	150.919	136.926	149.286	141.429
36520_at	115.154	100.891	106.984	91.155	97.821	109.053	95.734	103.314
36521_at	27.816	33.045	28.527	30.029	31.3	29.816	30.503	30.146
36522_at	289.859	268.754	284.807	284.675	286.82	275.458	288.101	270.608
36523_at	26.926	30.552	29.79	33.289	30.551	28.286	32.038	30.855
36524_at	90.936	97.632	90.583	87.703	88.338	84.903	90.367	92.809
36525_at	37.399	34.842	34.903	37.953	39.795	40.415	31.859	38.708
36526_at	54.811	69.212	52.409	57.761	52.513	59.176	53.818	52.41
36527_at	79.683	83.232	73.782	72.637	78.47	78.68	77.565	75.854
36528_at	145.162	139.601	133.888	151.736	129.928	140.183	136.844	142.758
36529_at	143.216	160.934	160.444	154.13	152.631	157.056	158.176	155.775
36530_g_at	327.315	308.718	309.976	327.529	330.218	314.342	291.571	337.459
36531_r_at	426.493	348.263	422.774	375.207	372.289	384.302	467.3	409.128
36532_at	83.217	87.165	83.019	69.842	85.881	82.353	76.348	80.884
36533_at	40.672	35.632	36.868	38.179	36.493	38.524	40.528	39.794
36534_at	111.232	104.912	95.353	94.411	99.631	104.967	95.633	106.883
36535_at	92.488	88.949	90.969	96.313	84.824	94.392	97.258	93.352
36536_at	50.712	41.887	37.75	40.956	48.956	50.483	47.295	53.276
36537_at	107.006	105.928	90.72	94.564	94.875	95.259	101.774	99.444
36538_at	79.648	88.384	83.693	74.599	83.472	87.68	80.487	90.69
36539_at	58.607	54.31	61.095	59.47	61.384	56.18	57.874	63.329
36540_at	65.783	73.78	77.828	80.826	74.881	76.23	90.706	76.81
36541_at	172.739	151.833	148.465	157.545	174.203	169.301	155.756	170.58
36542_at	42.264	47.311	38.391	41.999	41.699	42.757	43.614	44.693
36543_at	139.037	155.25	121.976	142.795	117.553	127.896	142.256	132.891
36544_at	209.78	213.806	194.185	188.63	191.849	192.334	201.036	177.185
36545_s_at	113.458	104.396	102.466	107.425	105.529	107.952	99.205	109.793
36546_r_at	5096.067	4681.306	4876.967	4515.472	5224.886	5281.656	4805.91	5550.718
36547_r_at	1937.411	1816.97	1808.874	1793.259	1898.394	1900.64	1820.72	1964.604
36548_at	64.325	64.649	52.713	62.374	60.466	60.493	60.333	61.749
36549_at	198.347	188.445	185.938	163.825	186.732	199.211	151.041	205.778
36550_at	69.78	77.628	72.651	68.841	64.031	71.033	81.364	71.388
36551_at	50.005	53.039	40.576	52.568	40.112	46.28	58.101	49.07
36552_at	120.319	108.613	108.031	101.351	106.331	108.739	111.373	110.331
36553_at	171.483	158.95	160.157	167.817	163.296	161.712	161.789	161.151
36554_at	278.068	289.533	284.589	282.443	291.05	257.704	257.224	289.479
36555_at	151.845	141.422	129.149	125.232	143.958	140.218	130.537	143.426
36556_at	67.901	69.993	62.811	68.536	68.064	65.326	86.885	77.399
36557_at	237.113	273.116	269.37	288.381	197.73	229.783	227.486	195.459
36558_at	151.706	137.141	140.194	133.668	153.221	149.538	144.487	143.843
36559_g_at	29.408	32.014	30.144	34.83	35.156	30.352	30.311	30.815
36560_at	136.885	137.995	140.556	131.65	156.959	145.794	133.378	144.218
36561_at	182.968	180.954	181.277	192.401	167.363	159.236	172.993	164.672
36562_at	358.755	326.741	349.516	320.879	376.537	348.186	380.857	367.342
36563_at	124.576	121.082	118.825	133.195	129.002	123.356	140.467	119.038
36564_at	446.918	428.016	447.909	451.299	508.527	436.501	411.13	414.803
36565_at	73.559	89.525	85.953	96.186	90.428	94.778	79.647	85.394
36566_at	86.769	85.842	90.072	97.425	96.883	93.462	92.808	88.039
36567_at	135.956	124.018	129.336	122.333	147.391	148.563	129.74	139.732
36568_at	261.626	249.946	301.572	264.797	274.56	300.713	246.12	286.109
36569_at	154.43	161.198	158.536	154.591	168.681	164.045	153.906	163.671
36570_at	73.028	55.389	57.889	58.369	71.55	68.414	63.615	78.08
36811_at	111.863	96.129	90.472	88.126	97.795	97.473	89.026	111.989
36812_at	91.024	72.745	72.031	69.61	82.371	86.943	84.441	78.499
36813_at	122.898	107.792	104.758	105.343	124.428	122.908	110.372	133.298
36814_at	124.224	135.634	118.742	116.855	115.712	125.051	116.475	128.699
36815_at	293.934	266.002	243.171	242.832	262.997	261.681	282.587	277.62
36816_s_at	793.885	816.293	847.233	836.434	833.191	766.984	821.16	830.374
36817_at	17.922	16.016	13.539	18.404	16.61	18.877	16.252	22.259
36818_at	49.801	52.316	53.558	56.616	54.588	53.42	57.432	55.282
36819_at	43.868	42.949	41.538	35.629	39.136	38.924	45.772	44.404
36820_r_at	15.806	13.631	15.479	15.387	12.14	12.041	15.354	12.268
36821_at	185.136	199.758	188.498	178.824	172.914	172.722	172.894	187.869
36822_at	392.947	353.607	378.407	360.761	403.311	388.102	386.805	391.175
36823_at	266.644	257.763	266.456	255.892	286.22	268.67	254.029	246.42
36824_at	8.317	10.314	9.828	9.389	9.022	10.595	9.839	9.496
36825_at	49.21	56.324	49.032	55.214	40.044	41.503	49.518	46.122
36826_at	203.757	176.158	179.246	180.565	193.649	185.022	185.72	204.128
36827_at	120.558	139.159	115.791	122.182	117.575	118.135	99.46	119.373
36828_at	88.539	87.824	78.398	98.958	92.896	94.421	93.111	92.992
36829_at	2214.96	1898.054	1685.657	1799.396	1851.095	2018.564	1818.751	2059.244
36830_at	91.926	89.811	77.077	99.867	88.983	83.215	86.23	79.061
36831_at	63.356	62.913	74.023	65.373	65.851	61.385	70.491	62.469
36832_at	215.295	198.933	203.621	204.138	206.319	205.838	202.868	202.823
36833_at	133.776	139.024	122.871	132.946	152.994	132.871	140.558	126.453
36834_at	60.255	65.807	57.954	63.408	56.203	62.728	56.118	56.253
36835_at	110.965	102.799	93.592	107.647	121.405	100.536	118.963	104.28
36836_at	100.352	97.351	85.184	86.359	87.907	91.726	85.048	85.767
36837_at	60.375	50.923	53.812	56.617	55.585	55.731	60.35	62.987
36838_at	95.257	89.091	98.183	91.072	94.115	97.616	90.212	86.715
36839_at	154.877	153.314	152.343	153.626	159.83	160.112	143.806	138.982
36840_at	176.251	179.855	175.829	167.737	162.061	171.494	175.067	165.988
36841_at	189.228	166.422	152.874	160.206	191.163	165.499	175.648	178.346
36842_at	67.781	68.236	60.281	69.576	69.626	67.42	73.277	61.015
36843_at	138.122	142.578	143.377	145.342	137.113	132.709	128.76	128.525
36844_at	19.318	20.308	22.674	28.154	24.114	23.674	24.509	23.903
36845_at	85.003	96.947	87.89	94.996	86.281	91.7	90.267	87.747
36846_s_at	116.962	119.794	117.2	124.252	131.129	116.882	107.091	117.423
36847_r_at	330.223	324.199	358.028	332.447	370.871	335.357	344.242	358.528
36848_r_at	484.295	453.546	456.358	421.97	491.72	487.68	525.978	459.881
36849_at	20.118	20.921	19.417	21.392	18.568	18.467	19.551	16.66
36850_at	39.148	35.111	35.493	37.347	34.101	33.151	37.273	38.984
36851_g_at	123.468	116.684	108.039	107.049	107.115	100.444	104.613	111.106
36852_at	50.002	54.11	45.99	43.248	41.32	44.094	51.589	46.344
36853_at	66.196	65.015	67.619	75.275	66.384	67.526	70.089	69.294
36854_s_at	96.824	102.89	94.483	100.429	101.123	97.228	107.702	101.587
36855_r_at	118.125	116.98	116.921	120.247	121.412	101.556	128.755	132.941
36856_at	295.861	234.49	257.942	216.432	257.215	265.727	290.487	267.062
36857_at	29.476	27.087	28.098	27.6	32.418	28.094	31.696	31.023
36858_at	236.286	234.553	222.483	199.172	253.045	234.736	198.619	254.356
36859_at	96.707	87.229	78.884	95.441	110.84	110.706	101.632	119.979
36860_at	33.087	40.151	32.943	29.101	37.539	35.994	36.947	37.325
36861_at	543.104	574.768	565.069	558.399	666.279	762.013	651.64	778.61
36862_at	321.784	284.89	323.392	299.261	314.785	326.913	292.068	326.406
36863_at	88.693	73.521	71.512	78.053	90.372	80.633	94.155	83.375
36864_at	193.226	223.41	199.294	178.524	214.379	205.836	172.639	216.116
36865_at	111.69	105.521	103.076	110.236	95.106	97.939	103.448	105.97
36866_at	19.288	13.932	11.657	16.941	17.837	17.29	13.657	20.567
36867_at	40.18	41.059	40.668	38.883	38.141	39.586	42.645	42.041
36868_at	24.716	27.783	31.429	28.742	28.752	20.757	22.893	23.317
36869_at	432.45	415.393	410.546	380.319	395.108	412.263	414.814	404.495
36870_at	107.837	105.229	93.525	105.055	91.05	98.546	107.049	94.965
36871_at	226.127	229.497	204.838	216.847	194.931	200.653	201.249	204.337
36872_at	62.785	69.734	77.8	82.112	71.682	66.442	79.658	73.222
36873_at	115.956	127.09	112.398	127.521	112.73	114.933	115.037	102.049
36874_at	50.021	47.238	46.663	47.784	53.118	54.466	43.345	45.437
36875_at	113.583	131.372	120.242	122.572	108.632	108.214	106.495	114.253
36876_at	141.013	169.67	135.259	160.125	153.763	156.334	167.965	156.444
36877_at	49.224	43.655	41.142	49.335	53.679	49.719	52.234	52.408
36878_f_at	105.905	101.518	102.035	96.504	95.002	106.012	92.916	105.017
36879_at	158.808	152.954	147.035	152.308	162.075	148.999	167.035	150.244
36880_at	132.982	129.489	130.071	122.785	128.041	124.722	135.218	131.969
36881_at	380.671	356.761	359.656	341.204	391.639	368.874	397.675	391.925
36882_at	228.756	205.528	220.871	233.799	244.367	223.879	245.405	230.472
36883_at	154.849	134.745	146.369	131.119	147.879	140.227	131.373	134.972
36884_at	26.389	35.438	28.756	25.731	24.855	26.213	28.581	24.899
36885_at	203.617	189.376	180.71	191.804	175.948	172.815	213.717	177.641
36886_f_at	68.887	66.712	66.184	58.623	77.893	66.719	67.02	71.906
36887_f_at	37.446	36.074	35.148	40.096	38.144	34.063	33.785	38.212
36888_at	110.27	104.203	114.17	105.057	118.394	120.979	98.381	115.078
36889_at	101.069	114.465	108.244	111.635	160.7	160.202	174.548	150.087
36890_at	172.207	194.41	189.433	181.354	173.591	173.471	164.319	172.048
36891_at	260.599	263.072	237.458	233.342	244.939	249.944	244.827	270.947
36892_at	150.549	141.712	137.147	148.305	140.008	147.806	154.45	142.018
36893_at	83.871	84.929	81.701	87.443	76.431	77.323	87.059	80.882
36894_at	317.701	273.588	295.901	274.627	342.61	330.003	317.19	370.232
36895_at	64.879	75.199	66.897	73.094	72.138	69.322	63.543	70.749
36896_s_at	34.577	31.385	24.387	21.205	20.61	23.609	19.633	21.765
36897_at	140.459	147.292	132.437	145.755	132.244	140.752	148.894	144.496
36898_r_at	38.323	36.208	40.698	38.143	39.728	34.319	45.713	41.288
36899_at	196.357	232.15	202.508	209.492	190.421	187.938	207.321	208.647
36900_at	323.372	307.408	320.4	294.268	324.718	326.62	333.451	343.114
36901_at	24.82	24.444	24.166	26.337	22.707	27.795	23.485	28.97
36902_at	143.039	138.214	144.845	131.307	146.292	140.957	124.328	145.251
36903_at	38.11	33.411	32.683	34.67	31.474	40.188	30.902	35.916
36904_at	51.09	46.148	52.108	51.022	54.738	62.384	48.765	44.615
36905_at	51.61	50.331	48.428	45.721	44.131	48.812	51.042	49.612
36906_at	22.014	24.008	24.112	24.041	20.054	21.173	26.825	20.866
36907_at	804.955	744.945	759.51	695.764	775.018	778.58	705.288	814.913
36908_at	59.96	59.123	54.063	53.487	74.207	66.427	64.678	61.465
36909_at	56.897	49.856	48.777	48.384	38.692	51.709	49.575	57.057
36910_at	57.32	63.34	68.647	63.499	59.508	55.794	66.769	59.9
36911_at	56.249	55.188	50.253	53.158	65.638	56.338	52.105	58.684
36912_at	81.59	78.519	69.579	76.951	67.424	84.535	78.508	70.596
36913_at	28.725	28.187	26.766	28.25	32.852	29.253	31.282	28.834
36914_at	82.677	81.4	86.92	77.273	76.611	89.911	76.72	94.486
36915_at	239.379	242.713	248.68	233.993	215.846	243.6	229.903	236.527
36916_at	423.154	505.383	455.734	490.378	429.658	470.001	465.462	421.645
36917_at	73.722	72.012	71.901	74.077	74.755	71.143	81.919	75.399
36918_at	60.971	59.815	58.732	60.483	60.663	54.276	60.615	53.263
36919_r_at	116.393	119.083	113.015	115.624	124.853	117.629	107.224	112.364
36920_at	19.188	14.772	16.915	18.657	19.935	18.817	16.878	16.317
36921_at	106.902	106.685	103.352	113.511	112.373	108.814	125.235	119.394
36922_at	140.001	114.929	130.36	111.994	129.621	115.58	138.906	114.838
36923_at	292.218	288.38	278.507	282.682	293.689	289.032	303.597	287.226
36924_r_at	45.63	54.218	49.457	52.686	47.536	49.545	43.135	45.841
36925_at	77.995	63.154	74.196	82.19	82.248	83.635	62.689	84.947
36926_at	110.832	109.225	107.75	108.693	106.928	107.495	121.913	109.856
36927_at	81.888	68.3	68.872	69.699	79.633	82.249	82.009	76.757
36928_at	338.541	392.824	334.614	378.665	343.606	322.172	344.068	316.88
36929_at	104.55	115.787	110.09	103.572	112.579	102.083	118.476	108.844
36930_at	86.182	98.671	84.917	90.183	84.432	92.865	78.796	93.17
37171_at	24.785	19.204	20.495	18.12	19.968	21.355	26.335	24.164
37172_at	55.807	43.813	50.741	50.379	49.442	54.607	49.586	49.542
37173_at	46.69	59.391	54.852	46.737	60.818	61.161	56.264	53.867
37174_at	37.104	36.313	31.307	34.327	36.475	38.299	35.468	38.633
37175_at	76.809	78.002	76.257	71.123	83.198	75.823	76.643	72.162
37176_at	295.371	276.823	294.449	255.671	266.131	288.544	218.915	274.599
37177_at	28.79	32.484	31.713	29.517	31.218	33.608	31.4	31.251
37178_at	105.574	98.062	95.683	86.806	90.253	104.269	87.103	109.717
37179_at	89.984	86.092	87.877	82.919	86.697	85.892	98.744	94.888
37180_at	130.938	112.007	105.181	113.839	116.65	118.588	111.84	124.274
37181_at	180.65	177.293	165.856	173.331	173.72	173.874	167.197	193.061
37182_at	388.977	384.151	364.648	330.129	393.528	400.134	335.756	378.706
37183_at	62.993	58.923	54.777	57.061	65.87	62.228	57.099	67.369
37184_at	343.514	320.88	336.595	315.279	360.875	346.384	291.651	370.755
37185_at	78.4	63.119	60.966	59.587	67.634	69.461	71.122	71.253
37186_s_at	52.499	54.195	49.299	52.758	53.097	54.402	54.17	55.959
37187_at	72.625	84.156	63.891	65.095	69.229	68.585	68.973	71.97
37188_at	100.692	108.838	102.499	97.524	106.279	99.386	108.384	112.831
37189_at	167.858	170.076	168.993	159.158	160.128	161.743	159.416	170.485
37190_at	34.445	33.672	37.446	32.056	35.289	30.561	34.294	37.982
37191_at	524.949	484.397	456.259	479.908	533.398	518.571	467.19	515.441
37192_at	221.284	223.623	223.298	220.568	231.063	227.966	229.83	225.082
37193_at	131.319	141.605	140.863	129.583	144.806	141.949	132.594	130.568
37194_at	112.994	110.486	115.938	120.33	111.543	107.988	113.967	111.276
37195_at	259.787	247.439	248.135	248.85	262.185	253.536	242.973	242.006
37196_at	107.307	99.109	91.975	95.871	112.239	103.734	106.706	102.512
37197_s_at	52.463	51.358	51.351	45.126	62.595	59.416	47.157	51.314
37198_r_at	11.983	11.9	14.527	12.677	8.917	11.407	5.019	8.327
37199_at	178.12	157.328	157.055	164.986	182.305	147.682	168.068	156.426
37200_at	47.033	62.841	54.378	60.475	48.498	50.528	45.533	53.216
37201_at	213.648	217.783	217.675	201.733	192.889	206.222	181.415	185.939
37202_at	119.958	122.732	125.71	122.062	114.616	119.458	123.013	119.318
37203_at	66.229	71.372	62.981	68.147	69.791	67.835	73.367	67.428
37204_at	91.228	99.84	106.078	119.059	106.787	101.389	119.245	112.447
37205_at	323.535	284.168	311.986	291.657	324.519	322.138	309.698	306.586
37206_at	141.87	144.491	135.271	138.545	185.367	174.496	131.446	167.626
37207_at	42.94	47.786	53.696	59.852	49.97	59.043	54.741	56.24
37208_at	16.517	15.92	17.655	16.204	17.31	13.868	15.886	22.039
37209_g_at	36.612	39.071	35.665	37.077	43.216	39.399	33.231	43.68
37210_at	90.968	90.985	93.958	87.872	81.933	92.555	91.176	87.522
37211_at	161.108	145.761	137.424	136.633	150.4	166.306	141.719	152.053
37212_at	138.139	131.465	118.393	121.029	134.051	135.715	147.447	146.311
37213_at	148.288	123.261	108.139	114.942	114.84	121.251	119.418	127.107
37214_g_at	112.149	111.197	118.299	114.911	121.759	106.619	110.759	108.789
37215_at	24.761	19.421	23.829	20.813	19.546	22.875	23.906	23.93
37216_at	1093.345	902.472	917.609	926.612	1095.237	1092.98	1008.424	1113.478
37217_at	185.105	179.807	187.395	172.755	190.931	201.816	172.629	191.807
37218_at	99.567	106.913	108.097	98.302	93.426	97.939	103.911	101.903
37219_at	61.63	63.433	64.469	67.222	64.245	75.382	71.15	61.268
37220_at	77.641	82.217	104.95	70.684	72.777	153.886	75.963	87.394
37221_at	45.513	45.395	39.446	40.535	43.048	42.128	41.141	42.981
37222_at	364.497	334.439	352.292	332.796	335.606	354.092	367.833	346.178
37223_at	15.458	17.345	16.843	17.148	16.18	15.624	17.31	15.499
37224_at	49.491	45.832	43.703	42.113	46.64	49.908	37.436	51.819
37225_at	42.201	43.603	39.528	43.621	40.431	40.652	44.419	42.812
37226_at	101.635	111.201	109.719	103.307	106.986	112.551	100.612	106.733
37227_at	42.751	38.927	35.14	38.519	38.419	42.375	38.421	40.78
37228_at	357.914	346.908	372.651	356.749	376.913	373.016	387.391	372.979
37229_at	74.92	83.863	71.069	81.392	81.459	79.262	81.547	76.838
37230_at	72.403	82.013	66.114	72.439	71.119	68.529	74.517	71.749
37231_at	21.614	21.947	16.162	21.115	22.025	24.109	22.591	19.829
37232_at	66.55	64.658	65.826	74.52	73.215	66.889	73.357	65.767
37233_at	41.451	35.456	38.704	37.23	48.808	39.895	37.047	42.622
37234_at	50.154	60.968	50.789	50.166	61.157	51.737	46.403	49.719
37235_g_at	48.847	36.864	42.08	38.738	84.739	37.969	37.847	42.426
37236_at	48.799	47.184	49.862	46.708	54.116	50.843	57.414	50.424
37237_at	133.394	132.684	115.723	135.082	144.529	127.772	133.566	121.942
37238_s_at	495.269	478.422	511.818	491.277	529.871	499.106	520.912	519.894
37239_r_at	288.075	263.62	275.904	256.548	298.306	279.162	290.15	277.718
37240_at	41.814	51.341	43.466	42.377	46.248	43.714	42.977	40.748
37241_at	68.463	65.071	69.664	70.011	72.486	68.235	60.15	58.841
37242_at	256.332	241.023	234.111	225.371	231.618	232.751	238.988	237.566
37243_at	102.202	104.436	112.984	108.642	116.465	106.2	103.08	103.43
37244_at	56.604	61.832	62.28	62.102	61.531	59.08	55.313	63.277
37245_at	52.238	43.664	41.16	40.773	42.779	45.069	42.435	43.637
37246_at	694.299	647.395	708.537	676.758	801.39	709.836	674.68	693.625
37247_at	56.978	56.383	57.578	56.36	63.621	53.893	47.704	56.032
37248_at	164.962	163.451	167.007	177.996	197.855	184.069	165.813	165.083
37249_at	68.321	74.797	80.129	75.866	67.275	70.665	77.164	70.129
37250_at	119.451	110.712	121.136	111.028	104.071	121.282	119.232	123.831
37251_s_at	14.423	16.817	15.991	15.585	15.065	16.157	15.508	18.42
37252_at	166.323	159.703	181.541	165.765	172.452	177.977	170.709	181.289
37253_at	74.539	69.808	64.006	63.445	70.859	68.037	77.906	79.684
37254_at	229.375	211.982	208.177	216.858	264.156	231.234	260.014	258.863
37255_at	125.807	133.728	144.944	112.697	133.684	135.996	123.99	132.206
37256_at	457.32	459.762	368.79	446.239	503.502	465.663	363.117	502.491
37257_at	117.069	110.627	104.638	109.569	103.542	112.206	110.043	104.377
37258_at	30.515	36.085	34.201	28.974	29.847	33.761	20.561	27.884
37259_at	263.835	256.783	238.018	245.997	264.776	237.876	267.792	290.936
37260_at	23.401	22.464	25.659	26.387	19.712	30.274	22.733	23.745
37261_g_at	50.898	41.095	43.042	46.497	47.997	46.769	46.342	55.742
37262_at	175.88	138.242	144.435	144.252	171.83	176.976	158.808	187.38
37263_at	84.84	71.035	72.989	71.737	78.89	75.267	74.478	76.471
37264_at	91.003	96.289	98.72	108.485	109.087	94.937	91.913	92.796
37265_at	73.251	78.399	65.123	60.75	76.36	80.701	61.527	70.516
37266_at	86.878	87.635	73.483	80.205	78.726	87.59	75.345	83.304
37267_at	214.677	211.468	206.96	211.559	196.128	206.481	204.053	207.665
37268_at	402.938	436.307	389.293	425.152	426.858	424.403	407.076	437.681
37269_at	170.956	149.546	162.591	136.006	197.602	176.229	172.249	160.295
37270_at	257.201	247.371	267.288	256.53	278.8	296.531	286.604	279.951
37271_at	145.491	131.228	144.409	137.231	137.219	129.603	149.083	140.284
37272_at	178.984	159.051	186.303	171.458	164.703	190.369	157.987	180.284
37273_at	99.139	85.175	81.332	88.265	83.816	86.665	84.705	81.38
37274_at	338.38	322.613	332.385	356.175	366.8	367.817	372.769	370.921
37275_at	35.828	37.272	43.765	44.737	30.982	30.122	38.636	30.778
37276_at	155.983	167.481	150.689	151.649	151.808	146.255	166.892	155.372
37277_at	56.952	55.528	56.017	59.751	55.656	53.311	51.646	51.842
37278_at	370.025	369.428	411.246	353.76	400.225	394.164	373.353	379.323
37279_at	66.226	53.649	60.688	62.183	60.72	64.08	68.246	63.516
37280_at	70.411	74.462	72.024	77.516	77.617	67.35	70.716	66.192
37281_at	350.965	323.559	372.917	329.91	383.935	354.444	393.972	356.799
37282_at	6.522	8.084	6.325	9.75	11.012	7.65	9.139	8.955
37283_at	52.431	59.539	56.943	43.174	64.274	63.682	45.062	52.822
37284_at	540.921	516.83	530.439	486.631	527.614	558.302	489.27	488.037
37285_at	132.938	125.152	132.342	130.79	144.903	135.192	130.289	128.291
37286_at	66.666	77.236	71.521	81.68	78.201	75.417	73.635	75.824
37287_at	46.338	45.453	50.959	45.704	41.084	44.465	42.497	39.521
37288_g_at	90.006	79.784	81.189	88.198	72.177	72.006	75.369	72.944
37289_at	32.032	30.697	35.283	29.793	29.209	23.669	28.688	24.205
37290_at	14.806	16.538	11.421	14.28	13.863	12.956	14.788	13.871
37531_at	125.975	131.976	126.581	118.667	123.139	131.351	125.547	130.404
37532_at	209.499	210.463	185.253	192.654	194.051	195.373	207.504	216.034
37533_r_at	62.867	61.326	62.228	63.076	60.044	66.753	70.007	70.024
37534_at	167.212	148.885	170.355	158.675	193.205	168.089	204.287	221.615
37535_at	29.539	26.776	26.426	22.964	25.543	29.949	23.235	24.076
37536_at	193.744	155.69	167.538	167.42	180.787	171.536	184.062	194.789
37537_at	86.719	84.158	81.065	81.885	85.707	83.963	95.386	94.366
37538_at	121.682	117.719	117.151	111.911	129.885	126.899	123.147	133.168
37539_at	78.767	77.91	71.835	67.862	80.415	74.254	72.078	73.974
37540_at	42.161	38.956	39.879	37.187	36.003	46.596	40.092	38.875
37541_at	133.566	144.27	133.649	131.605	135.734	131.182	126.406	134.592
37542_at	144.555	130.811	121.287	121.945	138.044	140.155	117.523	150.852
37543_at	68.085	74.79	68.258	61.482	67.653	75.775	60.636	80.483
37544_at	90.893	84.184	88.308	79.643	84.84	91.709	82.62	90.79
37545_at	424.453	390.955	371.224	390.618	444.193	421.85	403.536	410.167
37546_r_at	101.372	122.609	132.951	142.021	124.049	115.022	136.181	118.373
37547_at	33.192	31.957	30.422	26.749	29.396	32.938	26.366	28.865
37548_at	70.902	78.527	64.398	62.963	62.151	63.696	64.429	62.967
37549_g_at	114.698	131.662	115.04	118.437	116.863	119.635	127.47	118.94
37550_at	277.352	263.416	274.046	267.109	277.424	308.331	258.838	298.917
37551_at	358.44	327.938	324.81	344.268	404.335	392.803	323.48	375.105
37552_at	26.274	31.366	30.283	24.078	26.985	31.035	27.235	25.139
37553_at	114.233	128.11	129.041	133.101	141.602	131.886	121.995	130.111
37554_at	353.041	303.337	338.089	306.378	356.075	315.852	361.03	331.666
37555_at	70.816	67.661	72.641	75.296	68.18	73.872	81.94	69.403
37556_at	31.58	33.104	36.152	30.535	34.484	30.187	34.667	30.188
37557_at	411.596	415.21	443.427	412.149	407.036	416.013	403.972	392.19
37558_at	24.293	27.025	23.649	24.937	29.411	27.603	29.023	24.385
37559_at	74.096	67.153	60.883	61.841	67.878	68.476	75.244	73.837
37560_at	42.519	45.424	42.448	41.465	48.342	45.836	42.552	43.678
37561_at	40.379	40.957	37.662	39.97	37.252	40.845	35.08	39.781
37562_at	177.41	171.636	167.494	167.877	166.181	168.139	156.253	154.49
37563_at	162.871	169.625	174.713	195.443	189.413	197.636	141.257	166.209
37564_at	79.955	77.287	84.455	82.645	81.596	74.125	75.971	79.248
37565_at	35.274	37.406	38.227	42.669	39.009	39.623	43.17	37.759
37566_at	65.415	77.881	77.874	81.194	75.113	73.896	81.844	75.599
37567_at	446.032	450.376	423.591	401.776	407.05	408.292	415.534	368.974
37568_at	39.428	39.546	35.674	39.79	41.488	37.819	38.276	36.631
37569_at	189.262	219.403	182.903	204.309	185.725	197.021	205.616	193.821
37570_at	85.909	74.933	79.644	78.673	82.061	77.886	81.82	77.788
37571_at	19.014	21.187	18.792	22.026	22.305	22.504	20.332	22.68
37572_at	119.513	118.437	108.999	109.798	117.829	117.781	110.68	127.557
37573_at	267.528	255.094	245.334	267.929	249.33	269.142	255.439	270.817
37574_at	20.224	25.852	24.48	23.168	22.761	21.758	20.545	26.567
37575_at	59.957	72.713	62.424	53.242	53.134	63.487	59.168	64.686
37576_at	56.174	58.221	57.116	56.877	57.614	58.702	54.191	59.94
37577_at	59.988	55.429	56.028	52.289	73.394	76.589	57.326	79.122
37578_at	57.821	52.478	53.166	47.654	61.484	60.668	44.534	58.346
37579_at	243.602	220.443	212.277	210.688	236.188	227.197	209.152	245.924
37580_at	99.537	83.491	90.495	79.641	88.595	90.295	67.178	65.327
37581_at	134.94	147.59	134.947	135.519	123.25	129.479	135.634	133.526
37582_at	38.798	41.399	38.07	39.203	36.018	43.093	40.973	44.517
37583_at	171.441	165.636	158.207	164.257	166.215	174.789	175.758	167.083
37584_at	329.634	303.044	284.819	297.578	307.388	320.644	305.075	320.777
37585_at	90.206	86.347	83.742	87.305	87.705	85.684	87.302	93.9
37586_at	137.794	126.603	130.614	118.659	125.805	134.703	112.197	129.775
37587_at	380.255	314.996	329.868	337.673	379.108	362.13	312.822	359.966
37588_s_at	269.982	248.343	266.72	239.105	251.792	273.254	241.642	293.92
37589_at	160.038	138.38	133.875	122.428	164.831	156.155	161.853	168.735
37590_g_at	99.799	91.66	103.777	87.005	98.318	96.648	88.24	97.53
37591_at	133.33	132.705	120.178	125.588	126.074	135.856	134.051	128.476
37592_at	38.864	41.378	38.023	41.085	44.353	42.782	36.643	40.947
37593_at	147.046	144.072	129.185	141.641	133.686	128.222	147.059	130.135
37594_at	68.34	58.729	47.942	51.685	57.731	54.653	56.459	51.471
37595_at	55.424	58.55	61.94	61.344	67.476	64.121	61.438	63.764
37596_at	247.692	240.398	245.384	241.278	227.465	249.028	258.28	240.596
37597_s_at	171.531	187.869	188.292	185.737	169.119	187.964	186.914	181.933
37598_at	85.439	82.88	85.231	83.148	87.539	93.134	79.425	84.238
37599_at	353.636	410.528	384.072	414.536	377.84	350.821	412.336	371.397
37600_at	168.157	169.482	168.972	168.827	152.933	156.007	157.115	151.207
37601_at	205.24	165.585	173.177	177.987	169.797	173.971	183.493	172.249
37602_at	778.265	838.359	745.863	807.269	795.863	720.294	845.706	779.876
37603_at	138.096	146.76	146.609	150.217	147.633	133.977	136.216	126.257
37604_at	37.598	38.357	41.816	37.15	36.946	37.718	38.923	38.089
37605_at	210.426	191.737	192.974	196.4	179.486	178.142	186.794	176.267
37606_at	132.145	110.542	125.243	121.02	152.608	138.919	126.211	143.815
37607_at	19.881	24.89	23.879	24.704	24.519	23.465	18.892	29.149
37608_g_at	107.606	108.343	129.392	122.41	128.924	117.19	122.261	120.294
37609_at	47.891	47.383	53.013	47.68	55.709	54.785	51.361	55.442
37610_at	310.319	274.965	316.179	285.86	335.768	332.436	282.424	348.485
37611_at	20.318	18.196	14.208	18.989	19.009	21.184	15.777	20.543
37612_at	142.347	156.834	140.751	148.159	139.034	148.693	152.022	142.87
37613_at	45.56	42.887	43.835	47.786	45.955	45.8	43.05	46.838
37614_g_at	28.177	23.61	27.034	27.8	28.719	29.275	22.835	25.777
37615_at	349.267	373.892	353.475	356.7	334.869	324.153	360.896	357.119
37616_at	206.561	204.72	188.658	202.628	189.613	195.699	203.41	199.938
37617_at	82.716	85.87	75.918	77.199	73.173	80.889	70.348	77.688
37618_at	258.698	242.799	241.257	235.048	262.397	251.835	249.442	274.289
37619_at	73.89	85.513	72.191	78.776	68.635	69.021	81.499	81.974
37620_at	120.998	111.517	107.341	100.835	109.758	120.048	98.869	127.277
37621_at	29.632	29.136	32.435	27.662	31.692	29.153	33.818	30.492
37622_r_at	6.854	7.712	11.144	8.785	6.867	7.084	9.409	9.156
37623_at	68.96	69.99	60.223	58.506	58.717	63.578	58.767	65.725
37624_at	26.201	23.641	26.278	23.721	21.543	23.308	25.256	26.691
37625_at	72.426	72.402	57.967	62.443	78.269	82.939	72.521	79.195
37626_at	25.669	25.321	25.124	23.635	26.82	28.039	29.334	25.176
37627_g_at	145.167	127.144	131.17	104.858	105.589	126.214	117.339	123.557
37628_at	51.054	42.197	48.645	48.749	50.951	50.352	47.302	48.497
37629_at	298.293	320.819	335.19	312.707	294.682	311.271	304.807	277.01
37630_at	64.119	71.599	64.346	64.879	63.374	61.083	68.33	74.339
37631_at	109.359	98.495	96.114	94.319	105.002	101.351	102.179	94.435
37632_s_at	49.77	47.057	51.954	44.635	47.481	47.591	50.153	45.521
37633_s_at	156.399	159.973	153.454	139.849	154.122	157.837	130.498	137.111
37634_at	98.249	88.475	83.608	89.062	99.347	94.793	88.948	98.383
37635_at	59.711	51.907	46.69	49.536	49.09	43.793	34.52	49.5
37636_at	46.761	44.015	40.433	41.185	46.186	48.336	37.052	41.494
37637_at	115.977	116.633	130.011	129.287	129.473	126.422	124.806	125.679
37638_at	110.462	115.189	110.754	114.359	119.751	110.789	112.78	102.685
37639_at	488.937	537.914	539.439	558.791	502.823	522.261	549.447	518.275
37640_at	123.322	140.012	130.654	143	134.375	135.213	136.846	129.391
37641_at	73.994	83.012	74.077	68.43	74.246	68.258	70.356	60.943
37642_at	44.791	58.7	51.483	50.169	44.999	49.537	48.415	50.533
37643_at	119.765	107.05	119.679	109.438	115.076	117.455	99.168	114.231
37644_s_at	28.372	36.329	45.117	45.243	37.534	32.792	37.317	33.429
37645_at	22.97	23.054	21.163	20.193	24.011	20.889	24.834	22.766
37646_at	128.617	161.849	162.521	171.719	160.06	161.339	164.162	166.922
37647_at	128.295	143.449	137.357	135.154	133.947	132.859	124.712	128.439
37648_at	285.459	268.34	280.036	268.05	266.392	269.091	254.256	242.127
37649_at	157.541	140.779	142.205	133.136	149.16	149.965	153.371	161.379
37888_at	268.261	244.508	225.967	236.2	285.273	243.434	272.19	273.73
37889_at	38.47	37.902	40.909	30.019	35.858	40.329	34.442	36.689
37890_at	134.083	134.45	127.991	128.402	157.711	140.95	131.034	137.647
37891_at	72.479	75.285	65.469	76.611	68.289	80.413	68.853	71.096
37892_at	108.474	94.263	86.852	92.655	95.783	99.531	78.457	98.549
37893_at	167.749	159.53	148.335	161.169	163.819	148.776	155.82	148.472
37894_at	63.801	65.823	53.949	54.468	62.661	65.717	56.179	61.171
37895_at	101.726	112.662	101.76	111.567	102.108	100.428	104.297	106.412
37896_at	20.394	16.666	14.432	18.576	17.235	19.986	15.129	19.994
37897_s_at	273.837	263.109	263.765	247.776	263.102	267.107	265.698	290.522
37898_r_at	418.328	424.841	402.616	369.068	396.631	399.61	317.038	404.832
37899_at	90.569	60.397	67.992	62.201	76.63	71.653	68.659	92.127
37900_at	100.82	102.559	95.637	94.333	102.128	105.321	98.899	98.428
37901_at	100.612	95.114	98.59	87.035	92.89	92.9	101.92	92.796
37902_at	240.825	268.799	239.51	263.907	211.056	223.486	237.256	240.627
37903_at	332.045	342.684	294.365	316.713	344.799	318.179	347.055	339.813
37904_s_at	59.694	58.822	57.586	59.476	52.569	55.609	58.02	63.153
37905_r_at	235.203	212.864	224.305	216.301	231.128	237.498	228.819	232.173
37906_at	82.81	79.156	80.929	73.552	71.725	80.206	75.541	85.333
37907_at	104.874	99.379	96.313	97.392	109.903	114.228	102.147	115.062
37908_at	77.075	77.74	78.739	74.156	73.538	77.442	79.108	88.917
37909_at	71.151	60.356	57.15	58.436	61.972	56.228	65.661	54.971
37910_at	102.531	117.821	82.752	112.671	107.904	102.046	130.977	93.803
37911_at	145.742	135.613	119.617	131.014	135.469	132.277	142.394	137.794
37912_at	266.628	257.33	263.056	256.44	251.82	248.028	282.791	256.61
37913_at	189.278	184.889	186.714	174.372	182.585	182.358	193.071	188.403
37914_at	28.37	30.309	25.661	28.445	25.76	25.052	29.391	32.692
37915_at	149.391	159.323	149.687	167.561	162.332	152.703	160.364	150.681
37916_at	305.514	290.059	310.092	296.907	309.858	306.047	292.055	311.482
37917_at	58.727	50.047	41.845	54.41	47.484	46.123	55.931	53.496
37918_at	89.777	90.6	93.482	90.737	89.292	91.434	86.12	89.764
37919_at	165.205	185.012	171.108	192.229	146.229	157.63	155.487	147.305
37920_at	161.024	168.346	174.262	160.732	174.308	179.626	159.1	180.159
37921_at	51.885	54.024	48.438	57.818	56.571	60.649	48.78	51.776
37922_at	116.683	108.552	113.759	114.338	110.357	103.473	110.03	101.734
37923_at	38.501	34.552	40.302	33.566	31.045	42.202	37.888	39.506
37924_g_at	153.932	151.537	146.429	130.714	151.238	147.013	151.539	145.681
37925_r_at	48.785	54.228	53.621	61.291	59.696	55.005	61.54	58.336
37926_at	185.249	174.665	174.804	175.808	185.656	193.248	168.426	166.907
37927_at	86.605	83.261	75.78	77.185	79.559	73.699	73.303	77.725
37928_at	146.015	140.087	127.815	129.656	137.49	145.208	136.354	145.533
37929_at	160.153	133.277	147.462	137.686	140.533	150.443	169.496	149.586
37930_at	99.759	86.945	87.828	90.576	87.194	85.303	99.624	90.075
37931_at	510.138	450.27	479.825	423.26	483.286	509.886	515.662	539.057
37932_at	137.379	131.499	146.528	142.161	160.874	151.356	142.073	151.727
37933_at	70.268	72.095	65.676	65.399	73.911	66.663	70.715	67.477
37934_at	94.43	99.49	92.952	103.292	86.301	90.68	98.214	94.527
37935_at	60.733	51.867	57.091	45.323	66.169	68.667	49.157	63.091
37936_at	160.388	150.41	134.675	127.506	162.154	143.172	141.386	145.367
37937_at	86.445	78.915	78.308	81.373	84.21	85.95	74.452	86.56
37938_at	78.528	71.327	68.31	62.435	77.097	68.524	67.819	84.193
37939_at	502.327	463.605	457.665	409.933	442.207	464.397	419.113	459.786
37940_f_at	434.212	393.432	385.242	389.239	427.766	423.609	385.251	433.801
37941_at	55.126	59.955	59.827	62.297	58.854	61.82	61.518	59.063
37942_at	200.3	181.396	181.43	184.43	174.753	187.406	189.803	190.477
37943_at	305.252	266.312	292.383	289.774	315.449	307.158	252.541	361.709
37944_at	109.215	106.762	101.345	124.989	112.938	106.406	127.581	120.198
37945_at	235.253	195.968	216.301	197.268	210.308	224.445	190.531	212.898
37946_at	233.946	196.969	219.785	193.37	206.962	214.821	198.724	221.281
37947_at	206.384	209.04	206.225	207.203	212.8	212.474	206.945	213.82
37948_at	61.054	54.991	63.52	63.252	58.845	54.385	62.931	67.151
37949_at	12.633	14.674	12.582	12.226	15.549	16.058	14.718	14.335
37950_at	97.662	102.08	106.444	101.087	111.308	92.201	103.784	95.786
37951_at	47.003	39.449	41.123	40.017	40.367	41.107	47.129	42.134
37952_at	48.14	49.463	39.055	45.405	50.881	47.036	47.352	50.417
37953_s_at	199.364	173.479	204.551	211.958	226.518	199.203	199.746	191.332
37954_at	162.076	122.941	134.82	135.784	123.539	127.739	144.948	131.287
37955_at	178.875	206.027	193.513	195.871	173.097	179.697	185.455	186.2
37956_at	92.033	88.228	94.427	82.563	104.039	91.033	97.52	87.53
37957_at	209.422	190.47	210.801	196.198	173.699	172.189	212.249	196.33
37958_at	77.325	82.715	83.961	85.002	87.146	82.536	82.061	85.594
37959_at	83.757	91.457	86.703	92.939	83.188	94.542	78.789	94.618
37960_at	27.187	29.94	26.398	26.875	28.182	22.061	30.895	29.543
37961_at	164.922	161.291	154.343	149.294	149.634	159.939	164.787	145.438
37962_r_at	61.306	62.075	59.615	64.96	57.623	58.166	57.988	57.496
37963_at	299.324	316.325	278.134	313.309	305.401	302.316	279.094	284.684
37964_at	91.916	110.594	76.437	91.609	79.301	76.503	80.873	79.954
37965_at	119.237	106.431	115.964	110.701	123.64	113.949	115.904	110.067
37966_at	164.219	166.29	170.242	169.76	171.801	178.153	143.013	168.91
37967_at	167.895	158.813	166.137	152.993	170.292	175.09	134.965	190.577
37968_at	220.142	196.078	213.278	200.133	212.48	206.335	200.429	213.541
37969_at	277.003	270.236	251.89	249.345	295.262	282.398	281.206	280.354
37970_at	1038.075	934.563	779.759	922.158	913.213	936.603	890.065	921.868
37971_at	30.468	32.581	21.756	34.779	29.103	27.998	22.765	28.556
37972_at	89.298	79.534	90.699	83.627	87.027	88.707	91.836	85.296
37973_at	168.035	152.821	158.832	160.25	168.496	154.391	151.318	176.914
37974_at	45.395	42.126	41.462	42.37	40.44	49.682	46.721	43.259
37975_at	98.648	90.884	77.213	78.549	84.179	85.297	93.367	89.84
37976_at	157.589	155.681	133.829	144.394	142.039	145.021	147.105	148.276
37977_at	156.057	142.896	137.502	138.446	148.689	156.132	148.777	153.789
37978_at	217.414	208.496	214.083	205.545	204.038	206.788	223.384	211.572
37979_at	173.928	146.416	134.99	135.128	159.66	162.288	140.695	157.9
37980_at	44.02	44.613	38.333	43.806	44.636	38.139	35.133	39.392
37981_at	288.035	278.417	271.839	269.951	294.282	297.403	271.297	279.052
37982_at	139.222	164.564	145.688	150.098	148.23	141.976	136.666	156.744
37983_at	70.392	65.172	57.227	57.748	65.947	67.868	65.467	66.774
37984_s_at	51.944	54.71	49.273	49.289	51.174	48.763	51.143	53.664
37985_at	77.3	65.512	61.368	64.131	70.556	70.211	60.322	72.056
37986_at	64.677	72.371	74.399	69.335	67.942	75.427	68.451	70.152
37987_at	50.794	55.048	50.906	61.521	55.746	50.425	60.234	51.397
37988_at	138.12	123.475	132.931	129.146	126.472	126.241	110.569	124.376
37989_at	15.855	15.27	19.936	17.978	18.256	16.096	19.622	17.994
37990_at	58.076	55.679	47.865	52.626	49.664	49.742	47.702	49.883
37991_at	136.683	158.246	125.622	134.123	142.338	130.326	140.695	124.622
37992_s_at	338.933	357.489	365.763	363.106	342.219	343.385	355.042	339.075
37993_at	442.822	440.943	449.662	454.226	475.472	461.147	476.85	457.13
37994_at	19.394	23.238	25.547	23.263	23.361	20.927	21.692	23.927
37995_s_at	28.448	32.193	32.283	34.278	31.014	29.696	24.609	30.907
37996_s_at	132.617	123.465	143.232	134.928	134.153	130.067	137.62	129.177
37997_r_at	415.264	432.619	429.921	421.101	426.397	406.321	432.164	409.446
37998_at	180.473	185.068	167.88	174.085	165.983	160.77	173.126	168.021
37999_at	31.553	33.456	34.093	32.133	35.582	33.267	36.347	33.948
38000_at	113.76	107.542	114.493	106.899	122.944	116.04	105.685	105.241
38001_at	41.857	37.162	40.375	34.541	38.576	41.714	38.022	33.688
38002_s_at	45.124	49.451	45.07	48.167	48.93	46.966	44.658	46.138
38003_s_at	141.575	196.823	174.615	189.38	146.37	167.894	181.553	152.28
38004_at	150.249	130.417	154.497	153.567	157.804	150.463	137.176	130.064
38005_at	165.33	173.104	153.217	167.844	157.976	155.722	172.972	151.109
38006_at	140.834	104.946	146.186	138.291	144.065	149.515	160.485	157.663
38007_at	152.628	138.685	128.882	139.944	170.152	147.714	139.018	154.315
38248_at	150.166	143.253	135.782	136.707	125.812	135.123	145.577	141.21
38249_at	55.304	61.065	51.996	50.969	49.112	54.659	54.393	49.659
38250_at	56.311	47.916	47.006	53.258	67.914	58.429	51.746	65.137
38251_at	97.38	103.466	96.013	100.245	106.897	106.388	100.259	98.367
38252_s_at	24.802	29.802	25.318	24.379	26.495	26.488	28.247	29.985
38253_at	118.806	115.827	100.711	96.979	100.567	108.301	109.36	113.075
38254_at	152.595	147.974	139.555	129.67	100.053	102.433	94.922	112.751
38255_at	124.474	122.884	110.956	122.648	120.557	121.225	109.524	132.591
38256_s_at	151.51	161.091	149.453	155.313	164.752	159.277	150.433	160.648
38257_at	224.137	248.847	220.436	229.232	221.444	225.238	241.713	229.051
38258_at	268.687	292.824	256.241	277.729	309.434	274.516	250.492	232.593
38259_at	411.8	452.256	365.029	435.541	440.68	421.222	390.083	378.994
38260_at	136.199	136.364	138.637	136.297	141.386	135.613	139.385	139.432
38261_at	343.801	291.997	259.237	291.627	264.931	261.874	291.31	237.946
38262_at	58.344	63.06	58.159	65.041	56.341	62.328	51.926	57.74
38263_at	28.035	26.424	24.366	23.51	24.344	29.405	25.649	28.516
38264_at	63.683	57.58	56.857	54.735	61.968	57.798	59.622	55.515
38265_at	77.79	69.859	72.224	75.195	78.365	76.496	86.144	73.292
38266_at	39.049	28.419	34.517	25.538	30.38	27.766	30.402	29.295
38267_at	25.327	25.17	21.806	23.434	26.872	24.986	23.247	26.473
38268_at	63.746	50.339	49.714	49.794	54.513	50.943	53.523	62.512
38269_at	138.537	116.275	107.925	108.995	118.198	120.456	115.697	122.113
38270_at	32.169	32.033	35.362	29.044	30.258	31.263	30.824	34.732
38271_at	38.369	45.156	42.588	40.738	48.376	43.262	42.608	39.946
38272_at	133.162	135.49	138.339	134.892	142.938	141.799	136.41	131.718
38273_at	96.498	88.087	90.851	86.933	86.908	86.638	82.602	82.901
38274_at	245.799	230.131	238.312	232.004	258.266	260.839	247.469	239.545
38275_at	234.752	233.936	227.03	250.86	241.193	229.541	207.478	211.388
38276_at	122.307	115.67	121.312	113.686	110.29	109.472	119.327	116.552
38277_at	125.95	120.765	139.531	119.484	117.927	130.535	125.597	122
38278_at	134.025	146.676	146.015	152.026	149.807	143.181	162.58	138.107
38279_at	150.055	141.631	139.059	134.78	137.611	143.865	140.432	139.13
38280_s_at	24.365	25.01	24.781	22.629	23.331	23.369	33.666	22.033
38281_at	40.398	47.316	40.016	39.642	46.872	36.778	39.75	38.668
38282_at	298.093	274.658	296.598	252.166	289.817	292.661	281.92	293.931
38283_at	175.098	194.726	177.69	192.595	172.373	171.956	190.313	176.464
38284_at	127.294	123.724	125.009	130.241	130.932	130.654	127.112	129.321
38285_at	95.376	93.648	87.661	94.885	94.957	88.023	97.062	92.961
38286_at	68.457	70.394	72.822	72.147	66.073	61.73	58.675	60.968
38287_at	131.758	121.09	118.743	112.152	128.094	136.067	120.276	142.197
38288_at	10.857	12.994	9.609	10.039	9.094	14.224	11.762	12.09
38289_r_at	7.275	10.934	7.035	8.751	6.013	3.857	5.702	6.337
38290_at	136.55	130.941	121.529	124.757	131.192	124.099	130.851	139.115
38291_at	82.285	76.453	83.448	66.481	82.023	86.784	73.724	84.389
38292_at	407.717	421.21	409.543	416.653	469.35	448.814	488.569	464.039
38293_s_at	56.66	47.722	53.717	52.224	51.113	55.803	47.649	48.978
38294_at	103.106	91.411	80.056	80.952	103.541	98.121	90.154	96.758
38295_at	116.85	114.438	118.765	115.988	111.603	117.602	109.766	115.135
38296_at	49.065	45.534	49.154	45.817	42.325	39.569	40.307	48.824
38297_at	453.278	421.665	461.031	421.402	486.297	487.534	354.536	469.883
38298_at	303.753	290.338	295.021	287.192	333.022	322.532	270.068	317.226
38299_at	43.041	49.783	46.541	46.012	46.831	50.422	37.73	43.321
38300_at	28.676	19.879	25.915	24.131	26.528	33.006	28.239	27.35
38301_at	62.069	60.126	66.068	58.762	61.01	70.75	58.107	69.133
38302_at	68.189	63.832	60.996	63	65.162	65.136	60.222	68.592
38303_at	26.599	30.89	26.366	28.101	31.385	28.58	29.735	31.744
38304_r_at	14.442	12.65	11.529	15.74	17.508	14.35	15.94	10.709
38305_at	127.597	124.444	129.003	120.49	119.76	113.432	120.443	114.763
38306_at	82.681	90.26	77.553	89.114	80.971	79.42	89.96	78.863
38307_at	252.75	212.271	233.354	227.104	245.084	220.651	258.918	239.669
38308_g_at	103.547	95.817	91.035	86.789	91.539	86.15	98.643	86.246
38309_r_at	201.088	186.726	187.35	179.046	197.625	197.611	180.84	199.058
38310_at	66.223	67.252	77.188	75.32	72.322	67.986	70.538	64.233
38311_at	73.705	80.057	85.73	95.54	85.686	81.864	93.998	89.199
38312_at	128.315	130.698	138.539	121.695	127.981	120.965	113.152	121.356
38313_at	104.078	123.029	120.213	124.271	127.769	116.911	118.177	116.95
38314_at	240.925	231.857	239.084	216.214	250.831	226.995	207.138	221.521
38315_at	107.693	99.737	90.952	85.48	113.128	100.781	99.686	98.017
38316_at	229.575	228.066	242.602	245.806	250.331	247.798	228.616	238.552
38317_at	141.68	143.653	136.015	147.613	151.078	129.726	152.999	137.41
38318_at	141.511	146.185	131.366	145.986	136.858	137.139	143.083	141.745
38319_at	53.851	47.264	49.61	48.034	50.808	51.071	47.415	48.623
38320_s_at	311.145	316.606	316.007	307.368	297.208	309.319	274.643	275.2
38321_r_at	97.175	97.029	111.353	108.99	102.029	89.237	111.424	93.307
38322_at	51.439	46.042	46.903	46.384	53.774	45.959	39.126	43.709
38323_at	84.401	83.375	71.085	73.171	63.091	90.846	87.242	77.466
38324_at	103.972	118.215	110.354	114.988	103.681	103.29	107.078	109.161
38325_at	61.829	70.246	57.814	60.601	66.888	63.876	62.768	67.509
38326_at	173.178	212.794	207.949	202.571	200.165	183.359	189.674	187.873
38327_at	174.639	167.688	174.679	167.382	171.765	175.664	167.343	170.202
38328_at	57.144	61.79	58.028	59.46	53.378	57.954	59.299	61.381
38329_at	128.655	124.008	126.139	119.152	123.862	123.287	126.668	136.328
38330_at	20.356	22.201	16.772	18.274	21.048	18.139	15.759	19.867
38331_at	43.644	45.794	40.855	39.804	52.981	50.663	41.196	50.502
38332_at	126.151	124.262	115.009	118.013	123.38	117.776	115.286	131.803
38333_at	102.253	95.127	95.883	93.146	114.534	102.603	94.313	102.89
38334_g_at	150.364	138.789	137.586	130.381	139.983	143.192	139.608	152.455
38335_at	70.304	66.496	62.853	64.09	68.27	74.726	65.812	74.609
38336_at	36.176	36.059	29.838	26.449	32.334	35.476	31.364	31.366
38337_at	63.16	62.649	57.731	58.388	64.348	64.482	62.894	66.215
38338_at	238.652	232.244	224.586	219.046	248.734	234.18	221.424	264.258
38339_at	23.784	16.59	19.839	15.902	20.308	20.112	17.414	25.167
38340_at	244.885	254.363	226.05	230.449	233.844	232.876	227.221	244.233
38341_at	168.094	137.97	134.007	129.861	142.186	132.614	146.744	126.626
38342_at	408.919	368.157	376.235	388.799	411.166	396.831	393.88	411.315
38343_at	113.544	124.73	123.661	121.211	124.353	113.215	110.225	109.698
38344_at	130.307	130.948	121.749	134.364	123.972	128.031	129.299	123.952
38345_at	43.038	41.707	41.093	42.887	40.713	35.546	37.901	42.751
38346_at	113.093	100.196	117.247	99.209	103.098	117.055	101.952	116.125
38347_at	8.772	8.67	6.503	9.958	9.17	6.209	7.782	6.682
38348_at	31.379	28.378	24.273	24.984	28.947	28.781	33.147	33.662
38349_at	71.383	62.362	64.911	64.502	72.096	66.453	64.945	65.222
38350_f_at	89.13	96.12	92.955	102.219	89.885	100.519	98.993	97.812
38351_at	157.463	173.976	150.019	163.003	144.169	150.437	171.249	148.814
38352_at	78.21	70.579	56.205	68.785	71.295	71.09	75.044	66.817
38353_at	43.258	47.938	51.79	56.151	47.634	44.475	50.458	50.483
38354_at	291.405	380.305	358.57	392.64	316.077	316.392	351.677	319.401
38355_at	88.425	103.895	85.347	94.142	84.558	90.941	92.549	87.497
38356_at	320.05	273.404	310.43	258.555	240.001	305.08	297.699	291.233
38357_at	282.422	316.574	313.967	312.621	319.601	317.198	299.958	317.92
38358_at	65.582	75.839	70.87	65.688	84.474	70.735	61.436	69.155
38359_at	239.464	234.526	260.778	210.933	240.226	247.291	260.303	243.489
38360_at	161.179	166.881	161.755	158.669	167.511	154.731	173.164	173.042
38361_g_at	38.641	45.32	39.53	44.96	41.691	35.911	41.002	34.422
38362_at	42.74	42.609	38.076	40.314	36.86	43.549	42.645	39.167
38363_at	370.549	361.994	380.036	362.82	244.211	228.294	238.66	211.284
38364_at	24.961	29.734	28.66	29.324	25.189	27.318	26.282	26.662
38365_at	50.952	52.277	46.644	52.87	50.111	49.02	49.595	47.423
38366_g_at	30.998	27.273	26.033	27.206	25.091	28.114	25.135	30.27
38367_s_at	43.395	36.448	34.966	39.626	36.93	34.067	34.563	40.049
38608_at	127.712	116.949	125.704	117.054	128.86	122.845	112.134	137.631
38609_at	292.745	284.75	257.789	260.457	289.179	290.078	297.056	276.614
38610_s_at	143.672	154.044	156.242	154.494	152.683	156.189	155.129	151.523
38611_at	49.703	43.547	42.678	45.717	45.704	50.287	39.883	49.655
38612_at	116.098	123.314	108.238	104.702	104.868	103.328	106.448	109.532
38613_at	401.353	371.854	378.336	336.422	402.754	384.342	358.371	434.83
38614_s_at	200.952	202.152	183.654	182.925	189.504	188.842	179.421	198.42
38615_at	401.838	367.558	350.478	374.995	398.138	349.185	402.408	422.529
38616_at	120.236	110.887	100.857	103.556	106.614	108.187	101.544	116.757
38617_at	181.814	151.224	158.904	165.518	175.917	170.568	169.024	181.447
38618_at	436.269	443.931	453.016	470.255	441.115	409.719	460.305	468.849
38619_at	105.517	102.762	95.889	103.969	104.248	106.899	96.04	93.454
38620_at	82.011	75.432	79.608	74.01	84.457	83.793	68.883	88.559
38621_at	184.002	166.707	135.968	144.069	176.416	165.668	175.722	175.82
38622_at	157.569	141.407	141.526	134.766	140.391	143.832	137.701	154.851
38623_at	159.724	144.943	142.943	137.772	168.345	153.53	148.085	160.651
38624_at	355.514	307.883	337.161	293.879	303.048	352.021	351.2	347.705
38625_g_at	254.402	265.114	267.478	249.173	277.572	244.607	236.892	253.496
38626_at	70.309	66.634	66.887	62.36	61.554	60.896	69.462	65.46
38627_at	10.707	15.921	10.975	15.478	11.59	11.819	17.334	9.105
38628_at	327.577	335.845	343.415	340.231	325.515	326.891	342.994	332.539
38629_at	411.012	376.576	408.447	371.438	380.622	416.384	375.296	399.774
38630_at	77.07	76.249	82.094	79.06	75.818	80.226	76.759	78.111
38631_at	139.978	126.966	120.143	132.416	145.262	123.787	134.561	139.047
38632_at	298.695	270.855	269.714	266.684	288.417	249.78	286.35	265.484
38633_at	266.152	287.746	283.49	325.454	283.01	257.56	296.956	251.748
38634_at	506.089	579.042	557.614	556.139	511.99	496.592	553.041	513.859
38635_at	1935.323	2103.012	1878.253	2027.321	1876.744	1807.338	2099.622	1830.593
38636_at	542.513	518.936	548.876	537.825	561.171	510.184	623.147	569.098
38637_at	75.917	73.769	73.765	71.871	85.481	77.761	70.561	77.836
38638_at	139.655	144.196	131.096	141.286	126.841	136.076	140.434	126.634
38639_at	145.539	148.776	154.968	150.928	151.783	148.878	152.723	142.851
38640_at	241.755	273.85	254.018	261.539	258.274	263.691	242.355	253.993
38641_at	715.961	623.902	759.97	703.92	875.776	774.028	753.117	742.163
38642_at	128.355	145.476	118.871	141.209	138.303	128.222	148.839	131.34
38643_at	110.38	122.79	127.693	116.909	116.429	122.272	119.697	123.016
38644_at	147.592	158.279	159.031	158.75	154.425	152.356	143.534	140.592
38645_at	27.271	29.515	24.997	33.39	27.538	25.608	24.646	28.354
38646_s_at	6192.5	6600.343	6469.474	6480.02	6638.763	6445.731	6293.774	6505.443
38647_at	921.078	819.695	918.749	944.526	1001.694	943.794	921.869	1012.172
38648_at	171.921	156.417	155.828	162.356	159.445	161.723	148.121	159.496
38649_at	507.323	480.858	452.529	458.759	478.239	444.938	484.96	490.324
38650_at	132.664	143.327	141.193	140.977	131.219	131.149	135.804	137.77
38651_at	211.894	214.228	203.394	187.076	192.535	200.876	184.906	217.145
38652_at	177.719	193.444	177.056	169.744	187.22	167.717	155.832	178.05
38653_at	116.6	127.786	113.158	120.77	117.415	118.547	108.455	115.414
38654_at	66.608	73.423	68.701	79.066	70.828	83.584	60.315	68.079
38655_at	237.678	211.13	192.198	221.27	244.665	225.885	214.199	228.733
38656_s_at	319.157	249.74	271.16	250.276	266.991	276.791	279.955	270.833
38657_s_at	530.386	513.051	528.896	513.984	514.835	540.881	514.686	546.207
38658_at	142.18	165.829	172.665	186.961	173.542	161.071	193.135	165.267
38659_at	136.977	138.582	129.508	140.536	155.472	144.846	136.798	143.631
38660_at	279.815	310.139	340.527	265.603	318.098	306.517	288.936	277.746
38661_at	257.771	263.198	253.982	251.882	244.418	253.576	229.909	248.292
38662_at	88.278	89.677	88.902	89.724	85.253	84.403	91.08	88.352
38663_at	419.23	412.795	432.338	432.209	435.872	420.237	401.124	423.863
38664_at	102.956	101.666	86.806	84.518	83.377	85.639	88.048	81.174
38665_at	186.047	159.939	158.794	145.717	159.246	164.744	161.657	163.905
38666_at	90.375	96.458	82.018	82.687	91.782	88.578	86.686	85.345
38667_at	80.338	87.156	81.868	84.25	80.104	87.078	94.423	81.893
38668_at	38.132	42.211	39.718	40.06	41.624	37.148	36.816	35.212
38669_at	83.274	90.339	82.123	82.869	83.861	81.364	80.17	84.807
38670_at	79.435	78.317	91.438	94.081	81.549	79.543	97.449	93.799
38671_at	194.632	188.022	191.472	170.462	191.74	197.663	182.509	201.979
38672_at	337.693	315.575	317.874	331.343	339.74	337.048	336.261	332.007
38673_s_at	125.818	131.065	124.428	125.283	119.831	126.446	118.595	126.525
38674_at	267.988	276.936	267.864	283.363	282.06	287.246	273.693	261.211
38675_at	520.916	544.083	523.532	549.346	533.2	517.896	474.785	493.951
38676_at	37.839	51.513	47.284	42.854	37.836	42.779	36.463	38.572
38677_at	23.6	21.719	24.201	25.713	24.703	24.753	22.386	26.469
38678_at	33.783	33.176	36.077	32.838	34.178	33.567	31.434	33.622
38679_g_at	320.87	388.219	282.193	370.31	313.068	334.278	346.066	319.06
38680_at	57.357	52.84	56.177	54.18	56.765	49.775	55.378	54.536
38681_at	565.716	675.117	606.835	658.444	596.2	555.259	605.363	556.521
38682_at	323.372	357.278	319.278	330.082	317.237	298	295.842	282.808
38683_s_at	235.921	252.813	264.482	277.752	269.603	272.342	286.011	266.078
38684_at	66.281	71.8	65.429	65.445	68.232	71.378	66.696	68.954
38685_at	83.055	86.05	72.791	85.5	84.372	80.797	75.068	74.782
38686_at	553.659	597.99	596.04	543.493	593.674	601.529	561.275	578.65
38687_at	231.892	237.837	221.877	257.587	226.08	217.117	222.104	223.015
38688_at	192.936	189.375	185.377	183.726	185.98	189.879	212.044	196.913
38689_at	222.929	222.48	216.118	215.382	214.96	216.599	215.221	224.929
38690_at	328.264	337.824	352.533	333.889	337.369	358.052	335.884	366.677
38691_s_at	641.009	591.699	535.259	604.036	668.343	619.869	593.387	656.236
38692_at	77.34	82.686	73.159	71.362	72.682	81.807	79.386	76.658
38693_at	128.263	137.136	120.554	129.243	120.506	112.727	110.055	134.02
38694_at	48.708	45.951	43.32	42.484	41.964	42.333	42.275	46.123
38695_at	205.949	234.167	224.819	222.443	217.636	208.943	210.674	177.358
38696_at	69.814	70.397	73.326	69.5	70.088	75.208	66.061	81.814
38697_at	169.721	176.245	171.247	171.643	176.374	152.489	227.121	172.898
38698_at	144.023	132.712	133.602	130.211	138.741	144.057	124.34	151.138
38699_at	75.755	77.35	75.052	71.928	78.212	86.731	66.266	81.344
38700_at	177.238	198.408	193.995	191.42	174.497	177.77	196.828	182.513
38701_at	267.446	279.633	252.015	270.362	284.13	266.961	277.679	267.731
38702_at	96.158	91.52	87.305	83.485	84.44	87.881	79.178	94.421
38703_at	283.918	295.285	277.395	273.948	290.463	312.607	296.682	318.567
38704_at	287.522	313.743	296.481	308.87	305.411	311.068	284.563	304.538
38705_at	85.135	89.103	77.875	79.313	76.398	75.018	86.596	76.863
38706_at	239.786	251.844	224.977	236.689	247.989	237.292	232.723	235.83
38707_r_at	742.605	765.533	761.68	731.61	685.09	758.523	701.104	710.272
38708_at	392.743	448.816	370.29	433.263	362.982	355.222	441.009	376.102
38709_at	124.794	127.998	127.608	133.451	121.747	122.564	136.6	128.718
38710_at	418.9	391.478	409.572	395.666	429.791	397.558	397.725	413.467
38711_at	69.433	80.62	76.95	76.577	77.17	68.759	74.49	66.946
38712_at	104.681	114.565	98.271	104.298	92.676	106.925	110.654	106.014
38713_at	598.003	521.519	583.335	510.661	580.858	605.856	595.98	598.838
38714_at	58.362	60.376	56.082	59.66	61.62	55.831	60.926	57.377
38715_at	71.197	64.551	72.823	57.963	69.212	74.679	72.3	70.177
38716_at	190.497	184.625	210.173	195.356	198.208	192.06	214.44	198.704
38717_at	313.319	393.907	355.926	395.035	342.633	327.966	359.497	315.774
38718_at	206.167	208.575	216.479	219.211	224.148	216.56	203.32	205.864
38719_at	265.732	307.097	298.878	296.844	293.4	297.036	260.646	282.246
38720_at	446.917	471.816	423.609	474.163	499.953	457.555	473.158	473.109
38721_at	315.562	340.626	302.251	340.133	355.773	320.818	348.491	326.089
38722_at	315.7	327.094	319.906	326.42	333.614	331.887	331.331	328.904
38723_at	124.638	134.721	146.411	138.051	149.329	141.843	118.865	135.466
38724_at	181.466	178.139	174.478	188.477	199.459	184.582	200.891	184.004
38725_s_at	287.918	280.094	323.371	275.205	307.626	295.359	278.875	271.557
38726_at	165.876	173.901	160.548	162.464	162.187	159.387	153.454	160.14
38966_at	193.836	194.851	192.64	186.202	204.264	203.421	184.393	206.037
38967_at	261.582	351.094	305.183	318.918	269.839	273.194	301.107	230.334
38968_at	209.602	195.95	180.284	181.93	192.889	192.501	193.909	215.804
38969_at	358.03	392.347	379.343	386.426	350.715	351.898	405.823	374.318
38970_s_at	406.518	386.987	348.423	369.637	353.106	385.512	359.277	368.473
38971_r_at	467.493	446.612	452.245	451.38	448.316	477.391	440.831	478.262
38972_at	112.901	109.951	114.073	109.065	104.385	108.383	121.898	112.858
38973_at	216.264	198.606	189.797	181.952	206.816	197.184	182.811	206.56
38974_at	546.669	549.61	495.609	524.869	533.189	531.431	556.052	569.827
38975_at	59.399	58.428	54.276	58.27	58.91	60.886	62.037	56.785
38976_at	208.169	195.606	188.515	177.288	175.982	186.886	169.044	207.758
38977_at	237.183	269.531	233.881	265.535	242.886	229.227	267.027	245.755
38978_at	247.482	238.25	219.277	233.272	247.557	231.065	267.585	244.345
38979_at	35.941	40.468	38.549	37.836	33.45	34.295	42.702	40.094
38980_at	41.943	37.834	36.961	39.558	40.725	39.406	32.694	41.045
38981_at	200.5	243.74	219.633	219.18	181.391	191.123	195.619	210.296
38982_at	162.509	178.618	165.905	182.568	169.429	171.628	152.47	161.009
38983_at	118.01	119.65	112.533	120.121	113.317	110.836	98.771	103.626
38984_at	123.15	143.303	135.814	154.748	128.799	130.12	143.983	131.933
38985_at	69.974	74.005	72.561	63.56	68.009	69.357	67.246	72.623
38986_at	179.855	194.544	167.184	171.23	162.45	158.111	183.535	158.035
38987_at	86.375	84.709	88.138	85.318	85.344	85.605	110.199	89.357
38988_at	123.019	134.611	125.735	143.693	144.703	135.141	122.947	121.098
38989_at	85.593	87.765	90.761	87.003	94.442	94.707	88.685	92.134
38990_at	342.43	364.616	350.301	370.725	342.545	346.092	370.941	334.925
38991_at	322.943	291.562	324.335	299.381	338.025	328.336	314.209	316.759
38992_at	97.769	106.348	101.415	92.194	87.243	94.852	108.769	90.565
38993_r_at	172.703	157.629	168.001	158.607	156.186	159.051	172.564	175.211
38994_at	21.226	18.875	18.436	19.652	18.248	19.544	20.871	20.845
38995_at	287.855	273.546	295.603	266.936	286.874	289.372	290.78	284.327
38996_at	111.356	119.375	117.512	122.954	113.077	110.051	113.788	108.491
38997_at	255.447	229.677	244.793	235.358	254.656	231.03	237.689	234.018
38998_g_at	293.36	286.786	295.916	287.902	316.079	293.074	297.518	293.992
38999_s_at	37.901	48.015	41.244	45.509	41.27	44.888	46.337	41.308
39000_at	152.331	146.468	171.15	139.033	170.261	148.926	140.869	147.449
39001_at	141.993	151.556	170.175	167.774	169.666	154.938	177.292	176.107
39002_at	1082.488	1065.214	1124.53	1022.898	1022.835	1049.21	1027.593	1016.991
39003_at	246.461	294.163	287.799	298.997	274.621	279.612	291.088	278.801
39004_at	131.41	142.146	144.76	139.939	149.49	131.744	151.509	140.593
39005_s_at	84.763	93.072	90.671	93.495	92.361	82.228	96.331	97.252
39006_r_at	60.694	52.2	63.913	59.744	72.315	61.786	56.807	64.929
39007_at	81.874	74.982	72.652	72.209	81.528	72.133	84.404	80.06
39008_at	111.733	109.806	108.308	107.712	114.501	118.511	113.072	120.035
39009_at	193.635	243.747	241.311	246.906	225.476	206.879	223.627	212.351
39010_at	218.743	234.226	229.312	238.002	209.9	211.922	221.009	212.209
39011_at	288.072	271.487	279.181	271.736	277.542	289.821	278.516	292.254
39012_g_at	126.884	143.715	114.643	125.93	116.055	117.418	120.324	121.895
39013_at	19.754	21.118	23.499	22.244	19.342	22.65	20.976	17.406
39014_at	253.883	221.328	257.325	219.239	268.812	239.334	235.078	215.944
39015_f_at	121.185	117.172	111.309	108.763	102.094	112.899	104.193	116.835
39016_r_at	171.053	163.6	142.076	146.032	159.449	161.077	161.379	168.824
39017_at	116.441	118.027	122.846	125.07	116.611	122.582	129.938	119.445
39018_at	302.929	300.834	297.24	279.664	270.064	292.019	249.137	289.668
39019_at	868.1	986.661	910.917	995.014	863.58	851.042	958.931	889.189
39020_at	660.541	676.699	682.66	704.052	622.155	669.26	603.655	630.6
39021_at	77.582	62.493	69.805	63.344	60.536	63.474	71.334	68.823
39022_at	246.449	242.574	253.263	247.067	242.342	246.939	232.968	245.077
39023_at	187.985	215.955	206.923	211.462	214.539	211.085	224.427	203.576
39024_at	110.311	116.091	104.695	110.601	110.309	104.386	108.577	108.052
39025_at	1708.941	1866.872	1746.369	1722.901	1635.676	1613.939	1844.681	1596.317
39026_r_at	927.843	1022.053	1045.941	989.755	1030.088	976.156	990.221	981.075
39027_at	593.254	681.311	608.835	637.279	584.379	578.305	649.543	600.975
39028_at	31.596	37.919	31.218	31.909	27.683	28.59	33.444	23.75
39029_at	264.712	249.428	261.959	250.731	259.092	271.35	273.592	272.851
39030_at	455.994	470.07	504.758	495.762	505.447	491.881	509.275	465.751
39031_at	185.715	201.346	195.339	183.16	193.961	184.53	200.222	182.031
39032_at	157.618	172.2	162.738	157.439	141.125	155.377	167.456	158.646
39033_at	800.178	838.828	850.279	860.587	885.95	785.463	849.691	815.315
39034_at	27.623	25.023	24.966	30.303	26.307	24.518	23.24	26.93
39035_at	59.802	56.512	57.619	58.277	61.096	55.913	60.961	58.485
39036_g_at	55.09	56.659	56.722	66.963	56.8	51.137	63.66	57.853
39037_at	197.142	242.988	193.794	235.06	226.174	215.653	220.811	219.661
39038_at	179.549	200.938	182.658	202.734	175.949	185.494	186.723	171.482
39039_s_at	115.353	127.615	115.194	122.223	116.699	120.61	112.482	110.745
39040_at	76.895	94.408	93.784	91.235	85.707	88.332	81.46	86.865
39041_at	31.409	35.677	30.154	31.457	37.836	32.129	32.717	30.193
39042_at	105.877	102.2	102.168	97.589	96.274	100.012	97.833	92.186
39043_at	320.486	364.583	304.51	286.221	383.538	360.665	320.245	315.985
39044_s_at	424.697	388.51	386.705	387.546	461.208	407.17	388.063	411.126
39045_at	297.268	291.467	292.895	284.828	268.451	276.663	280.995	305.267
39046_at	138.205	128.337	134.485	110.813	122.894	132.293	120.989	148.752
39047_at	198.953	181.853	171.464	170.158	185.253	184.179	187.975	196.95
39048_at	43.383	41.118	40.684	49.512	50.043	51.015	49.592	46.98
39049_at	168.298	162.994	152.524	150.163	166.604	161.193	142.287	171.046
39050_at	359.607	391.87	409.627	377.749	333.824	378.962	357.028	393.621
39051_at	195.069	174.249	186.442	169.978	188.316	197.738	178.669	200.389
39052_at	293.749	240.946	266.509	239.347	300.189	259.824	282.317	289.776
39053_at	87.968	96.104	94.818	90.191	94.022	86.919	94.178	97.249
39054_at	484.915	473.798	466.093	443.21	424.062	439.531	403.947	489.91
39055_at	106.646	114.016	108.077	111.892	108.554	111.087	117.719	111.82
39056_at	86.475	89.253	84.306	82.556	82.95	79.254	75.639	90.306
39057_at	224.974	200.844	212.966	220.984	210.031	220.721	223.71	231.192
39058_at	132.34	128.891	112.948	122.562	138.859	140.705	155.459	135.785
39059_at	1006.283	1048.375	897.571	999.954	104.571	103.111	97.503	110.249
39060_at	122.546	133.912	116.62	123.556	115.941	117.761	130.073	113.038
39061_at	226.122	249.772	260.347	255.821	226.778	242.904	248.037	248.685
39062_at	182.067	200.265	187.521	191.653	172.656	182.719	179.152	183.485
39063_at	46.609	43.856	45.553	49.194	50.675	46.495	49.682	44.673
39064_at	126.041	130.463	142.621	127.588	128.575	127.364	132.803	132.78
39065_s_at	160.932	160.129	152.209	150.705	125.065	131.323	166.455	143.922
39066_at	274.274	232.415	253.78	222.467	286.123	256.572	243.784	261.778
39067_at	239.672	235.026	245.941	232.302	247.578	243.185	255.76	240.329
39068_at	435.113	403.329	407.621	383.938	392.036	414.221	366.566	406.449
39069_at	93.742	104.734	105.206	102.623	105.101	109.326	106.239	106.685
39070_at	60.702	64.468	65.933	66.027	67.686	72.02	61.135	70.546
39071_at	132.191	180.446	155.2	165.097	151.623	150.495	141.108	143.323
39072_at	243.079	254.885	258.377	261.344	298.687	268.655	274.614	257.092
39073_at	179.276	185.746	181.982	197.472	190.204	187.064	188.084	191.454
39074_at	165.478	168.84	151.234	157.225	168.083	164.534	152.593	148.779
39075_at	475.635	491.632	418.499	472.882	482.283	453.856	431.788	422.031
39076_s_at	201.752	218.597	204.464	206.066	211.577	198.451	202.102	204.751
39077_at	137.761	129.518	125.542	132.819	137.6	124.685	131.642	129.539
39078_at	119.389	134.75	130.146	127.885	118.269	116.825	132.976	116.329
39079_at	210.153	253.298	225.643	258.122	234.193	222.597	213.148	220.452
39080_at	500.901	525.849	547.798	549.77	547.514	542.955	550.122	535.04
39081_at	373.744	409.241	361.808	431.861	398.187	364.952	449.959	367.204
39082_at	302.376	318.66	326.606	330.906	302.979	304.086	311.65	296.805
39083_at	69.342	77.09	84.198	82.173	80.827	86.528	74.307	67.228
39084_at	110.486	120.81	123.581	123.867	133.201	121.334	113.471	118.039
39085_at	143.757	137.708	147.602	153.511	146.944	146.217	157.235	142.082
39326_at	774.854	711.233	700.278	620.925	656.206	712.507	656.616	713.856
39327_at	144.744	117.904	119.027	120.402	137.168	140.816	129.129	140.106
39328_at	114.531	127.224	131.781	140.786	123.693	122.833	155.322	135.01
39329_at	158.642	169.342	173.69	170	165.851	158.622	160.102	182.448
39330_s_at	110.851	99.118	100.516	90.859	100.954	95.303	101.961	100.589
39331_at	332.516	352.74	338.133	328.134	343.269	334.079	351.736	361.158
39332_at	398.72	400.727	414.812	393.133	402.827	406.293	354.842	399.719
39333_at	101.263	106.528	104.384	106.344	100.342	101.304	97.843	101.666
39334_s_at	230.689	202.347	236.648	201.941	249.165	242.416	259.596	240.932
39335_at	65.24	57.822	54.881	56.786	65.154	62.488	60.76	52.969
39336_at	971.414	728.214	765.719	796.273	863.94	870.908	991.837	843.871
39337_at	129.637	132.951	123.111	128.107	103.336	105.831	108.899	121.143
39338_at	420.246	381.798	458.754	411.436	476.939	425.674	517.792	445.033
39339_at	443.246	446.716	445.973	409.724	419.925	483.139	375.469	434.51
39340_at	162.175	157.314	160.748	149.978	156.391	157.09	156.487	151.834
39341_at	387.778	360.153	377.665	339.192	341.172	365.961	317.475	378.271
39342_at	243.037	282.248	277.826	288.429	254.236	245.853	270.084	256.321
39343_at	389.01	360.932	374.376	360.226	348.481	357.528	327.246	365.069
39344_at	160.633	189.224	155.034	168.051	160.765	137.055	154.553	151.627
39345_at	297.9	326.072	337.254	326.363	318.176	295.364	348.466	297.493
39346_at	285.711	248.669	275.354	249.335	253.552	254.809	280.698	306.904
39347_at	153.554	171.516	162.217	169.157	155.289	151.32	150.811	153.158
39348_at	160.46	150.516	147.696	155.175	171.723	149.16	165.717	159.415
39349_at	21.67	20.476	18.074	26.361	23.426	22.273	21.579	19.766
39350_at	101.935	93.3	96.318	94.988	100.078	100.301	101.512	104.237
39351_at	308.348	366.061	341.757	365.481	315.21	312.867	367.657	324.715
39352_at	77.31	72.547	67.311	70.934	72.262	73.113	70.278	73.044
39353_at	246.898	304.907	297.658	323.689	275.649	268.202	284.082	274.297
39354_at	96.706	105.754	88.083	106.857	95.286	91.498	97.975	93.383
39355_at	19.928	24.822	21.57	20.352	20.609	17.364	21.378	19.626
39356_at	98.407	103.721	104.35	102.738	111.267	102.395	99.902	97.73
39357_at	63.841	63.981	69.827	68.799	62.154	64.062	69.815	65.084
39358_at	178.398	207.778	183.927	212.995	180.624	188.237	187.592	180.585
39359_s_at	126.059	121.932	132.47	126.361	113.537	111.057	112.904	98.809
39360_at	264.294	332.716	321.421	354.466	281.828	302.042	313.473	295.098
39361_f_at	25.437	25.611	23.06	24.332	21.879	23.5	26.733	23.054
39362_r_at	101.027	125.08	129.086	113.147	111.499	107.768	102.418	110.471
39363_at	138.306	162.92	154.889	162.768	150.093	150.806	176.057	155.728
39364_s_at	142.971	131.905	135.354	113.515	143.927	134.595	141.229	125.391
39365_i_at	46.552	54.261	47.836	53.2	55.145	60.103	46.936	57.432
39366_at	76.18	64.99	63.853	62.011	72.593	75.871	69.588	79.731
39367_at	182.026	182.267	167.65	180.562	176.216	172.333	181.253	190.392
39368_at	376.336	347.593	331.65	339.386	330.934	335.13	394.301	353.01
39369_at	45.562	44.665	37.584	38.59	47.073	40.69	48.915	51.016
39370_at	221.739	236.572	230.474	220.756	209.787	217.928	199.147	240.11
39371_at	60.124	60.096	55.994	60.378	60.258	56.105	56.584	62.319
39372_at	103.424	92.521	88.455	80.977	88.426	85.691	101.326	99.157
39373_at	67.97	61.559	59.392	61.582	53.522	59.386	61.135	64.542
39374_at	78.656	74.998	73.116	70.221	94.048	83.751	72.659	88.549
39375_g_at	77.581	68.554	70.549	66.321	74.466	73.083	64.266	79.32
39376_at	68.775	65.468	63.277	63.497	64.531	63.065	62.166	71.809
39377_at	64.032	67.698	64.498	69.34	63.713	64.109	66.874	71.993
39378_at	421.85	441.252	408.342	437.705	408.122	419.343	449.51	429.867
39379_at	91.827	90.109	87.863	83.778	85.111	89.34	79.112	92.016
39380_at	99.731	93.243	81.357	86.452	87.976	93.083	91.938	86.621
39381_at	127.141	128.789	123.707	120.42	126.206	116.937	115.13	131.266
39382_at	77.406	89.196	68.67	71.42	71.709	75.99	71.252	73.277
39383_at	441.889	436.387	409.475	424.727	485.485	481.094	407.626	473.503
39384_at	37.124	42.07	36.643	37.336	36.548	35.334	36.605	35.971
39385_at	1236.57	1391.749	1337.23	1346.956	1203.949	1167.515	1216.85	1210.277
39386_at	268.46	242.562	272.642	236.126	276.793	268.204	280.941	279.48
39387_at	169.57	154.819	148.563	147.334	147.649	145.713	126.692	140.936
39388_at	98.577	92.44	86.683	93.808	95.791	90.359	88.013	87.108
39389_at	55.943	60.396	54.379	62.423	54.209	62.984	57.682	57.436
39390_at	122.872	135.458	112.656	137.164	99.299	111.37	179.871	107.481
39391_at	95.576	108.162	87.725	96.99	93.096	91.667	88.248	91.483
39392_at	77.479	75.372	70.49	79.113	76.175	80.964	70.775	80.763
39393_r_at	49.739	40.539	41.947	31.54	34.048	34.517	44.424	38.829
39394_at	114.414	110.888	109.204	108.543	107.888	102.021	102.448	101.133
39395_at	412.615	443.231	425.749	430.975	514.257	447.121	353.923	420.547
39396_at	72.198	75.204	58.429	68.959	68.53	68.825	71.695	69.376
39397_at	110.268	130.741	134.798	126.414	126.905	130.164	120.31	101.242
39398_s_at	101.202	105.809	104.105	96.057	110.526	95.979	95.799	104.789
39399_at	208.528	198.107	209.066	199.088	228.777	194.186	196.866	195.91
39400_at	284.961	286.165	294.217	287.835	312.144	306.538	308.647	300.269
39401_at	230.612	234.74	241.211	242.326	241.03	222.621	236.527	210.452
39402_at	200.792	183.941	209.562	191.91	232.461	215.666	195.725	212.082
39403_at	32.335	41.41	37.39	37.053	41.722	34.888	37.272	32.935
39404_s_at	314.809	331.865	294.891	322.001	341.446	317.844	299.968	289.829
39405_at	128.855	127.918	120.394	119.724	103.974	115.278	132.009	114.102
39406_at	530.843	531.253	501.886	485.902	522.396	539.396	512.781	551.924
39407_at	158.09	145.528	139.514	134.057	153.078	146.553	138.938	165.11
39408_at	153.63	143.386	144.341	140.917	142.845	146.496	140.341	147.26
39409_at	150.982	141.956	138.032	140.632	152.099	147.277	148.421	158.906
39410_at	23.54	25.125	18.822	22.239	16.892	21.772	25.291	21.832
39411_at	104.409	111.736	113.578	106.913	111.664	113.341	114.401	121.141
39412_at	696.998	683.666	709.418	655.718	711.984	667.984	598.71	611.757
39413_at	18.014	21.852	18.995	17.396	16.445	20.868	18.038	18.162
39414_at	60.479	65.289	70.837	70.989	67.655	68.181	63.475	71.683
39415_at	735.243	790.539	668.693	700.915	670.204	650.845	608.127	666.304
39416_at	157.579	140.531	133.578	138.984	140.442	148.666	142.437	165.133
39417_at	142.744	136.762	133.556	133.578	138.421	134.032	132.328	149.93
39418_at	217.7	219.962	226.642	219.526	218.403	226.893	216.081	225.982
39419_at	64.864	69.93	59.843	66.443	63.427	64.936	53.596	64.87
39420_at	254.751	270.636	281.528	275.266	259.621	273.13	254.007	282.855
39421_at	206.064	162.457	175.363	149.661	183.07	188.023	184.97	205.397
39422_at	103.54	98.513	106.454	105.995	121.692	110.972	130.371	125.283
39423_f_at	114.269	126.105	112.205	123.25	107.311	105.699	108.062	105.332
39424_at	223.429	223.578	236.224	206.951	240.039	225.863	222.765	230.645
39425_at	189.683	179.055	174.504	174.096	174.146	179.516	170.37	181.681
39426_at	68.066	77.272	69.814	72.314	61.603	74.563	71.173	68.819
39427_at	688.433	781.104	695.636	777.031	715.423	661.436	742.652	693.539
39428_at	117.298	115.821	116.764	111.528	108.8	114.304	108.511	103.025
39429_at	167.703	150.071	163.103	176.564	210.835	176.946	187.794	178.736
39430_at	88.892	86.254	94.291	93.318	91.505	90.28	91.804	94.583
39431_at	88.267	103.98	103.549	99.151	98.915	98.02	99.167	90.161
39432_at	203.41	194.911	192.826	192.495	187.227	188.568	222.042	196.709
39433_at	57.662	62.779	67.162	69.943	65.433	62.077	70.717	68.456
39434_at	64.491	62.963	65.981	68.585	62.824	67.235	66.373	68.884
39435_at	330.031	357.509	364.223	333.188	309.182	333.277	323.49	319.625
39436_at	57.368	70.374	63.598	66.505	64.703	66.873	56.868	62.686
39437_at	301.387	332.726	318.161	336.444	333.29	350.015	331.725	331.593
39438_at	43.519	45.491	40.186	44.34	44.04	42.816	42.147	40.483
39439_at	59.575	57.482	54.995	57.911	63.36	60.331	62.171	61.727
39440_f_at	81.748	72.413	71.321	67.709	87.702	79.953	72.374	76.677
39441_at	100.894	122.548	113.327	124.052	113.984	107.287	108.19	104.232
39442_at	34.371	41.995	29.962	39.94	29.519	33.523	32.633	26.886
39443_s_at	175.249	213.704	187.167	209.658	188.12	178.068	176.625	168.003
39444_at	55.569	59.836	60.009	68.477	64.155	56.502	69.311	66.548
39445_at	477.339	427.193	457.26	440.056	481.454	463.007	442.924	491.371
39685_at	125.848	132.904	124.937	127.545	115.11	116.126	120.126	123.561
39686_g_at	105.56	117.056	94.503	115.298	101.128	99.394	94.743	100.294
39687_at	144.512	139.409	135.708	145.66	142.717	139.118	179.652	173.93
39688_at	891.998	787.927	803.855	766.072	784.106	827.617	766.675	838.802
39689_at	137.377	155.979	138.509	143.566	141.717	144.778	120.892	148.968
39690_at	58.546	48.648	50.426	51.982	49.358	53.478	54.548	54.459
39691_at	97.319	96.988	95.162	99.474	97.734	105.205	91.307	101.407
39692_at	323.204	353.352	334.565	334.569	325.92	314.834	336.122	327.004
39693_at	246.514	256.113	226.004	244.174	241.505	237.685	247.505	233.545
39694_at	283.708	258.046	272.372	259.557	280.999	279.779	284.209	288.657
39695_at	49.355	51.323	48.441	53.645	59.591	55.017	51.516	53.051
39696_at	84.812	83.821	94.728	103.554	98.391	92.368	97.047	91.797
39697_at	104.102	98.541	99.864	99.147	102.543	104.245	96.601	105.273
39698_at	33.178	32.824	35.207	33.876	34.019	34.635	34.907	32.022
39699_at	102.702	114.087	111.257	108.486	106.281	109.171	109.881	106.455
39700_at	265.518	287.266	259.241	269.312	263.386	260.141	264.792	264.846
39701_at	27.704	26.034	24.523	29.81	28.985	28.693	28.728	25.749
39702_at	52.239	44.29	46.168	39.104	46.417	47.364	46.334	49.503
39703_at	19.788	24.333	22.862	21.15	19.488	18.098	20.015	27.591
39704_s_at	140.583	134.241	139.123	139.673	151.978	140.687	149.285	141.699
39705_at	205.787	211.399	194.605	225.274	230.164	221.869	228.846	206.553
39706_at	36.526	33.792	27.335	33.455	33.123	27.399	23.607	31.258
39707_at	75.817	70.799	67.395	70.215	71.673	71.599	68.787	68.564
39708_at	148.467	168.439	158.078	174.798	166.646	165.103	161.603	169.44
39709_at	519.092	584.822	575.393	590.807	501.621	492.927	546.922	486.224
39710_at	74.731	78.414	77.281	68.576	74.797	75.687	76.701	72.552
39711_at	341.353	378.918	356.623	370.762	363.528	320.89	362.64	328.764
39712_at	61.087	67.111	69.83	69.011	62.648	70.193	64.397	63.112
39713_at	78.64	68.861	71.218	68.942	84.337	75.307	80.255	80.842
39714_at	159.267	179.259	173.073	188.576	151.488	160.49	170.316	154.98
39715_at	45.491	49.102	39.23	52.887	44.061	43.497	46.038	41.576
39716_at	19.145	22.084	17.512	15.981	17.599	23.253	17.266	20.749
39717_g_at	591.506	648.144	649.665	647.989	647.184	617.892	618.189	631.879
39718_r_at	17.551	23.205	19.199	18.638	17.014	17.996	19.393	16.609
39719_at	182.855	191.927	195.666	186.508	182.488	186.929	186.471	169.631
39720_g_at	348.69	345.5	357.847	356.249	374.361	334.284	342.186	330.645
39721_at	666.221	658.8	653.637	635.403	636.231	578.579	588.831	565.05
39722_at	515.65	537.532	502.281	500.88	498.867	491.056	489.214	458.831
39723_at	275.908	315.708	300.181	343.652	334.083	305.797	326.363	291.899
39724_s_at	64.995	62.173	62.212	62.594	64.142	73.292	67.917	66.42
39725_at	88.511	108.452	83.714	98.028	94.2	87.471	92.274	98.003
39726_at	1675.403	1688.447	1555.718	1635.552	1512.992	1526.932	1671.762	1628.391
39727_at	90.522	86.062	84.294	80.196	82.305	83.59	83.565	85.76
39728_at	742.306	746.032	780.33	763.891	731.02	748.2	714.372	743.799
39729_at	246.667	262.569	223.251	252.623	222.892	228.51	264.249	236.181
39730_at	310.386	306.355	316.925	305.649	380.326	327.855	300.147	359.083
39731_at	124.198	134.151	120.337	117.051	108.835	110.408	100.413	122.769
39732_at	166.818	165.285	163.39	176.113	165.013	166.593	175.891	167.613
39733_at	505.9	543.302	462.498	502.283	429.526	445.011	436.49	447.335
39734_at	59.88	54.737	54.196	40.033	52.375	56.052	53.953	57.715
39735_at	175.567	169.956	174.767	183.224	184.071	180.137	156.586	195.517
39736_at	57.991	58.305	56.553	55.698	67.946	64.082	54.021	66.235
39737_at	121.773	124.181	118.973	112.138	107.23	117.332	119.8	129.206
39738_at	337.408	357.092	303.639	352.867	313.569	308.505	338.034	315.762
39739_at	1101.048	1151.572	874.917	989.667	942.283	901.062	941.499	961.692
39740_g_at	999.705	1057.949	1002.399	1079.462	945.767	921.083	984.066	962.688
39741_at	430.032	496.526	469.059	481.518	443.221	441.158	454.296	451.118
39742_at	12.566	17.129	12.531	12.35	12.289	11.858	12.921	10.747
39743_at	51.844	45.503	46.881	48.019	46.06	55.3	48.633	49.912
39744_at	232.519	276.728	242.563	272.925	251.489	226.922	226.594	215.915
39745_at	37.504	36.828	36.565	36.003	40.513	39.461	38.875	39.036
39746_at	87.414	92.187	90.231	93.424	91.159	88.975	95.234	89.864
39747_at	91.329	104.468	92.77	102.46	96.011	95.784	102.937	95.786
39748_at	470.288	469.387	503.686	464.637	453.043	509.488	494.8	481.341
39749_at	125.771	134.529	129.444	138.545	135.161	133.524	130.274	119.586
39750_at	228.312	246.059	235.356	238.649	238.19	232.342	258.868	234.812
39751_at	93.302	84.316	91.173	84.827	85.399	85.632	75.861	80.171
39752_at	689.352	650.145	671.618	684.768	785.672	703.808	665.816	691.538
39753_at	237.47	266.414	242.087	247.389	268.982	240.162	250.249	231.017
39754_at	71.172	64.033	68.86	61.428	67.526	67.375	71.243	64.464
39755_at	2032.474	2262.664	2180.711	2316.302	2232.086	2225.593	2285.93	2167.516
39756_g_at	1151.713	1382.426	1157.494	1364.615	1353.107	1312.674	1248.409	1262.126
39757_at	54.87	57.069	61.592	61.664	59.316	63.268	59.07	56.047
39758_f_at	785.986	900.899	842.636	914.828	794.186	807.202	896.961	815.771
39759_at	32.224	41.164	33.212	33.962	29.731	29.638	29.143	30.884
39760_at	78.46	78.228	79.549	86.257	77.799	79.168	71.951	78.631
39761_at	60.466	71.62	67.873	61.945	64.819	68.111	60.268	62.138
39762_at	45.884	50.56	48.359	48.445	52.651	52.424	48.658	50.839
39763_at	323.014	304.522	329.623	353.567	360.885	329.697	323.203	329.239
39764_at	50.965	62.756	61.913	66.386	58.708	57.059	64.958	61.461
39765_at	176.715	166.635	171.566	153.501	187.702	186.513	166.329	204.357
39766_r_at	103.863	112.416	122.743	131.828	125.721	121.892	116.924	109.617
39767_at	345.16	338.928	330.203	310.995	325.931	316.397	328.11	350.61
39768_at	17.496	19.744	18.866	20.642	19.672	18.962	22.728	19.401
39769_at	46.298	42.694	48.125	46.37	49.052	49.293	43.392	49.43
39770_at	199.236	167.619	198.493	172.461	185.428	192.04	186.176	196.143
39771_at	54.023	54.32	48.637	52.232	44.765	51.639	50.016	51.69
39772_at	325.514	248.125	243.983	252.618	291.406	279.589	291.06	285.245
39773_at	93.237	90.63	87.981	97.537	95.526	95.892	80.2	98.474
39774_at	104.495	106.181	94.855	95.879	105.961	104.558	108.226	107.596
39775_at	817.092	955.731	856.818	898.165	853.799	816.762	828.126	806.293
39776_at	23.17	26.024	20.23	23.212	25.212	23.128	24.256	25.051
39777_at	127.715	135.229	125.144	136.999	129.539	132.301	132.191	136.587
39778_at	655.284	622.632	707.19	602.543	667.676	662.518	648.46	716.816
39779_at	93.397	89.177	87.113	89.372	86.449	88.618	73.602	85.092
39780_at	38.601	36.44	34.041	32.902	33.867	38.34	42.854	33.774
39781_at	335.695	366.744	348.52	367.083	335.144	337.934	367.027	348.538
39782_at	159.917	171.163	156.767	169.463	154.535	159.074	170.583	160.261
39783_at	99.02	105.667	105.242	98.556	98.134	95.917	95.881	99.506
39784_at	99.809	112.735	117.394	112.669	96.406	105.877	100.671	91.87
39785_at	88.168	79.988	81.481	76.717	79.504	82.889	82.017	76.952
39786_at	81.401	92.582	97.304	97.701	99.78	94.655	74.534	97.281
39787_at	166.935	172.721	171.989	169.846	151.66	164.495	160.854	164.189
39788_at	98.582	102.501	113.419	111.361	114.153	103.028	108.093	102.512
39789_at	138.999	137.486	127.311	122.801	126.385	123.487	115.192	119.999
39790_at	120.354	134.077	126.756	138.852	135.983	128.794	129.066	125.058
39791_at	225.272	222.224	209.126	221.73	245.297	215.894	222.969	206.647
39792_at	125.99	141.899	122.83	127.131	120.213	116.31	126.72	112.328
39793_at	210.169	200.79	223.534	209.09	194.724	195.843	236.336	191.732
39794_at	38.439	57.057	44.491	40.557	35.558	40.126	41.491	40.985
39795_at	267.857	290.292	279.163	273.823	266.755	281.479	281.017	276.214
39796_at	211.76	214.871	229.46	221.925	230.516	223.867	198.047	208.013
39797_at	122.059	120.868	118.153	109.31	116.421	119.109	114.061	123.405
39798_at	2064.258	2302.554	2240.106	2325.818	2244.709	2116.63	2179.319	2081.103
39799_at	102.058	129.938	101.454	113.999	115.802	109.534	95.285	107.222
39800_s_at	465.703	582.521	548.804	588.679	518.288	523.536	563.896	537.53
39801_at	288.499	292.982	320.9	312.299	312.49	321.816	296.033	305.145
39802_at	34.815	36.073	35.022	38.437	32.732	30.487	32.165	30.889
39803_s_at	110.134	118.069	127.434	122.248	140.594	125.21	117.472	122.888
39804_at	135.082	133.718	121.972	120.953	136.495	134.044	118.578	127.727
40045_g_at	57.516	58.835	52.447	50.325	56.584	60.364	54.163	65.969
40046_r_at	9.487	8.697	5.702	7.76	8.729	8.704	9.252	10.576
40047_at	74.015	73.602	70.086	64.479	77.96	74.01	72.485	78.357
40048_at	108.595	116.335	115.682	115.226	111.462	108.815	121.524	117.112
40049_at	159.023	125.601	123.821	140.195	211.718	179.93	141.107	183.003
40050_at	188.165	179.37	167.941	177.839	208.896	212.313	169.258	189.004
40051_at	114.648	111.14	104.153	106.936	123.303	115.049	94.97	112.326
40052_at	155.175	156.385	149.721	149.173	163.253	156.53	148.986	168.861
40053_at	47.344	47.086	47.677	37	38.61	44.927	37.202	36.42
40054_at	93.67	95.956	94.427	89.143	93.175	89.81	88.751	101.225
40055_s_at	83.298	78.807	84.125	72.425	82.875	79.768	78.13	82.289
40056_at	108.274	115.249	110.708	104.992	95.947	95.455	107.676	109.027
40057_at	190.757	164.757	178.477	168.309	195.752	180.639	192.615	196.398
40058_s_at	75.332	69.722	62.362	73.725	77.859	71.335	74.585	71.815
40059_r_at	14.583	18.532	15.491	16.512	17.934	16.554	19.773	16.191
40060_r_at	50.254	47.843	42.572	46.78	42.934	46.682	38.64	43.947
40061_at	67.064	67.286	67.803	75.531	74.186	67.164	69.039	64.93
40062_s_at	36.399	34.27	33.607	37.452	39.446	40.814	36.233	38.517
40063_at	170.111	186.223	187.772	183.387	159.581	179.932	173.949	173.427
40064_at	141.003	139.639	149.478	134.487	137.805	125.46	160.586	133.046
40065_s_at	20.871	21.242	18.605	21.475	20.829	17.714	20.372	19.486
40066_at	43.784	50.146	41.395	42.376	47.033	45.605	42.648	50.546
40067_at	50.949	60.244	51.345	53.5	46.797	46.889	52.143	49.527
40068_at	122.291	126.552	108.925	119.965	113.482	113.622	139.862	117.494
40069_at	157.234	151.594	152.637	149.359	153.767	157.173	162.722	154.552
40070_at	186.386	184.708	206.034	188.222	195.89	184.287	176.763	184.902
40071_at	39.458	44.047	38.387	42.004	33.438	39.618	40.478	38.101
40072_at	35.075	44.601	42.335	39.667	48.495	41.43	39.998	42.799
40073_at	209.509	210.404	181.352	201.63	199.944	201.065	220.874	201.118
40074_at	195.265	242.719	194.706	215.442	181.582	197.597	195.366	183.928
40075_at	129.839	110.977	115.967	112.785	141.755	126.014	127.539	123.213
40076_at	150.341	161.018	162.371	173.816	158.214	159.254	161.275	168.853
40077_at	133.464	136.604	119.806	138.437	141.481	123.333	120.581	127.443
40078_at	113.038	112.488	110.818	103.158	115.757	106.967	113.749	108
40079_at	35.861	43.54	35.465	32.54	41.329	39.483	37.534	42.441
40080_at	125.132	126.611	122.088	116.237	111.148	122.045	124.275	122.149
40081_at	556.192	643.222	616.197	668.587	602.716	550.112	610.885	583.899
40082_at	52.408	52.13	57.842	61.357	62.49	52.07	67.964	55.385
40083_at	135.615	139.37	146.348	146.356	150.17	141.901	149.219	134.285
40084_at	110.495	98.764	103.133	96.084	101.163	101.464	109.839	111.475
40085_s_at	49.273	59.182	51.701	54.281	41.034	44.548	59.431	50.924
40086_at	49.259	57.215	43.765	47.709	43.396	50.184	49.837	44.693
40087_at	309.494	304.974	302.995	299.919	269.767	287.325	275.039	315.913
40088_at	39.87	43.562	33.906	35.203	34.579	39.159	35.179	39.619
40089_at	83.21	73.825	85.648	70.239	78.694	84.46	76.189	91.849
40090_at	142.515	135.541	132.244	137.196	145.289	136.432	133.148	147.119
40091_at	120.438	134.112	129.763	134.794	126.939	132.492	132.198	122.775
40092_at	45.82	49.816	51.57	44.141	50.704	51.582	41.999	57.435
40093_at	260.91	241.347	255.501	244.22	266.377	255.986	264.363	259.87
40094_r_at	96.426	81.665	103.577	92.707	101.209	98.922	89.453	101.424
40095_at	140.482	118.963	113.367	138.305	131.307	127.955	136.364	146.474
40096_at	686.063	604.447	622.201	611.785	695.423	560.108	594.817	590.306
40097_at	32.202	27.376	35.852	26.502	34.105	30.635	34.48	34.036
40098_at	202.383	179.725	195.67	177.402	184.602	178.83	162.165	194.894
40099_at	446.565	372.554	411.095	414.891	481.068	437.082	443.787	449.975
40100_at	165.483	167.845	164.642	154.001	151.943	156.514	144.471	166.82
40101_g_at	197.966	213.621	201.533	184.228	195.243	195.39	176.131	190.574
40102_at	159.125	149.892	161.09	149.038	156.272	152.309	142.426	156.287
40103_at	624.784	602.191	598.968	599.282	598.436	578.641	559.82	601.938
40104_at	360.54	327.481	361.852	333.132	333.169	353.895	353.757	358.568
40105_at	105.806	106.423	100.783	103.977	107.396	107.332	114.906	108.742
40106_at	341.392	327.758	369.979	335.849	392.054	388.395	330.687	390.46
40107_at	263.291	278.15	245.119	266.915	263.074	281.515	271.28	251.917
40108_at	135.802	135.836	114.754	137.81	136.3	133.39	148.857	140.776
40109_at	399.172	401.244	420.737	402.269	447.172	403.152	379.74	392.769
40110_at	123.857	129.461	133.91	142.598	129.875	127.79	144.236	140.161
40111_g_at	337.617	367.181	405.511	392.721	404.291	405.909	396.416	380.603
40112_at	147.58	175.273	170.122	171.873	150.847	154.843	169.881	154.253
40113_at	127.931	126.391	110.61	124.094	132.675	127.224	121.554	123.121
40114_at	26.187	25.494	26.523	25.861	25.918	24.331	26.71	27.681
40115_at	195.203	211.087	193.323	201.537	197.197	207.511	184.93	203.261
40116_at	407.602	377.084	419.12	398.028	382.744	401.734	401.26	372.176
40117_at	129.187	123.136	118.822	108.338	136.484	153.059	134.843	126.575
40118_at	309.995	276.994	311.497	284.709	321.08	296.441	280.682	271.779
40119_at	108.213	112.82	112.653	117.695	110.578	112.325	109.115	112.644
40120_at	157.157	196.556	180.027	198.752	177.075	168.386	166.367	152.043
40121_at	8.874	15.357	8.754	11.189	10.387	8.169	12.861	6.801
40122_at	63.534	75.445	57.454	74.748	64.624	65.736	65.67	64.271
40123_at	245.447	261.963	251.893	242.784	263.592	251.942	239.661	233.614
40124_at	49.569	51.824	45.107	44.649	45.192	45.872	47.321	39.087
40125_at	556.261	589.779	485.195	560.917	519.031	517.247	560.07	546.232
40126_at	42.027	41.85	37.899	40.092	42.269	46.849	42.349	41.327
40127_at	154.273	161.178	156.427	165.771	161.629	163.007	160.863	158.429
40128_at	89.586	99.036	87.831	84.412	88.244	91.654	82.378	92.754
40129_at	49.557	44.651	43.647	44.579	43.36	44.18	41.804	45.15
40130_at	366.427	356.029	317.056	344.897	376.045	368.206	353.007	365.915
40131_at	18.8	18.804	14.146	18.366	21.416	17.273	17.063	19.957
40132_g_at	139.168	135.749	139.89	142.058	134.024	132.576	147.169	140.288
40133_s_at	116.949	121.346	107.313	121.942	112.765	111.126	120.978	120.393
40134_at	349.439	368.912	322.569	346.369	365.676	340.474	354.149	364.302
40135_at	88.597	93.099	94.275	100.264	85.01	88.944	115.834	100.919
40136_at	429.303	391.255	373.885	351.261	427.531	422.954	427.138	419.371
40137_at	216.069	223.836	217.12	230.459	212.985	211.065	212.695	205.327
40138_at	511.648	502.24	529.279	476.434	500.203	527.539	523.446	523.555
40139_at	100.011	119.897	110.268	110.455	115.718	123.871	100.826	111.153
40140_at	278.679	273.021	268.051	266.879	258.205	281.222	256.128	274.088
40141_at	96.587	98.723	81.568	108.108	100.045	93.501	100.609	92.249
40142_at	51.389	59.713	54.066	53.779	53.298	57.684	50.325	56.743
40143_at	287.177	232.889	219.59	233.417	240.661	255.588	230.909	241.196
40144_at	77.667	63.331	62.744	62.317	75.618	74.165	62.062	77.695
40145_at	21.919	21.229	20.286	18.64	21.722	22.539	23.114	19.027
40146_at	103.18	117.581	86.641	105.216	90.86	94.686	106.071	92.093
40147_at	249.841	269.722	271.483	268.878	242.353	247.183	258.232	263.392
40148_at	66.357	57.621	58.732	56.014	74.645	62.972	57.075	62.076
40149_at	243.519	230.407	243.45	238.966	232.095	237.485	249.018	237.312
40150_at	117.695	146.975	142.707	148.39	137.672	134.962	147.223	130.512
40151_s_at	146.4	140.862	138.817	136.297	147.55	143.933	137.763	148.857
40152_r_at	216.833	216.615	234.119	243.3	223.073	221.869	251.026	225.865
40153_at	124.674	107.342	109.671	108.761	124.865	116.654	112.488	117.183
40154_at	305.264	319.233	300.654	308.709	296.77	315.52	276.48	307.147
40155_at	86.335	81.881	82.656	88.332	89.469	84.417	82.037	86.898
40156_at	86.731	86.264	79.976	78.091	96.988	82.833	71.027	87.743
40157_s_at	50.884	61.649	57.776	56.194	48.449	53.258	64.96	55.447
40158_r_at	34.839	29.031	29.715	27.732	30.543	36.973	31.116	29.852
40159_r_at	417.384	401.35	436.983	412.029	413.22	418.526	429.965	393.101
40160_at	118.007	148.334	133.465	149.178	126.168	126.411	131.803	122.994
40161_at	45.502	49.852	49.534	45.765	42.802	45.496	49.428	46.291
40162_s_at	53.007	52.527	50.502	53.535	55.542	55.847	47.497	48.81
40163_r_at	581.507	512.628	514.201	495.611	554.616	566.184	497.483	624.077
40164_at	341.032	339.451	330.926	336.632	350.425	338.127	359.104	349.803
40404_s_at	129.945	142.42	124.767	131.159	128.929	136.854	122.51	138.84
40405_at	414.298	345.392	392.749	388.788	421.148	436.79	402.201	420.137
40406_at	94.844	92.136	92.685	90.544	96.63	102.007	95.15	98.843
40407_at	47.008	45.047	42.85	41.142	47.595	42.152	35.304	43.1
40408_at	111.68	122.929	114.609	112.487	112.227	119.72	110.562	125.3
40409_at	157.728	177.441	154.973	163.737	148.96	158.405	163.017	163.182
40410_at	134.65	133.59	134.687	120.457	119.085	129.327	133.881	124.942
40411_at	293.08	272.463	235.658	277.135	284.752	279.14	250.077	289.751
40412_at	120.358	111.03	122.176	112.714	111.974	115.566	113.552	133.771
40413_at	33.044	26.233	26.843	30.472	31.553	30.735	28.599	33.448
40414_at	414.189	392.664	353.54	394.646	368.357	367.628	421.109	374.424
40415_at	213.936	229.591	230.258	245.661	220.59	220.67	234.573	225.998
40416_at	307.729	329.347	323.602	334.477	291.362	298.687	318.974	292.769
40417_at	108.784	112.252	108.855	101.958	94.375	101.359	104.497	97.759
40418_at	127.805	125.017	121.261	124.904	120.835	119.051	123.175	123.804
40419_at	229.079	244.813	217.459	220.197	245.202	245.764	265.085	259.473
40420_at	116.16	107.568	109.108	103.36	102.656	110.96	101.591	107.671
40421_at	76.82	92.283	86.943	84.567	88.594	88.24	85.689	86.599
40422_at	418.685	472.819	474.2	466.274	421.455	418.714	442.494	437.435
40423_at	109.613	118.532	110.706	110.008	106.481	108.543	100.221	100.642
40424_at	139.297	127.659	124.96	129.121	128.223	122.633	130.702	127.815
40425_at	272.043	233.043	276.166	254.335	271.672	268.486	251.402	264.248
40426_at	221.814	199.667	210.554	204.229	209.573	213.833	213.31	211.277
40427_at	150.501	173.791	154.185	160.884	138.676	134.54	165.677	145.149
40428_i_at	54.075	39.265	45.607	47.432	40.454	42.348	51.092	49.18
40429_r_at	13.373	18.366	24.703	17.02	13.707	17.133	16.764	17.624
40430_at	17.355	14.067	20.802	12.738	15.324	13.145	16.364	10.14
40431_at	30.769	31.83	30.716	27.751	27.841	27.175	28.007	26.783
40432_at	335.281	339.57	346.855	339.504	326.312	361.725	342.113	344.968
40433_at	137.588	158.464	147.918	141.541	131.64	145.698	133.763	141.848
40434_at	183.284	205.789	201.53	205.968	188.385	189.322	216.567	192.531
40435_at	392.333	442.03	450.74	474.77	414.002	398.361	445.047	425.016
40436_g_at	1206.913	1257.963	1135.014	1268.85	1183.703	1164.754	1042.259	1120.207
40437_at	153.519	169.045	162.321	169.322	165.072	164.774	168.377	167.648
40438_at	25.916	31.744	24.898	28.182	26.202	23.024	26.428	30.245
40439_at	67.637	77.807	80.62	69.241	80.239	73.782	70.08	67.255
40440_at	270.041	276.14	277.318	283.159	294.057	285.06	266.336	291.385
40441_g_at	88.431	103.512	86.165	101.078	76.944	84.487	91.246	75.68
40442_f_at	104.241	102.121	105.903	97.549	95.243	96.716	98.908	102.851
40443_at	242.15	235.727	238.015	230.661	227.624	231.731	229.726	246.172
40444_s_at	392.182	392.387	393.385	400.706	398.583	402.276	422.357	424.189
40445_at	116.321	117.415	108.472	110.149	112.724	111.613	108.76	110.835
40446_at	676.533	628.452	640.912	589.798	654.114	637.756	650.25	667.692
40447_at	163.419	149.881	174.774	162.789	181.421	166.287	179.76	182.233
40448_at	273.625	319.551	295.077	308.582	285.483	282.529	321.291	296.28
40449_at	267.577	216.218	244.049	230.83	271.951	252.777	267.663	260.245
40450_at	228.799	199.996	195.294	190.876	177.538	201.004	194.563	205.422
40451_at	131.302	129.602	131.156	114.55	130.104	124.937	119.842	128.137
40452_at	857.213	777.658	711.992	775.632	939.892	822.104	757.223	789.772
40453_s_at	261.398	251.239	253.894	261.18	301.725	293.196	261.271	292.323
40454_at	190.887	212.349	191.815	212.246	184.115	193.441	187.139	193.687
40455_at	115.297	134.838	121.18	117.384	131.404	120.986	113.551	121.71
40456_at	251.917	289.615	276.341	285.052	271.993	249.693	253.67	254.251
40457_at	47.214	44.554	40.812	45.622	46.158	41.764	45.737	42.328
40458_at	62.346	67.235	66.16	69.075	71.807	64.83	69.088	64.51
40459_at	36.593	37.735	34.269	37.989	33.973	30.471	32.74	33.121
40460_s_at	138.223	145.244	135.513	130.254	126.148	133.433	125.461	127.406
40461_at	96.679	106.577	100.104	100.304	88.111	94.206	88.515	97.816
40462_at	651.147	586.645	607.367	608.34	618.173	628.346	600.14	610.7
40463_at	34.888	43.692	41.979	36.241	42.262	38.486	36.343	38.001
40464_g_at	128.442	136.165	125.783	135.514	128.367	120.686	139.682	125.535
40465_at	171.357	176.435	163.043	157.405	184.182	169.445	180.767	174.254
40466_at	304.334	317.787	270.635	295.327	322.97	313.431	318.263	309.01
40467_at	118.863	143.115	115.85	131.748	119.924	123.693	111.845	111.581
40468_at	88.466	95.59	90.719	80.25	91.19	82.308	90.454	82.212
40469_at	132.237	138.607	151.844	139.244	143.044	133.501	135.53	138.608
40470_at	204.494	202.026	207.152	188.272	206.034	201.079	210.238	201.798
40471_at	76.337	80.225	78.914	71.956	85.647	86.863	85.536	73.744
40472_at	100.192	116.923	116.592	119.848	138.2	129.515	116.081	119.857
40473_at	217.112	215.242	225.84	203.314	220.084	211.046	233.484	216.888
40474_r_at	67.223	71.992	78.264	80.052	66.828	78.693	82.838	69.245
40475_at	43.391	49.168	47.695	51.889	45.009	49.046	45.411	38.427
40476_s_at	118.389	126.422	125.019	132.77	124.116	120.734	125.592	118.374
40477_r_at	14.641	16.559	13.637	14.658	13.07	16.05	15.253	18.112
40478_at	74.652	79.412	81.128	83.114	78.891	77.06	85.551	75.174
40479_at	62.691	79.885	87.501	106.949	80.613	72.022	107.558	79.745
40480_s_at	95.701	93.413	85.251	94.841	90.809	90.378	99.491	82.765
40481_r_at	175.132	186.196	198.573	206.684	191.311	181.75	216.72	189.078
40482_s_at	70.588	65.297	59.497	63.114	68.767	72.957	65.525	76.241
40483_at	82.455	85.443	89.05	76.374	85.672	86.712	79.499	96.973
40484_g_at	584.884	456.479	465.615	507.06	536.174	488.527	495.921	550.162
40485_at	86.65	87.144	68.078	90.267	76.271	85.297	74.054	87.403
40486_g_at	88.33	87.568	92.057	94.757	93.961	93.235	106.614	103.36
40487_at	64.36	59.072	53.552	54.279	51.645	55.128	55.677	62.552
40488_at	132.107	142.365	124.24	126.843	120.802	128.806	117.167	124.722
40489_at	281.362	255.382	250.409	245	224.72	240.331	251.332	255.728
40490_at	127.323	128.891	113.172	123.774	119.325	122.396	122.879	120.641
40491_at	111.902	103.873	104.28	98.086	108.898	113.658	104.061	115.239
40492_at	99.838	96.091	102.23	96.86	99.04	101.143	75.717	85.001
40493_at	169.69	189.74	166.403	164.714	168.706	167.958	158.242	166.257
40494_at	75.452	62.717	71.593	64.663	71.593	69.842	75.165	74.835
40495_at	126.708	132.06	142.019	143.893	149.569	139.407	134.684	133.991
40496_at	184.639	190.491	181.357	190.107	168.814	189.288	170.385	176.854
40497_at	168.788	167.145	169.145	159.73	139.159	151.015	154.469	152.43
40498_g_at	60.789	62.399	59.576	58.356	56.686	62.908	62.573	59.751
40499_r_at	69.03	61.073	56.703	71.043	76.958	72.43	66.969	73.32
40500_at	159.267	166.322	127.774	140.316	138.3	131.356	130.398	129.136
40501_s_at	101.888	91.532	88.751	77.163	87.049	86.584	79.3	90.244
40502_r_at	10.267	9.957	13.369	11.128	10.75	12.408	11.174	15.611
40503_at	201.81	205.532	221.948	219.655	196.836	197.13	205.595	192.866
40504_at	87.529	96.748	88.423	96.815	100.544	98.153	104.946	99.898
40505_at	69.713	76.936	77.573	76.098	72.357	75.096	74.346	75.706
40506_s_at	221.418	284.029	236.212	269.483	230.06	234.257	251.919	234.103
40507_at	210.996	212.112	204.785	175.659	204.421	209.465	191.006	209.792
40508_at	166.821	180.905	168.142	174.829	179.843	172.731	183.457	174.965
40509_at	57.991	67.247	61.326	62.225	56.002	61.932	57.451	59.355
40510_at	28.322	30.615	24.859	29.809	34.509	26.91	29.79	27.865
40511_at	34.038	35.992	32.213	34.89	33.838	35.129	36.868	32.19
40512_at	64.885	60.108	69.409	66.189	69.796	67.052	68.683	68.95
40513_at	64.009	55.819	59.536	60.595	77.636	60.987	55.879	66.096
40514_at	166.551	200.025	183.208	197.338	180.342	178.019	192.642	175.456
40515_at	107.616	111.885	103.366	103.478	104.188	105.137	102.027	106.451
40516_at	58.853	64.719	61.155	65.96	52.651	61.072	62.223	56.921
40517_at	34.202	47.168	35.993	45.638	35.109	42.154	37.066	41.515
40518_at	118.23	128.047	130.691	137.19	126.297	131.421	147.954	137.19
40519_at	31.781	26.745	27.931	25.26	29.406	24.199	26.877	21.814
40520_g_at	103.838	110.207	117.086	96.811	113.617	121.012	105.328	111.945
40521_at	264.962	272.399	258.282	275.138	277.204	251.828	266.891	247.569
40522_at	240.529	230.582	239.187	228.009	204.5	222.398	223.858	210.712
40763_at	120.835	131.102	121.677	125.594	129.373	119.893	126.074	122.453
40764_at	251.489	269.539	238.635	266.143	231.223	243.825	252.673	240.417
40765_at	280.385	277.782	256.874	266.27	258.654	264.94	272.376	285.883
40766_at	580.416	547.337	540.569	481.77	546.888	529.788	506.955	551.846
40767_at	39.84	33.275	35.314	39.504	41.512	42.085	42.321	39.637
40768_s_at	115.248	119.656	121.022	113.594	124.466	118.866	103.856	109.906
40769_r_at	249.227	244.844	246.603	226.022	231.46	263.507	226.642	254.473
40770_f_at	241.515	220.237	211.379	192.709	200.794	224.729	197.181	234.34
40771_at	218.609	243.758	218.239	229.901	207.543	212.35	225.763	222.346
40772_at	219.046	197.572	215.157	209.034	215.156	203.186	200.194	198.063
40773_at	74.061	70.809	74.583	74.342	86.922	77.057	79.599	73.399
40774_at	221.783	238.425	214.903	228.986	220.749	212.583	221.986	225.748
40775_at	49.954	54.374	45.694	49.607	43.287	52.038	53.339	54.33
40776_at	252.907	234.664	222.974	234.31	226.994	228.474	229.867	214.021
40777_at	295.308	327.117	286.939	316.518	267.165	280.593	300.95	301.796
40778_at	136.239	132.903	130.701	128.587	127.195	129.571	125.628	134.731
40779_at	114.644	122.334	122.933	120.651	105.727	122.435	111.303	113.406
40780_at	148.263	156.113	158.817	160.043	153.041	151.806	156.338	163.421
40781_at	70.575	65.11	63.849	63.006	71.377	62.747	65.988	76.077
40782_at	192.144	189.165	187.995	180.709	179.7	189.95	188.861	185.291
40783_s_at	368.604	409.832	379.236	417.176	377.625	368.728	410.797	387.356
40784_at	92.753	97.055	97.693	103.296	95.467	96.41	96.861	101.005
40785_g_at	67.624	67.04	72.26	73.054	73.118	65.731	71.817	67.367
40786_at	162.132	178.498	158.002	187.805	178.685	164.541	178.181	172.875
40787_at	152.501	137.7	137.109	125.235	134.985	163.308	135.191	163.763
40788_at	141.339	140.473	138.926	135.557	158.406	136.878	151.672	143.574
40789_at	110.104	114.415	122.215	123.787	142.213	131.348	108.945	109.494
40790_at	120.409	126.181	111.08	115.756	104.354	105.413	116.97	108.447
40791_at	560.063	621.625	629.12	636.595	637.1	588.867	494.272	569.273
40792_s_at	269.107	302.062	287.856	290.74	298.801	297.3	213.841	270.206
40793_s_at	31.011	31.148	29.891	28.857	33.271	29.416	26.513	26.561
40794_at	172.248	187.198	177.273	180.292	179.118	179.141	150.834	177.735
40795_at	153.083	134.733	154.532	134.516	180.762	146.753	135.543	141.676
40796_at	41.706	47.106	40.573	48.363	45.986	41.161	39.585	39.018
40797_at	87.782	80.884	98.794	87.114	87.888	99.66	73.805	85.699
40798_s_at	61.269	53.682	59.744	59.824	67.639	69.48	50.965	62.222
40799_at	81.341	68.244	70.497	69.037	73.209	71.644	83.843	65.963
40800_at	86.899	82.941	84.778	95.133	88.434	73.001	92.196	74.586
40801_at	20.513	28.162	22.986	25.01	23.528	20.588	22.289	19.338
40802_at	59.91	49.033	52.296	50.911	58.346	62.559	55.927	52.636
40803_at	228.123	243.346	215.194	203.757	199.751	208.334	197.972	220.085
40804_at	54.134	52.232	54.011	48.61	59.491	47.378	48.857	51.534
40805_at	67.391	55.836	51.698	53.49	64.252	62.982	61.402	68.136
40806_at	24.913	25.433	24.56	21.402	20.83	28.159	23.849	25.698
40807_at	645.118	603.032	598.368	592.123	547.237	603.587	549.575	636.018
40808_at	186.061	169.509	185.145	163.878	170.132	168.483	181.033	191.643
40809_at	365.231	299.323	287.088	286.671	276.243	295.357	296.04	291.207
40810_at	277.603	285.62	270.114	274.465	317.613	304.978	267.81	285.515
40811_at	72.026	70.83	68.624	64.217	62.651	65.232	63.512	77.857
40812_at	29.477	26.891	32.423	26.161	28.012	29.287	30.985	31.372
40813_at	47.087	46.096	48.588	38.729	45.168	46.813	44.303	46.424
40814_at	37.893	25.312	26.067	29.935	36.239	35.356	28.877	36.644
40815_g_at	239.772	216.872	218.919	217.533	211.352	226.343	233.127	233.468
40816_at	153.769	167.292	156.184	169.512	168.867	165.525	159.69	174.377
40817_at	416.015	382.332	406.241	393.029	439.772	394.031	405.04	416.592
40818_at	129.067	147.191	140.176	152.054	131.732	128.695	150.418	141.558
40819_at	621.082	576.397	592.581	567.58	643.161	614.266	573.358	601.217
40820_at	45.424	61.104	46.336	44.146	50.29	49.059	48.811	39.624
40821_at	252.153	242.701	243.549	247.877	243.38	247.504	258.068	270.233
40822_at	62.574	67.38	59.415	63.681	67.474	61.553	72.683	61.176
40823_s_at	18.632	14.765	16.878	13.351	17.635	16.838	20.032	16.818
40824_at	294.947	291.341	263.084	316.091	315.307	284.426	256.712	291.436
40825_at	271.593	282.314	262.884	253.072	288.315	265.328	271.133	282.505
40826_at	115.063	105.745	106.811	112.643	107.446	109.769	124.847	108.625
40827_at	202.648	266.319	230.595	256.05	211.838	211.949	194.948	201.14
40828_at	243.598	264.229	292.555	302.742	304.17	256.068	296.193	284.405
40829_at	128.864	130.694	147.569	141.168	134.64	134.262	130.752	145.169
40830_at	370.073	373.378	403.434	367.462	429.358	377.885	359.185	384.768
40831_at	47.755	50.15	52.345	52.864	47.462	48.625	50.128	45.837
40832_s_at	58.395	65.102	55.731	59.609	50.935	61.164	60.172	60.439
40833_r_at	46.706	51.391	45.733	48.808	51.415	50.311	43.237	44.89
40834_at	24.392	27.193	25.592	27.317	21.775	23.481	22.528	23.204
40835_at	128.916	123.019	139.22	127.868	154.119	146.44	138.835	148.751
40836_s_at	228.513	225.863	231.816	225.504	221.176	230.757	213.752	214.865
40837_at	226.379	232.434	240.946	220.728	224.146	223.55	230.578	220.672
40838_at	90.367	94.918	88.549	95.756	93.832	91.324	98.712	97.606
40839_at	35.967	35.616	26.618	37.168	32.858	31.73	36.357	34.234
40840_at	181.761	200.257	197.722	195.336	194.442	191.665	191.199	186.712
40841_at	387.73	398.412	385.681	404.615	444.687	379.367	396.863	373.666
40842_at	206.011	181.371	177.79	167.121	180.689	178.385	177.405	196.674
40843_at	132.89	117.773	117.601	115.714	121.917	122.261	110.133	127.448
40844_at	73.591	55.665	66.105	61.648	63.188	66.75	66.643	72.592
40845_at	50.765	49.147	47.463	56.045	54.271	49.363	50.062	49.789
40846_g_at	266.164	283.1	294.605	262.512	251.918	276.719	269.67	253.573
40847_at	196.247	176.099	170.734	175.933	183.55	190.211	165.537	185.816
40848_g_at	114.881	112.207	113.548	111.554	111.863	113.174	113.659	118.5
40849_s_at	147.491	133.328	129.767	142.175	127.479	124.918	128.179	134.98
40850_at	204.431	229.267	187.763	210.833	195.69	208.818	200.731	205.481
40851_r_at	30.852	33.252	29.276	31.358	30.378	29.536	29.627	26.017
40852_at	160.999	166.735	167.457	152.999	154.206	162.195	159.464	170.279
40853_at	85.203	67.403	75.85	66.698	82.161	56.862	46.704	55.853
40854_at	179.192	185.952	167.2	184.833	176.927	187.391	201.475	197.679
40855_at	102.203	94.181	99.797	96.295	99.891	108.358	94.531	108.095
40856_at	381.798	370.379	326.486	353.251	382.1	371.422	383.581	383.24
40857_f_at	315.289	308.785	303.867	278.141	287.227	266.845	283.721	306.171
40858_at	94.484	76.765	82.255	71.844	95.774	92.678	79.006	95.275
40859_at	35.865	44.634	40.884	45.385	41.561	38.756	41.683	36.567
40860_s_at	47.143	48.865	50.448	46.339	55.501	55.743	48.813	51.989
40861_at	237.804	277.166	270.638	274.769	278.644	248.451	279.68	274.379
40862_i_at	401.431	376.636	399.653	373.623	345.72	369.844	392.533	364.793
40863_r_at	549.37	560.371	574.424	543.88	549.55	555.306	511.723	516.252
40864_at	436.323	495.923	458.333	467.892	464.908	422.72	455.29	423.457
40865_at	54.659	62.306	61.773	65.723	60.326	58.291	56.498	56.461
40866_at	349.197	358.047	378.082	374.178	379.047	355.276	367.665	362.656
40867_at	153.585	155.529	165.942	141.597	140.293	150.764	154.148	149.178
40868_at	63.904	66.772	60.507	76.791	60.006	60.009	66.716	60.751
40869_at	72.078	90.152	79.821	87.89	81.878	88.206	80.179	85.119
40870_g_at	88.725	99.796	98.06	99.334	87.069	94.034	92.196	91.125
40871_at	59.392	49.951	54.03	51.69	55.538	59.224	53.077	59.135
40872_at	546.786	574.207	609.017	621.57	585.509	602.212	617.509	565.339
40873_at	119.262	115.054	118.229	118.449	129.27	115.088	132.709	115.711
40874_at	218.199	264.564	237.491	267.152	242.059	241.997	254.895	254.202
40875_s_at	711.436	770.547	756.843	782.518	778.574	757.702	803.218	750.951
40876_at	154.756	186.732	149.427	167.723	168.218	166.127	152.498	164.228
40877_s_at	202.884	216.467	180.53	202.562	190.262	197.343	211.18	182.694
40878_f_at	52.134	67.632	53.865	62.231	58.448	53.162	61.165	55.821
40879_at	137.574	157.963	177.213	166.045	184.428	183.236	133.928	159.949
40880_r_at	11.542	12.657	12.32	11.004	9.598	11.909	13.935	11.672
40881_at	228.842	250.122	216.139	220.591	233.267	220.112	221.408	210.228
40882_at	77.292	75.414	77.715	77.248	74.325	80.107	70.029	81.081
41122_at	147.756	155.337	145.817	143.686	141.479	127.027	129.142	153.825
41123_s_at	58.148	66.623	56.819	62.096	60.878	57.206	61.662	53.718
41124_r_at	64.336	66.024	52.265	58.677	56.547	53.027	61.985	64.445
41125_r_at	183.269	149.981	177.609	163.177	166.08	176.699	158.049	171.585
41126_at	166.522	175.946	148.381	165.898	159.641	173.818	159.929	169.752
41127_at	146.84	127	135.436	130.294	150.908	155.968	139.005	147.069
41128_at	215.001	198.484	189.454	190.32	218.203	184.562	193.08	210.459
41129_at	69.797	70.214	64.645	63.858	63.084	72.572	62.807	65.123
41130_at	115.934	111.556	109.872	113.806	111.6	108.705	107.639	110.609
41131_f_at	66.956	70.577	57.576	60.33	57.155	61.773	55.387	52.45
41132_r_at	123.666	137.168	135.93	130.008	115.897	129.21	112.287	108.254
41133_at	60.558	55.836	41.766	55.761	56.171	54.803	56.531	61.536
41134_at	359.083	330.708	333.143	325.996	338.689	343.924	337.695	375.27
41135_at	55.948	55.458	60.719	47.794	54.578	60.426	42.523	54.866
41136_s_at	678.872	692.909	610.34	713.186	638.083	637.385	664.422	675.766
41137_at	117.155	108.245	113.898	110.645	114.428	116.983	117.349	111.705
41138_at	575.31	622.955	623.215	605.988	594.755	597.553	614.38	585.565
41139_at	329.063	329.229	346.786	336.16	337.694	340.657	351.911	350.117
41140_at	237.049	247.276	241.449	240.773	233.543	226.135	223.004	232.438
41141_at	105.098	104.19	92.824	104.057	96.678	83.718	105.173	88.607
41142_at	111.653	108.428	113.847	114.074	104.636	102.97	101.496	110.647
41143_at	282.615	383.791	294.581	376.26	300.489	306.217	297.983	301.546
41144_g_at	74.888	61.017	60.134	72.053	77.292	72.057	78.586	71.401
41145_at	116.041	127.932	123.09	122.807	113.386	117.553	117.998	103.322
41146_at	202.795	228.363	217.522	222.557	195.956	208.365	226.014	203.154
41147_at	108.264	110.001	105.29	102.771	109.244	105.354	108.391	110.857
41148_at	22.845	17.198	17.306	22.048	22.121	22.003	20.882	21.538
41149_at	75.196	75.111	85.188	76.822	83.866	80.694	75.191	79.334
41150_r_at	7.146	9.306	10.049	7.119	12.897	8.316	7.483	5.54
41151_at	178.452	174.442	173.547	161.926	176.588	180.609	168.195	176.912
41152_f_at	1986.443	2151.802	1917.644	2130.949	2028.193	1882.007	1948.514	1849.534
41153_f_at	155.901	175.584	166.449	172.556	161.002	169.974	165.454	164.141
41154_r_at	19.658	21.282	21.877	24.649	22.212	22.212	26.704	17.261
41155_at	160.175	186.919	184.615	187.799	165.688	162.668	171.106	165.206
41156_g_at	81.955	103.275	91.669	98.548	91.047	94.806	100.86	89.928
41157_at	10.85	15.268	9.264	13.261	9.627	7.15	10.844	9.173
41158_at	53.217	61.051	58.036	61.875	61.445	58.806	56.994	59.534
41159_at	139.477	138.821	136.125	124.58	146.957	136.723	107.442	131.757
41160_at	501.199	530.357	505.284	513.17	534.85	485.483	465.508	483.015
41161_at	120.069	120.197	114.438	108.713	119.649	113.743	110.215	130.135
41162_at	243.826	241.33	232.78	237.006	245.853	236.459	253.213	243.646
41163_at	709.343	761.619	752.969	732.536	675.689	686.631	741.243	730.688
41164_at	635.94	630.81	623.074	630.241	672.443	643.149	596.904	656.141
41165_g_at	402.029	375.252	394.173	365.574	384.846	393.435	366.001	406.345
41166_at	458.086	478.517	424.19	461.518	479.198	466.648	430.478	434.63
41167_at	466.462	391.103	420.903	391.274	464.227	443.398	426.477	507.963
41168_at	224.384	218.996	215.328	218.444	212.088	217.114	219.107	234.65
41169_at	144.239	120.036	118.142	112.817	129.237	131.004	116.021	146.363
41170_at	646.358	651.161	523.651	656.866	637.646	609.591	710.225	629.111
41171_at	205.191	231.57	211.263	228.171	198.522	200.312	214.356	197.333
41172_at	111.809	115.053	116.568	117.874	117.828	116.476	107.175	115.048
41173_at	41.068	34.831	41.452	35.343	35.17	39.346	36.078	40.568
41174_at	113.363	127.578	108.105	110.514	99.408	114.87	93.82	115.452
41175_at	125.066	134.316	126.847	136.483	131.556	133.832	145.559	129.459
41176_at	69.733	65.957	66.059	66.121	64.079	67.528	71.145	62.017
41177_at	74.658	76.868	69.9	76.109	81.113	81.451	82	77.673
41178_at	2748.462	2947.837	2918.508	3003.962	2806.123	2808.165	2984.004	2826.917
41179_at	246.076	244.935	273.539	275.75	299.307	252.929	260.775	241.07
41180_i_at	134.067	133.109	125.266	134.27	156.941	122.972	122.938	131.433
41181_r_at	178.421	177.341	173.198	174.731	176.122	178.993	163.729	162.259
41182_at	158.297	145.595	147.603	165.056	171.308	168.815	164.3	147.695
41183_at	124.107	136.239	140.193	130.833	146.622	145.366	116.548	135.365
41184_s_at	140.948	122.928	130.703	124.009	143.527	137.548	149.048	144.417
41185_f_at	499.425	573.319	539.703	576.381	521.46	492.165	514.098	508.957
41186_at	275.032	251.716	272.347	273.311	336.808	283.786	323.95	291.712
41187_at	344.638	377.669	385.937	414.266	360.22	342.176	420.683	340.504
41188_at	237.535	276.582	272.488	277.93	257.45	251.539	253.85	233.534
41189_at	40.073	43.327	48.502	44.256	51.636	52.599	45.888	47.679
41190_at	218.782	218.517	204.515	193.072	214.26	191.161	206.85	195.063
41191_at	105.608	122.853	113.603	110.844	122.212	121.689	113.611	118.882
41192_at	193.686	204.323	218.25	235.9	175.501	198.011	209.864	194.941
41193_at	84.537	103.435	101.807	107.678	88.769	89.106	96.025	87.354
41194_at	1287.655	1379.65	1376.524	1458.705	1354.537	1269.433	1337.973	1320.825
41195_at	55.044	53.415	49.678	53.763	52.906	56.147	47.787	46.392
41196_at	141.96	142.387	136.958	138.672	161.756	144.746	150.542	146.574
41197_at	291.861	335.641	342.785	333.545	325.739	326.034	289.675	325.104
41198_at	265.685	267.199	276.43	275.749	262.474	264.117	264.216	252.121
41199_s_at	54.087	57.917	52.975	62.488	55.457	51.734	61.603	61.934
41200_at	277.9	248.215	257.018	250.207	272.376	275.559	286.17	289.503
41201_at	18.133	15.611	16.652	16.342	17.715	16.134	10.557	16.888
41202_s_at	350.045	324.621	343.316	337.094	384.049	365.103	352.747	348.324
41203_at	465.182	412.958	422.055	399.155	431.338	464.813	415.592	478.117
41204_s_at	322.253	277.28	264.045	261.492	270.407	279.123	257.097	292.346
41205_at	120.731	122.378	126.92	128.674	120.74	118.757	122.268	118.979
41206_r_at	955.236	1049.533	1060.074	1141.534	1062.287	1018.083	1017.709	994.522
41207_at	226.555	227.417	225.971	217.531	219.691	224.359	223.577	232.446
41208_at	18.423	18.559	17.017	16.258	20.43	17.002	16.118	16.957
41209_at	110.21	96.7	98.168	100.902	104.185	111.696	93.621	109.552
41210_at	10340.735	9782.382	9436.436	9442.056	9573.052	9699.76	9054.623	10053.89
41211_at	40.675	39.241	47.376	42.838	45.865	46.119	39.377	43.685
41212_r_at	202.202	214.487	192.489	199.652	176.791	179.333	181.777	195.265
41213_at	354.23	373.91	376.676	379.312	395.182	384.795	327.351	417.538
41214_at	234.611	250.041	219.246	224.443	201.882	213.354	212.445	210.616
41215_s_at	134.57	140.369	125.904	138.154	136.69	130.531	126.503	131.396
41216_r_at	3.496	2.559	4.79	3.596	2.984	3.32	1.722	5.572
41217_at	26.033	28.177	23.948	21.715	27.186	26.645	23.395	21.442
41218_at	186.015	181.467	161.06	173.042	173.878	167.532	175.917	161.542
41219_at	39.351	45.814	44.65	42.904	35.698	41.013	35.718	36.702
41220_at	189.752	199.085	194.02	198.184	175.593	185.234	192.823	187.127
41221_at	747.09	747.371	755.73	768.389	822.569	779.037	789.649	793.875
41222_at	408.168	390.487	398.674	375.169	374.841	387.261	398.278	382.961
41223_at	161.733	161.826	190.103	184.134	192.147	176.963	180.212	183.254
41224_at	227.982	230.009	219.753	226.378	232.723	226.964	247.441	224.447
41225_at	113.773	135.091	142.51	135.287	124.25	122.997	132.937	132.958
41226_at	131.836	118.754	123.97	121.265	125.754	118.497	123.27	120.101
41227_at	270.297	276.821	271.607	260.975	281.654	273.52	257.217	267.505
41228_r_at	23.211	26.899	25.225	26.836	16.175	22.281	20.711	17.113
41229_at	82.38	102.2	80.392	88.826	81.879	85.15	86.705	79.938
41230_at	339.227	343.478	328.542	347.944	377.67	323.249	296.308	312.644
41231_f_at	2277.565	2349.399	2418.963	2435.459	2459.562	2418.597	2430.448	2454.392
41232_at	52.713	60.677	54.055	55.691	56.084	55.346	64.212	56.729
41233_at	235.545	303.021	262.961	279.292	255.825	284.299	263.724	242.919
41234_at	147.849	151.015	152.227	161.499	152.771	172.432	162.203	162.793
41235_at	803.554	856.582	864.985	931.889	957.458	831.437	929.578	844.435
41236_at	139	138.309	125.425	129.913	133.356	130.604	138.929	124.659
41237_at	332.217	411.74	356.712	392.598	348.607	335.545	378.254	344.954
41238_s_at	15643.164	16404.912	16188.63	16314.557	16304.763	16183.652	15980.975	15769.109
41239_r_at	9.826	9.71	11.148	10.91	10.135	6.907	9.527	8.426
41240_at	78.695	74.805	78.175	71.179	78.83	75.636	67.642	72.868
41241_at	542.906	535.347	483.195	551.159	559.694	531.555	547.174	563.553
41721_at	84.804	73.285	76.111	73.589	79.05	80.972	77.725	71.332
41722_at	33.587	35.665	30.015	40.224	37.001	35.707	35.969	34.565
41723_s_at	155.914	166.779	148.644	151.93	146.139	144.161	136.323	173.987
41724_at	532.164	614.246	549.617	602.42	527.638	531.565	594.476	545.301
41725_at	364.761	343.495	366.093	337.27	353.853	368.249	346.836	383.66
41726_at	259.06	250.402	254.685	256.632	274.099	268.897	258.259	272.779
41727_at	104.301	119.22	107.845	110.899	100.39	113.154	82.476	112.361
41728_at	492.737	523.934	460.877	475.809	499.916	511.896	499.174	525.754
41729_at	118.553	130.261	127.396	125.938	121.12	119.617	119.195	112.077
41730_at	37.535	33.152	31.681	35.081	26.667	31.708	31.611	36.117
41731_g_at	175.118	159.48	161.193	152.857	149.787	163.635	151.518	160.352
41732_at	100.444	112.288	104.78	106.658	99.829	93.635	101.988	97.705
41733_at	42.457	41.211	37.112	40.537	41.912	39.51	31.818	41.086
41734_at	137.036	112.449	143.373	117.936	150.444	135.517	133.578	142.123
41735_at	42.673	41.943	35.39	42.545	42.086	41.307	39.898	46.582
41736_g_at	351.611	316.671	315.293	287.263	313.907	317.138	271.623	333.946
41737_at	195.324	208.378	200.519	198.572	191.344	194.188	222.113	198.263
41738_at	104.206	127.107	108.599	125.52	115.003	117.446	104.795	103.235
41739_s_at	23.512	27.167	23.807	21.501	24.103	23.456	23.385	27.868
41740_at	43.901	48.973	46.501	44.769	39.017	45.241	47.795	42.938
41741_at	1021.513	1085.41	978.057	1025.246	953.048	958.625	1055.024	977.398
41742_s_at	90.93	98.72	101.297	101.388	105.377	99.538	99.754	99.308
41743_i_at	68.193	67.774	68.677	62.499	70.352	68.782	67.898	66.231
41744_at	59.781	65.212	60.936	62.547	63.061	61.111	61.165	60.903
41745_at	1068.128	1200.768	1174.305	1197.223	1195.477	1166.893	1226.966	1158.438
41746_at	249.97	246.413	216.096	237.8	264.343	249.575	251.023	233.425
41747_s_at	53.524	57.352	62.782	60.858	56.58	57.991	54.985	55.486
41748_at	120.865	116.514	139.127	127.653	126.806	124.966	117.849	113.584
41749_at	157.026	166.413	190.596	177.48	171.36	163.494	169.975	169.062
41750_at	647.753	721.961	711.799	718.81	672.99	695.054	716.768	678.53
41751_at	25.664	25.94	30.887	21.964	24.92	24.191	24.016	23.503
41752_at	270.538	274.652	297	290.25	281.152	277.959	293.834	299.405
41753_at	414.835	451.239	462.078	476.534	458.143	457.871	503.349	455.874
41754_at	96.905	102.163	96.904	111.982	98.364	98.982	98.416	94.515
41755_at	108.119	149.617	134.133	144.325	110.198	122.603	136.282	127.079
41756_at	35.237	35.256	35.581	37.136	34.334	34.449	33.476	30.32
41757_at	348.189	295.168	356.381	321.234	354.216	362.52	344.103	375.92
41758_at	188.06	177.57	184.427	174.584	165.935	183.696	191.983	184.127
41759_at	167.417	177.01	170.328	162.418	166.51	175.917	162.372	176.379
41760_at	731.313	744.039	749.059	714.092	693.104	684.246	729.141	765.047
41761_at	21.519	22.008	23.055	20.438	24.69	17.021	22.54	21.961
41762_at	51.284	49.567	51.276	56.823	52.785	49.154	53.684	52.285
41763_g_at	172.323	174.029	181.818	171.119	150.748	150.263	164.647	157.902
41764_at	107.878	101.022	86.841	106.403	106.691	98.987	102.783	104.087
41765_at	2973.351	3279.12	3199.671	3138.48	3245.226	3134.806	3057.958	2992.408
41766_at	146.264	134.063	133.025	128.216	136.372	131.408	134.069	151.755
41767_r_at	295.409	338.753	307.129	315.647	286.654	298.504	257.166	286.944
41768_at	415.036	438.869	409.063	429	394.348	407	430.927	413.086
41769_at	59.81	48.707	49.23	44.974	57.26	57.878	45.824	57.094
41770_at	109.577	116.608	102.08	113.873	99.023	110.688	119.741	112.945
41771_g_at	174.703	173.76	175.709	163.224	175.972	175.454	163.631	186.378
41772_at	86.246	89.386	79.877	81.522	80.868	80.98	77.45	86.791
41773_at	347.772	340.958	363.32	353.301	360.252	342.82	329.918	336.815
41774_at	112.923	89.361	104.003	82.173	108.507	106.185	86.128	114.199
41775_at	361.556	364.806	374.77	340.194	386.988	376.076	368.649	388.091
41776_at	265.411	259.146	258.388	280.563	301.205	275.701	292.711	252.169
41777_at	38.982	37.464	37.864	35.024	32.312	41.635	32.719	36.434
41778_at	263.633	230.988	245.992	245.209	277.896	242.423	315.957	270.882
41779_at	216.465	192.111	196.033	207.641	233.864	200.54	214.696	213.344
41780_at	46.155	47.713	48.849	49.434	46.331	50.346	44.822	50.315
41781_at	35.011	30.988	33.395	30.955	26.567	32.418	28.9	32.091
41782_g_at	226.203	244.865	228.584	221.607	218.301	229.46	210.423	218.63
41783_at	122.441	128.456	124.706	126.796	121.879	120.304	112.188	122.435
41784_at	56.359	70.481	59.253	60.402	55.161	57.706	62.567	62.389
41785_at	1475.311	1559.998	1584.93	1590.17	1686.42	1530.924	1585.691	1588.023
32145_at	288.149	313.067	294.359	298.432	286.065	293.901	322.856	300.317
32146_s_at	114.812	122.073	133.714	124.369	138.169	129.228	112.827	132.672
32147_at	39.086	45.316	42.168	56.268	41.279	42.119	45.26	42.68
32148_at	285.673	316.472	299.439	307.46	290.474	304.96	295.713	280.916
32149_at	20.417	16.455	16.223	17.871	18.952	20.773	17.304	16.278
32150_at	74.474	81.348	59.352	68.886	67.208	66.351	61.697	58.866
32151_at	307.409	305.776	285.792	321.501	344.907	312.56	345.837	292.661
32152_at	39.182	40.653	34.835	33.779	34.391	35.609	34.125	41.39
32153_s_at	1242.87	1454.361	1365.289	1439.105	1314.706	1301.151	1407.066	1295.786
32154_at	207.761	214.145	212.585	225.195	240.443	231.358	206.362	209.98
32155_at	43.979	45.448	42.295	44.974	53.451	46.786	38.775	39.015
32156_at	207.652	214.826	216.431	210.723	208.614	199.308	210.429	195.888
32157_at	335.384	329.699	346.246	331.113	322.375	334.012	298.566	351.458
32158_at	74.696	63.351	62.339	66.212	73.814	73.095	67.911	73.428
32159_at	81.746	68.148	66.266	64.797	77.774	81.065	64.924	85.377
32160_at	86.047	93.688	83.613	88.731	97.035	100.24	82.448	90.169
32161_at	18.484	19.707	15.676	18.313	22.692	18.741	15.517	17.505
32162_r_at	256.11	249.312	296.498	268.993	290.936	292.243	237.227	267.184
32163_f_at	113.711	119.052	114.93	112.045	108.46	106.242	108.498	112.331
32164_at	347.507	338.734	369.31	363.531	378.834	365.08	387.273	400.014
32165_at	73.461	74.301	71.64	74.193	64.87	71.493	67.728	72.36
32166_at	367.723	389.192	386.604	413.673	406.488	359.799	446.304	403.016
32167_at	37.795	37.167	39.159	37.251	34.661	34.546	31.717	37.521
32168_s_at	78.11	75.511	67.16	83.356	69.3	71.133	73.919	74.3
32169_at	168.541	189.035	164.841	179.061	163.109	166.621	186.937	164.604
32170_g_at	16.538	18.561	15.895	15.028	11.499	16.781	16.973	16.657
32171_at	149.562	153.932	137.554	137.578	154.649	146.483	134.504	161.607
32172_at	76.4	84.154	74.165	75.537	87.262	90.729	85.705	101.299
32173_at	296.856	312.255	292.858	304.957	269.647	279.107	314.258	294.393
32174_at	157.779	163.087	150.72	153.508	164.399	148.546	172.475	160.537
32175_at	176.533	191.849	206.769	194.932	178.787	187.217	193.54	195.12
32176_at	582.473	503.134	491.829	501.404	563.352	521.207	581.395	567.349
32177_s_at	235.804	253.923	249.138	229.423	215.217	224.132	236.061	210.63
32178_r_at	82.803	97.992	101.28	87.685	94.344	86.436	91.723	81.195
32179_s_at	22.624	20.339	21.034	22.02	22.348	22.074	20.378	24.276
32180_s_at	117.272	116.712	129.452	130.998	143.684	128.868	126.81	119.446
32181_at	220.25	211.432	203.815	202.757	208.478	226.489	215.971	217.504
32182_at	60.964	64.089	56.918	67.073	55.735	55.366	59.199	50.016
32183_at	123.643	146.568	117.334	128.517	114.193	114.003	121.608	113.143
32184_at	30.256	34.576	34.254	33.648	31.333	32.652	32.541	30.822
32185_at	29.493	30.802	32.628	33.296	27.414	29.366	28.757	30.509
32186_at	132.146	148.931	138.245	144.061	132.795	141.679	139.01	140.887
32187_at	55.116	43.067	56.333	43.534	60.666	59.091	49.293	54.607
32188_at	83.887	78.544	73.643	75.908	89.092	76.51	66.572	73.736
32189_g_at	249.411	256.18	226.165	252.866	285.899	240.771	238.46	243.416
32190_at	121.178	145.458	158.315	167.453	147.597	142.42	169.443	142.311
32191_at	149.392	147.118	140.866	151.27	166.243	146.674	143.597	153.611
32192_g_at	346.226	337.021	320.173	342.987	399.141	363.964	322.907	354.379
32193_at	22.461	26.159	24.549	30.951	22.373	28.951	20.318	23.02
32194_at	103.489	117.612	115.978	113.559	113.231	110.771	112.448	108.533
32195_at	99.764	128.839	106.768	117.426	108.576	110.476	110.893	105.231
32196_at	77.475	94.341	81.659	82.381	76.984	76.584	66.4	72.339
32197_at	133.429	125.373	113.186	126.288	143.827	128.631	127.618	130.833
32198_at	635.51	570.579	535.163	544.95	626.813	626.469	553.951	666.701
32199_at	10.459	8.303	9.512	11.504	13.735	10.291	5.699	9.312
32200_at	26.057	22.758	21.484	24.821	22.941	21.901	28.95	25.849
32201_at	504.952	479.835	474.427	474.992	543.226	520.748	492.05	539.734
32202_at	270.518	267.954	257.021	247.037	261.467	268.921	225.666	238.722
32203_at	164.912	178.76	154.708	154.915	166.154	160.041	165.121	173.044
32204_at	467.361	407.4	439.825	398.598	440.83	450.077	417.324	457.127
32205_at	124.021	137.369	118.002	123.337	125.092	119.644	126.076	132.507
32206_at	131.201	135.451	126.695	127.29	129.505	124.394	121.205	128.822
32207_at	270.274	298.094	299.071	296.1	305.154	290.026	298.219	306.08
32208_at	137.299	132.331	130.997	132.759	137.447	133.218	124.611	132.675
32209_at	263.646	245.562	237.239	246.394	270.905	256.063	251.449	286.189
32210_at	186.027	182.089	171.423	179.271	166.642	165.473	165.198	164.009
32211_at	130.054	131.103	132.695	120.692	132.041	132.435	122.231	138.24
32212_at	48.298	54.083	53.936	48.136	47.225	55.736	45.133	47.887
32213_at	110.944	117.052	115.517	116.852	117.961	110.945	120.615	110.175
32214_at	57.071	60.797	56.5	63.114	59.533	56.705	59.852	58.728
32215_i_at	79.924	91.982	57.931	81.254	84.321	81.568	80.414	76.655
32216_r_at	25.734	36.328	22.58	31.283	27.571	25.735	23.358	24.721
32217_at	40.641	40.752	46.431	41.999	44.442	42.222	49.897	39.776
32218_at	286.774	321.271	330.143	325.383	328.688	318.827	341.625	309.952
32219_at	122.679	140.472	114.647	129.42	117.162	118.76	121.585	113.108
32220_at	1.647	3.341	5.818	5.728	2.393	3.766	4.895	7.442
32221_at	144.76	154.828	154.754	148.671	137.984	132.15	148.962	140.539
32222_at	87.323	92.93	102.047	90.566	87.781	100.513	87.017	104.614
32223_at	351.502	326.572	348.927	354.432	366.72	358.293	380.643	364.644
32224_at	107.316	120.102	115.478	127.014	103.902	121.422	118.686	115.06
32225_at	149.7	162.194	157.353	170.732	153.801	138.676	159.28	145.182
32226_at	360.556	377.018	372.143	370.066	372.834	365.53	390.079	380.687
32227_at	141.916	140.444	126.277	116.954	144.433	128.948	151.012	137.101
32228_at	508.086	481.114	506.444	477.837	479.443	491.749	482.59	462.97
32229_at	83.522	91.991	96.306	94.029	93.949	91.368	103.33	90.121
32230_at	171.998	171.363	172.984	170.041	194.196	178.87	185.918	177
32231_at	87.646	99.316	100.942	111.104	92.847	100.346	94.523	97.593
32232_at	162.167	185.81	153.469	189.114	163.349	165.197	189.834	158.414
32233_at	33.159	35.286	31.617	32.656	33.464	31.636	33.998	27.645
32234_at	105.104	114.447	111.853	111.592	112.892	104.224	110.217	104.506
32235_at	300.193	296.951	306.739	314.375	321.214	299.477	310.141	315.352
32236_at	390.054	399.844	386.248	409.922	425.126	403.495	410.782	398.398
32237_at	94.705	109.871	115.217	118.144	111.449	113.15	109.056	110.297
32238_at	179.993	172.399	178.622	167.524	176.803	178.172	173.198	177.328
32239_at	17.391	18.774	16.847	17.015	17.577	17.136	15.785	16.214
32240_at	575.586	515.476	514.036	472.742	579.613	576.374	572.167	641.069
32241_at	156.549	164.208	163.478	156.21	141.968	146.655	164.797	167.633
32242_at	108.581	106.801	108.15	102.461	107.244	112.006	122.011	109.257
32243_g_at	129.882	120.608	126.406	121.835	113.712	118.863	125.936	124.439
32244_at	97.248	96.835	103.203	101.4	107.551	111.45	97.005	105.833
32245_at	129.626	144.61	135.758	131.667	129.491	132.45	130.095	136.649
32246_g_at	113.034	113.525	96.977	105.584	104.555	102.956	108.071	110.65
32247_at	188.708	174.44	183.272	171.711	174.002	171.531	182.438	195.628
32248_at	71.821	73.033	71.179	82.89	80.37	70.418	78.358	77.752
32249_at	26.596	34.322	32.161	31.982	28.601	33.073	30.793	28.822
32250_at	124.195	109.024	109.088	109.512	136.757	122.106	112.683	120.166
32251_at	114.32	139.784	127.42	138.775	127.574	129.494	128.932	124.688
32252_at	638.033	738.098	580.333	625.945	571.657	592.156	637.003	614.856
32253_at	262.24	236.751	204.688	236.924	271.643	272.943	255.516	263.451
32254_at	368.353	387.435	376.077	391.576	371.701	386.157	371.093	377.589
32255_i_at	22.429	26.363	28.232	23.061	22.142	24.278	23.184	24.569
32256_r_at	13.863	12.259	11.293	13.988	12.006	14.118	13.337	9.303
32257_f_at	13.02	20.737	13.957	14.003	15.498	13.884	13.899	11.967
32258_r_at	9.425	12.843	5.144	14.095	8.106	11.141	10.99	10.949
32259_at	66.334	78.137	78.821	80.879	73.533	72.944	70.187	77.089
32260_at	197.852	200.437	201.493	195.859	197.34	188.878	222.839	196.955
32261_at	136.668	127.721	133.872	132.336	136.283	143.24	133.937	137.426
32262_at	202.323	185.564	187.376	165.734	231.294	201.229	178.072	224.915
32263_at	76.309	67.418	77.017	72.573	66.304	77.142	68.618	70.551
32741_at	52.84	64.21	63.5	63.32	69.703	62.326	63.758	55.828
32742_s_at	35.772	31.331	30.27	31.105	34.593	30.539	37.314	32.298
32743_at	65.209	60.661	70.811	62.151	64.694	60.157	62.394	76.088
32744_at	2599.502	3109.988	2980.55	3088.856	2906.366	2844.594	2974.529	2863.642
32745_at	101.495	121.815	105.931	123.318	118.411	124.812	135.516	122.528
32746_at	137.284	150.019	136.835	134.211	126.506	118.765	124.978	116.078
32747_at	442.651	497.89	528.67	535.285	518.455	495.525	489.659	481.638
32748_at	3060.858	3356.059	3277.49	3314.831	3181.979	3126.355	3145.685	3009.307
32749_s_at	283.443	319.348	310.048	315.7	310.23	293.698	313.158	298.446
32750_r_at	319.651	298.442	323.979	310.733	309.986	300.821	329.891	297.336
32751_at	85.658	80.694	80.85	78.508	80.476	83.829	78.048	78.167
32752_at	445.37	500.429	502.923	500.094	486.62	471.269	479.816	445.129
32753_at	128.937	139.618	132.898	131.29	116.72	125.447	124.575	119.705
32754_at	269.053	260.468	277.969	296.055	268.71	271.525	243.225	257.382
32755_at	402.936	410.257	376.621	360.593	346.575	355.319	394.324	381.711
32756_at	313.816	330.345	353.297	353.774	356.942	367.986	367.651	322.267
32757_at	201.669	211.921	214.47	205.112	190.851	202.79	193.762	200.615
32758_g_at	128.157	125.8	113.048	105.991	132.285	128.024	116.599	131.173
32759_at	62.565	68.735	76.493	79.804	71.027	66.394	79.07	66.643
32760_at	43.233	49.249	47.928	51.495	57.011	48.491	52.743	51.778
32761_at	1149.011	1119.128	1213.861	980.398	1248.473	1210.242	1151.334	1178.418
32762_i_at	42.372	40.801	38.412	35.191	46.387	38.175	36.269	46.496
32763_r_at	32.529	32.084	26.714	31.656	30.957	32.364	23.188	31.647
32764_at	118.682	109.754	119.408	103.306	120.89	127.136	109.711	130.93
32765_f_at	123.589	154.804	145.877	154.009	124.151	125.543	145.275	125.015
32766_at	368.368	410.888	372.011	405.316	371.232	368.124	397.148	380.504
32767_at	35.488	35.146	35.32	27.056	29.586	31.684	28.285	36.289
32768_at	81.456	81.017	70.747	77.929	71.86	72.195	81.018	67.324
32769_at	30.114	32.561	23.048	31.22	26.334	31.292	30.184	30.19
32770_at	37.795	33.299	29.96	33.334	29.055	31.513	33.913	30.813
32771_at	156.106	163.335	168.345	167.27	166.23	140.58	175.15	165.516
32772_s_at	39.298	39.114	35.496	36.159	37.84	39.545	42.995	38.616
32773_at	94.848	88.651	91.893	96.628	108.542	91.437	103.27	93.561
32774_at	359.55	446.616	430.093	459.774	431.586	406.853	397.125	391.632
32775_r_at	81.744	90.515	70.856	82.595	80.845	71.413	80.726	73.986
32776_at	88.557	91.062	78.699	87.221	96.122	88.919	97.62	91.868
32777_at	123.226	124.306	119.646	116.996	118.037	108.507	120.034	104.802
32778_at	16.37	19.388	17.483	14.349	13.839	17.851	16.348	19.261
32779_s_at	83.544	86.06	93.653	93.455	98.781	91.85	72.068	79.598
32780_at	109.847	120.91	126.027	120.61	124.413	122.249	120.074	112.979
32781_f_at	5.166	4.946	8.403	6.948	9.097	6.917	5.392	7.19
32782_r_at	2.12	4.151	4.234	3.823	7.325	3.474	3.248	4.619
32783_at	277.418	241.908	232.366	248.921	296.112	262.812	252.505	267.79
32784_at	66.519	80.582	70.243	80.033	74.342	72.013	73.028	73.813
32785_at	53.38	45.718	54.017	48.666	54.528	47.468	52.684	50.158
32786_at	173.852	195.194	166.246	180.411	174.475	160.794	176.912	176.531
32787_at	168.849	165.719	173.465	175.745	160.629	151.926	182.627	153.232
32788_at	264.514	333.514	352.598	344.361	332.823	327.339	332.95	322.799
32789_at	17.669	23.322	17.502	19.058	17.934	19.439	19.001	13.744
32790_at	66.649	67.91	63.715	72.541	63.657	64.817	70.654	64.001
32791_at	627.824	751.272	638.847	778.988	679.748	668.005	794.918	682.764
32792_at	64.592	68.067	70.406	63.976	70.418	67.057	71.039	60.188
32793_at	187.028	216.904	221.187	228.21	205.943	197.064	226.687	202.546
32794_g_at	191.901	208.095	207.805	208.701	199.66	209.237	200.881	197.114
32795_at	137.52	110.621	119.489	115.585	134.088	127.85	121.465	114.219
32796_f_at	12240.146	11468.751	11082.776	11267.706	11876.228	11579.813	11025.22	11849.312
32797_at	69.723	61.133	51.655	55.531	49.788	48.265	53.611	54.436
32798_at	75.712	71.744	78.639	76.241	82.394	73.72	76.454	73.444
32799_at	433.231	419.765	445.094	417.036	437.926	446.197	427.284	473.801
32800_at	246.619	216.923	198.499	205.867	221.084	211.868	252.473	226.557
32801_at	150.969	120.251	128.224	123.115	142.498	144.389	138.805	156.046
32802_at	20.983	22.367	21.302	28.902	20.422	23.663	18.303	24.293
32803_at	314.324	362.839	319.477	336.427	294.148	299.223	331.594	326.914
32804_at	489.714	434.126	489.59	456.03	487.977	493.972	477.071	544.867
32805_at	231.958	220.907	241.384	221.432	249.268	242.592	230.675	248.085
32806_at	398.694	377.363	371.118	367.648	410.756	392.523	346.938	417.1
32807_at	63.222	70.921	68.61	60.526	56.886	62.591	63.178	61.272
32808_at	587.633	617.82	627.565	589.152	556.199	584.935	637.162	610.289
32809_at	96.106	110.065	94.645	99.574	89.014	96.553	89.399	100.071
32810_at	551.722	488.109	465.87	495.828	526.486	516.105	505.48	501.231
32811_at	493.847	431.091	474.522	428.707	421.994	504.968	429.112	458.597
32812_at	46.073	51.535	41.666	44.151	43.372	39.908	43.462	41.345
32813_s_at	260.913	261.863	245.232	251.082	272.816	261.261	237.711	238.217
32814_at	126.324	114.756	111.352	108.996	113.691	128.081	112.533	128.801
32815_at	40.854	47.549	46.73	40.481	47.907	43.707	41.646	46.192
32816_at	107.871	104.737	108.96	112.778	124.011	109.274	106.884	118.572
32817_at	125.882	118.838	115.857	121.786	126.956	122.077	103.043	119.641
32818_at	59.316	66.855	67.049	69.774	57.754	60.71	60.749	61.985
32819_at	89.474	101.311	98.028	104.739	98.592	95.583	90.001	93.038
32820_at	47.63	46.549	50.4	46.717	44.391	48.396	49.631	41.043
32821_at	89.072	84.476	95.259	80.62	80.305	76.27	83.093	84.381
32822_at	122.348	135.085	126.887	139.983	132.109	129.183	134.279	126.839
32823_at	420.751	449.356	405.165	416.033	439.651	432.634	347.736	392.735
32824_at	98.737	106.343	101.387	99.109	101.516	99.895	101.448	89.413
32825_at	171.168	186.126	183.911	179.87	179.858	173.039	176.48	177.308
32826_at	82.37	77.1	85.692	87.222	88.884	86.824	76.975	82.433
32827_at	36.082	39.663	35.676	40.077	37.436	36.381	41.13	36.191
32828_at	189.689	210.364	193.299	205.452	193.066	201.887	198.739	190.565
32829_at	123.783	128.765	128.34	130.855	126.424	133.328	121.672	123.453
32830_g_at	152.855	152.043	157.893	139.426	147.743	138.627	157.553	140.638
32831_at	87.433	99.486	85.521	99.411	92.088	86.86	86.108	79.822
32832_at	139.184	156.211	145.593	153	151.485	151.768	145.616	143.845
32833_at	347.189	393.475	386.5	372.889	348.955	320.077	354.794	338.861
32834_r_at	18.433	20.418	19.902	23.39	20.958	18.525	22.37	19.861
32835_at	91.061	82.653	81.653	82.461	88.925	82.426	74.889	88.514
32836_at	231.574	221.59	194.77	213.405	209.073	221.743	216.777	230.537
32837_at	356.915	325.702	343.574	333.593	365.595	355.866	339.192	369.138
32838_at	106.095	91.532	98.821	86.936	113.209	96.316	113.568	108.681
32839_at	31.559	33.558	34.191	34.794	36.599	34.987	32.883	41.889
32840_at	100.926	92.025	103.111	102.698	106.433	92.424	115.34	97.347
32841_at	279.02	299.431	286.533	286.31	277.818	260.457	310.393	285.449
32842_at	85.116	79.39	88.447	75.252	86.868	87.443	86.623	86.712
32843_s_at	328.867	352.711	344.009	358.371	328.478	334.438	335.976	339.82
32844_at	228.024	229.646	220.765	224.564	223.411	224.982	211.334	223.15
32845_at	237.704	225.403	210.599	220.552	223.682	231.413	245.432	249.8
32846_s_at	199.7	229.07	201.731	228.064	200.69	208.375	194.046	206.309
32847_at	78.366	73.638	72.994	66.096	67.298	73.933	70.263	75.265
32848_at	128.937	128.485	126.574	131.378	131.888	129.759	146.181	128.651
32849_at	69.182	62.567	67.245	64.131	63.599	62.758	57.69	63.414
32850_at	40.668	41.67	36.729	39.659	38.041	39.807	36.178	34.911
32851_at	4.126	5.763	8.904	5.148	6.425	5.682	9.206	4.826
32852_at	462.727	458.757	453.817	417.937	461.331	460.265	429.26	452.184
32853_at	135.464	155.921	132.59	135.335	131.146	132.473	131.56	126.345
32854_at	52.073	59.092	50.191	53.624	50.877	52.122	53.459	51.469
32855_at	232.586	240.877	225.033	241.791	230.56	224.314	241.521	221.304
32856_at	151.135	164.466	157.512	148.956	138.456	156.353	144.774	149.083
32857_at	61.984	60.197	54.082	66.137	60.215	66.132	57.689	57.72
32858_at	151.997	151.911	160.849	145.044	148.111	150.753	148.481	140.136
32859_at	12.535	14.61	11.855	13.412	13.263	8.984	9.429	11.994
32860_g_at	185.558	197.456	199.306	203.116	197.153	182.08	207.363	194.492
33338_at	140.743	126.79	137.141	135.06	149.651	131.473	127.926	144.65
33339_g_at	51.442	55.23	55.166	54.595	56.023	55.802	47.382	52.579
33340_at	145.062	151.349	151.948	162.338	162.038	153.508	159.306	143.017
33341_at	139.553	157.87	135.085	155.151	158.171	147.451	168.571	146.51
33342_at	53.033	59.896	51.643	56.967	59.156	61.904	57.285	60.489
33343_at	65.224	72.436	66.023	65.052	63.698	69.465	71.802	64.841
33344_at	25.981	22.085	24.519	18.507	27.248	23.25	25.722	29.834
33345_at	84.391	78.284	74.02	72.352	78.081	81.558	76.124	78.698
33346_r_at	136.599	142.814	157.399	145.496	144.445	139.848	147.382	163.26
33347_at	170.615	170.195	189.524	181.17	194.442	180.936	178.056	172.772
33348_at	116.68	106.03	117.307	108.247	94.092	102.232	103.465	96.963
33349_at	351.946	423.887	439.594	414.006	434.261	436.482	337.053	377.69
33350_s_at	50.834	55.65	55.122	49.261	53.607	55.53	50.727	52.759
33351_at	146.889	160.396	169.934	188.551	167.445	157.713	193.615	153.15
33352_at	240.525	208.28	240.253	195.714	230.666	226.603	194.637	230.447
33353_at	118.145	118.84	115.804	112.325	122.694	120.942	114.303	118.538
33354_at	117.745	106.369	119.842	101.601	113.456	113.323	89.603	122.563
33355_at	81.257	83.037	75.823	74.309	73.69	78.047	66.508	85.493
33356_at	157.698	130.633	135.571	116.929	157.473	160.645	152.891	166.423
33357_at	475.094	462.199	493.826	477.19	509.873	488.272	528.303	485.192
33358_at	268.992	254.082	254.555	262.251	297.22	287.876	201.029	308.338
33359_at	94.716	86.836	88.091	79.864	99.625	97.278	85.606	114.841
33360_at	95.896	93.339	94.414	100.513	98.443	95.642	98.148	103.04
33361_at	256.895	236.776	243.681	208.995	259.935	236.792	236.076	258.232
33362_at	109.585	91.228	94.478	86.258	112.412	98.7	118.722	116.694
33363_at	156.971	159.317	164.343	163.293	196.221	182.83	176.046	186.045
33364_at	56.133	49.87	51.707	53.658	55.159	63.481	53.431	54.45
33365_at	162.652	199.482	169.126	173.538	175.264	171.658	148.782	154.245
33366_at	135.222	120.301	120.925	122.188	115.002	122.64	127.684	132.288
33367_s_at	217.16	250.914	230.66	253.616	212.78	216.084	231.138	215.396
33368_at	177.046	194.764	155.528	176.751	160.269	154.159	171.571	173.104
33369_at	47.215	52.58	43.7	45.333	37.493	42.412	42.827	37.113
33370_r_at	89.408	88.775	87.07	85.147	88.42	91.322	85.905	91.368
33371_s_at	117.752	123.979	124.357	110.217	114.749	122.615	108.953	112.021
33372_at	223.985	177.36	184.986	179.298	227.136	208.109	185.814	208.974
33373_at	61.357	76.632	62.012	70.647	68.841	73.052	75.501	69.573
33374_at	83.884	99.62	97.322	87.181	92.008	101.059	86.879	77.272
33375_at	90.651	91.745	91.352	82.647	91.998	97.494	101.937	91.739
33376_at	56.862	47.37	50.004	50.279	50.626	54.624	48.207	55.969
33377_at	96.607	97.387	94.161	94.302	95.298	103.826	91.863	91.686
33378_at	41.084	41.322	39.096	41.761	39.966	40.764	45.345	41.456
33379_at	60.834	55.63	66.019	50.308	67.061	61.199	58.756	54.932
33380_at	125.822	124.491	125.134	132.144	130.951	117.873	140.367	116.291
33381_at	120.097	106.464	93.45	105.361	128.584	112.598	117.946	112.031
33382_at	76.576	64.032	67.975	62.669	76.316	76.156	68.627	79.604
33383_f_at	49.731	47.07	52.765	47.324	56.597	52.945	42.355	47.472
33384_at	34.039	33.713	32.302	31.898	39.58	31.514	34.31	31.265
33385_g_at	61.872	73.093	66.056	61.492	62.11	65.502	63.385	63.099
33386_at	162.954	188.257	176.69	187.67	173.293	158.932	187.113	159.293
33387_at	60.065	68.593	58.464	59.633	63.679	67.387	62.448	68.072
33388_at	784.169	731.421	850.629	762.678	839.35	836.534	667.149	824.198
33389_at	41.518	50.42	54.146	48.987	53.314	43.911	57.789	46.607
33390_at	352.689	371.754	347.157	359.571	394.764	388.021	358.354	346.667
33391_r_at	304.285	278.442	264.983	266.234	309.673	296.743	300.409	288.021
33392_at	137.014	137.658	135.102	139.744	129.193	135.166	114.705	127.724
33393_at	101.027	102.501	96.017	99.617	94.736	97.373	95.435	86.209
33394_at	107.608	99.679	106.601	93.366	109.009	105.488	104.652	117.479
33395_at	238.737	238.52	219.378	224.095	222.996	242.409	222.285	230.837
33396_at	502.157	534.618	499.339	529.794	510.994	476.621	541.142	526.507
33397_at	467.93	478.328	476.832	449.76	463.639	479.547	455.978	493.039
33398_at	684.212	592.616	617.282	553.05	626.531	624.581	654.574	673.058
33399_at	116.155	107.058	106.128	101.216	115.367	104.762	105.03	124.762
33400_r_at	23.286	23.099	20.032	19.549	20.714	16.53	21.248	18.575
33401_at	55.98	55.859	48.918	48.146	49.841	53.926	45.533	48.834
33402_at	120.998	131.738	115.745	117.333	117.525	120.091	122.947	117.141
33403_at	49.219	58.924	46.627	49.317	44.256	44.952	50.28	49.57
33404_at	85.934	76.811	78.594	75.296	80.929	86.095	74.698	93.572
33405_at	127.727	112.551	109.163	111.997	150.028	115.428	112.036	117.547
33406_at	61.686	68.892	68.574	68.865	73.841	68.543	81.211	73.185
33407_at	112.815	92.839	106.503	95.322	111.639	97.957	89.529	96.579
33408_at	379.995	368.077	360.112	371.75	423.362	386.629	352.908	384.236
33409_at	626.15	711.444	705.542	699.63	612.91	601.075	702.822	628.744
33410_at	102.197	101.622	103.218	89.701	111.841	105.845	95.776	102.009
33411_g_at	36.739	34.759	38.584	35.779	41.491	32.284	40.911	33.965
33412_at	150.574	157.959	142.493	149.94	155.041	147.551	150.161	149.19
33413_at	33.212	39.965	33.045	36.361	33.285	38.715	38.36	32.717
33414_at	297.863	312.539	283.171	307.753	297.22	300.658	337.285	306.738
33415_at	605.512	636.943	600.544	640.107	671.379	629.438	671.321	643.724
33416_at	198.064	184.603	210.326	186.08	210.524	198.987	190.037	200.617
33417_at	145.823	155.829	185.749	172.209	154.443	165.988	190.449	184.466
33418_at	131.001	150.943	140	145.118	133.584	123.621	141.431	124.194
33419_at	54.214	62.207	72.319	83.767	73.428	61.119	82.743	72.82
33420_g_at	166.053	186.766	181.418	180.429	160.886	167.041	182.155	158.22
33421_s_at	64.169	77.802	66.028	69.568	63.371	61.121	67.274	56.55
33422_at	101.806	115.231	102.517	110.569	101.002	103.461	99.721	93.423
33423_g_at	113.327	125.097	117.768	117.011	109.109	106.935	133.55	105.613
33424_at	75.27	91.542	82.486	93.359	79.484	88.531	80.015	78.597
33425_at	487.369	518.393	539.031	517.24	485.086	485.307	474.074	452.909
33426_at	130.988	149.811	145.903	150.694	147.398	136.23	134.421	136.104
33427_s_at	90.902	90.667	90.947	83.585	80.15	78.067	91.025	88.22
33428_s_at	71.025	71.151	71.831	71.382	72.671	79.513	66.802	76.215
33429_at	83.294	90.131	95.072	96.25	92.634	84.442	93.839	84.734
33430_at	52.719	60.76	58.411	59.23	56.089	52.197	52.471	50.798
33431_at	156.091	188.344	181.63	185.752	150.426	166.934	168.511	157.217
33432_at	121.004	126.147	113.452	122.31	124.683	132.265	119.036	131.001
33433_at	114.967	112.187	91.634	104.827	109.576	108.48	121.01	114.998
33434_at	103.138	92.939	91.912	82.065	98.092	98.137	98.083	107.4
33435_r_at	23.661	23.401	18.534	19.81	21.875	19.082	17.228	21.236
33436_at	101.425	101.69	90.413	100.884	101.738	101.899	89.066	109.744
33437_at	94.412	100.563	97.689	97.988	88.425	89.968	85.886	103.186
33438_at	518.285	569.46	532.59	608.269	550.397	532.938	620.231	560.164
33439_at	454.81	486.678	474.967	441.335	447.042	435.781	449.504	473.703
33440_at	36.224	40.091	38.671	36.308	36.246	40.234	35.512	41.723
33441_at	140.654	132.057	127.205	132.352	141.733	139.514	134.579	147.308
33442_at	47.979	45.477	50.404	54.355	52.461	45.841	50.239	47.22
33443_at	58.315	62.167	52.407	52.898	57.864	57.608	57.074	55.337
33444_at	48.51	56.678	66.79	68.248	67.46	58.169	68.915	59.495
33445_at	90.284	96.184	93.938	94.416	95.906	90.501	78.135	83.249
33446_at	301.665	312.89	285.42	312.8	263.858	286.185	278.282	277.961
33447_at	199.901	225.252	190.396	213.785	181.446	194.401	216.427	211.039
33448_at	639.979	607.915	631.23	620.898	662.854	628.393	607.344	631.505
33449_at	97.533	93.32	87.211	95.542	99.729	101.364	85.28	84.912
33450_at	205.744	234.792	216.695	220.622	191.288	221.816	210.732	205.275
33451_s_at	971.342	1036.745	1014.948	1059.615	1070.016	1002.907	1103.789	1022.544
33452_at	73.198	73.221	80.544	82.059	83.106	74.543	76.564	78.923
33453_at	296.549	281.661	281.66	301.765	328.793	299.174	329.718	300.259
33454_at	255.903	302.876	264.978	285.707	251.53	261.307	272.486	252.784
33455_at	271.546	278.985	255.487	253.955	259.597	254.418	254.048	254.873
33456_at	151.274	145.574	147.913	147.959	148.02	146.308	142.884	144.269
33457_at	91.132	100.718	94.226	101.156	89.918	98.214	90.464	97.589
33817_at	68.555	75.084	72.456	76.829	66.355	74.339	81.162	72.173
33818_at	1332.995	1585.353	1546.817	1649.682	2481.777	2451.266	2511.234	2349.624
33819_at	586.729	661.279	641.478	629.911	535.733	553.036	648.242	561.728
33820_g_at	501.684	639.031	539.158	662.049	523.687	526.174	570.81	498.553
33821_at	82.624	88.76	81.05	76.611	77.518	80.102	79.54	78.054
33822_at	285.552	286.67	289.536	306.025	301.848	292.234	288.954	294.457
33823_at	64.164	69.504	64.029	66.256	74.412	81.5	89.492	76.089
33824_at	809.38	949.779	926.536	974.756	899.151	859.655	883.598	891.465
33825_at	934.842	1017.834	1086.445	1094.127	996.084	991.843	1058.883	982.674
33826_at	138.625	131.494	136.109	141.204	135.235	132.531	122.923	127.395
33827_at	69.849	78.627	85.117	84.18	81.176	80.386	83.073	77.088
33828_at	86.369	103.531	105.919	109.016	98.161	102.741	101.346	100.244
33829_at	120.025	138.544	138.025	140.678	121.551	120.28	128.328	116.583
33830_at	95.679	114.47	92.53	113.158	99.329	96.9	104.358	93.704
33831_at	25.87	26.402	25.158	24.995	21.064	24.389	19.14	24.504
33832_at	30.719	32.477	33.012	30.138	39.332	38.552	33.746	39.274
33833_at	126.864	122.981	121.85	131.026	120.708	128.694	147.354	137.535
33834_at	426.517	432.906	425.074	429.281	421.397	412.328	443.603	427.134
33835_at	145.621	131.548	139.661	137.973	134.546	135.817	161.176	145.443
33836_at	246.1	296.469	285.229	252.224	262.753	270.212	242.873	268.42
33837_at	41.722	43.033	35.255	35.576	35.902	33.509	35.35	43.787
33838_at	491.937	510.693	469.672	489.826	538.942	517.912	434.662	492.917
33839_at	74.242	67.048	66.159	63.604	67.13	70.868	58.181	69.087
33840_at	38.615	37.951	41.86	39.906	35.912	43.401	34.635	41.612
33841_at	211.714	216.755	227.365	225.093	235.154	212.974	215.356	225.862
33842_at	154.308	144.427	141.091	144.607	164.61	159.936	150.764	159.402
33843_g_at	572.712	510.569	516.405	500.799	529.211	544.151	565.564	552.21
33844_at	127.567	111.989	111.397	113.391	108.512	113.036	107.226	122.008
33845_at	1016.978	898.094	903.067	876.534	949.24	937.244	830.308	992.36
33846_at	127.053	112.112	109.767	108.085	103.482	115.367	122.12	120.328
33847_s_at	35.97	39.267	32.897	33.073	29.296	33.443	37.267	35.64
33848_r_at	31.872	31.637	36.72	31.92	24.522	39.867	28.056	30.821
33849_at	125.808	132.072	132.564	139.241	135.565	120.983	149.545	145.964
33850_at	208.655	207.206	208.878	222.178	245.742	214.011	249.634	234.187
33851_at	149.999	153.999	163.03	151.524	159.521	162.883	156.844	153.422
33852_at	49.921	55.122	43.873	51.411	46.53	51.953	52.11	49.753
33853_s_at	188.763	176.872	193.19	197.593	190.105	191.379	206.675	192.854
33854_at	94.92	104.295	113.48	108.513	109.358	115.748	120.579	113.124
33855_at	126.759	116.251	124.632	122.711	133.959	122.506	107.269	121.194
33856_at	149.462	168.864	155.929	156.288	162.571	157.567	165.013	160.102
33857_at	107.581	113.973	113.403	114.145	113.864	113.909	105.572	101.884
33858_at	69.885	69.191	65.905	65.32	68.449	66.273	71.609	61.818
33859_at	144.856	173.845	138.802	151.054	148.775	143.381	143.672	144.441
33860_at	643.09	604.774	637.758	641.647	686.083	623.221	625.249	615.174
33861_at	90.183	113.185	103.747	90.076	94.048	93.884	90.424	90.188
33862_at	540.068	527.773	471.699	535.926	553.148	498.542	561.748	498.251
33863_at	619.068	669.381	688.26	670.142	704.163	694.357	704.967	678.199
33864_at	25.784	28.143	31.774	29.974	25.883	30.899	29.34	28.974
33865_at	155.442	201.177	168.098	183.924	172.242	179.829	135.97	172.153
33866_at	309.229	332.331	352.812	356.869	380.687	338.522	337.489	308.679
33867_s_at	24.693	30.611	27.266	31.522	25.735	31.977	26.712	29.807
33868_at	88.628	85.587	91.644	82.258	91.114	91.321	85.207	79.384
33869_at	264.015	287.342	308.395	305.207	312.007	263.933	310.31	250.989
33870_at	178.601	168.736	186.98	181.191	190.999	177.889	186.167	184.891
33871_s_at	139.083	137.847	133.635	136.635	135.899	145.6	136.559	157.946
33872_at	52.671	40.629	40.682	39.829	44.289	43.742	43.89	46.841
33873_at	283.66	253.679	262.73	246.296	272.92	273.932	237.878	282.245
33874_at	56.913	53.179	51.862	51.314	56.746	49.079	47.162	56.379
33875_at	189.023	191.057	173.099	171.017	163.456	172.346	179.446	177.094
33876_at	126.515	140.219	121.772	131.754	111.37	115.733	127.442	106.328
33877_s_at	108.791	106.857	87.294	92.735	89.535	97.022	101.629	107.394
33878_at	105.818	106.081	108.483	102.636	106.717	111.312	105.589	108.713
33879_at	426.554	410.006	442.101	394.223	423.536	458.331	385.63	469.186
33880_at	25.079	24.173	21.701	21.106	21.564	28.366	29.174	26.047
33881_at	140.627	148.431	144.256	140.856	135.606	145.807	129.806	146.448
33882_at	184.082	173.881	186.035	183.024	197.495	194.326	175.047	183.109
33883_at	125.313	109.169	109.583	102.355	114.924	115.16	114.244	120.613
33884_s_at	92.144	97.534	93.096	97.831	127.674	102.092	101.289	98.039
33885_at	80.159	89.971	79.583	85.756	82.556	84.911	81.372	80.002
33886_at	65.268	80.34	74.662	85.855	64.946	71.863	82.706	68.77
33887_at	317.673	328.736	311.485	315.942	348.461	339.372	328.924	324.973
33888_at	406.641	368.167	372.609	368.573	405.329	381.399	400.873	384.76
33889_s_at	463.922	492.653	505.998	473.222	422.721	475.615	436.12	459.831
33890_at	92.439	103.591	107.368	105.313	110.151	102.98	103.079	104.525
33891_at	174.104	174.669	172.77	178.047	171.366	159.641	188.012	180.132
33892_at	20.588	19.163	17.379	19.166	20.336	20.587	17.142	17.376
33893_r_at	25.955	27.319	24.872	23.916	29.495	27.255	26.016	25.879
33894_at	34.142	48.023	39.889	41.673	35.07	33.83	31.315	37.853
33895_at	283.56	293.704	285.795	292.019	248.185	258.026	274.294	260.81
33896_at	77.966	82.289	93.643	103.07	88.469	82.881	105.35	92.604
33897_at	54.72	43.957	48.568	47.505	48.39	46.905	45.84	50.731
33898_at	284.467	305.505	300.313	304.507	343.991	313.762	290.943	310.45
33899_at	185.625	223.045	193.496	211.283	202.371	200.655	224.826	200.698
33900_at	567.257	481.437	534.291	471.425	567.902	588.213	576.002	567.152
33901_at	220.519	273.285	254.478	268.453	249.123	243.15	250.607	248.717
33902_at	136.311	150.679	137.374	142.706	129.94	146.645	127.619	140.064
33903_at	456.177	432.145	393.079	446.366	479.545	450.72	447.85	412.305
33904_at	145.214	161.217	145.095	164.142	135.772	139.85	154.735	135.696
33905_at	242.85	257.173	268.224	285.704	259.968	253.695	268.35	254.468
33906_at	174.985	174.257	174.632	168.818	167.929	164.09	162.893	159.144
33907_at	67.685	74.433	66.984	71.824	68.385	75.827	69.091	63.91
33908_at	177.742	191.448	153.744	183.969	168.501	171.367	167.712	177.873
33909_at	345.321	354.877	343.603	348.278	341.938	345.048	341.561	349.013
33910_at	6.528	7.453	6.807	7.89	7.679	6.178	9.216	5.567
33911_at	102.849	103.819	92.456	95.253	104.625	107.794	105.994	110.648
33912_at	67.612	72.923	62.752	67.839	64.803	71.675	64.305	69.795
33913_at	183.534	201.537	187.03	204.255	195.057	195.33	197.5	217.504
33914_r_at	9.773	10.834	10.062	11.365	10.357	12.38	13.254	13.366
33915_at	271.777	277.345	239.17	262.928	280.147	267.722	283.499	268.635
33916_at	362.756	371.819	325.273	360.786	355.561	363.051	279.01	376.202
33917_at	77.871	73.802	65.592	77.032	71.198	72.593	72.846	68.594
33918_s_at	108.729	107.557	98.307	95.985	105.903	103.334	95.774	101.295
33919_at	53.379	53.975	55.815	55.555	52.397	48.012	52.769	56.774
33920_at	673.012	603.961	619.084	607.411	656.185	627.614	592.565	638.45
33921_at	410.555	358.769	402.746	357.083	390.726	417.964	387.39	430.95
33922_at	171.956	169.304	173.221	182.483	190.987	176.779	163.36	181.707
33923_s_at	20.773	20.823	22.053	24.183	19.933	18.168	20.139	22.791
33924_at	111.48	115.514	113.699	115.986	112.667	116.641	110.861	121.954
33925_at	95.575	96.585	99.81	98.367	102.402	88.354	90.529	91.684
33926_at	59.87	56.632	61.966	53.501	57.222	61.296	57.951	59.293
33927_i_at	16.776	17.958	14.243	17.244	14.337	19.479	13.504	16.936
33928_r_at	19.665	20.945	24.945	20.707	17.592	22.623	18.4	20.365
33929_at	141.158	144.487	140.033	146.814	136.972	139.892	149.497	149.567
33930_at	124.366	128.44	122.112	125.942	126.19	123.211	119.729	138.73
33931_at	202.33	203.888	188.894	203.365	206.758	186.134	221.156	197.271
33932_at	88.683	105.437	96.648	93.468	92.413	92.522	92.53	82.711
33933_at	120.277	104.817	111.47	99.92	110.707	107.3	104.222	108.048
33934_at	10.635	13.541	8.437	13.091	15.961	10.589	11.634	13.326
33935_at	109.151	113.543	116.978	100.061	107.196	101.235	114.498	103.781
33936_at	82.146	71.048	70.318	75.007	74.861	75.021	81.078	79.908
34296_at	186.7	174.045	164.592	167.301	151.404	171.455	166.533	173.612
34297_at	45.467	40.395	41.239	40.053	45.717	46.862	38.336	38.781
34298_at	167.868	169.903	159.81	163.465	173.022	175.839	167.676	167.17
34299_at	54.545	55.126	58.117	57.895	62.583	60.907	66.724	55.574
34300_at	292.392	293.591	313.436	299.284	328.346	294.859	265.858	272.562
34301_r_at	1711.099	1668.214	1627.441	1666.042	1813.906	1712.263	1543.76	1625.079
34302_at	335.863	385.729	351.721	385.067	358.212	354.956	379.64	349.356
34303_at	249.982	267.971	269.55	265.147	284.087	285.84	252.489	247.127
34304_s_at	119.997	147.347	138.885	140.868	132.869	123.751	138.161	125.466
34305_at	155.987	171.833	172.797	176.185	177.715	171.258	183.936	158.285
34306_at	44.553	62.17	56.303	63.548	53.469	57.864	57.507	57.464
34307_at	335.413	400.496	315.517	381.278	354.069	335.752	329.392	333.832
34308_at	126.082	126.409	124.278	123.569	140.916	128.459	133.291	130.764
34309_at	8477.159	9019.695	8517.467	8797.282	8356.639	8595.28	8269.177	8627.132
34310_at	707.653	723.263	690.849	761.342	640.415	651.498	649.825	608.519
34311_at	44.189	44.648	43.888	45.424	50.848	50.035	45.594	45.137
34312_at	48.402	44.477	44.619	44.931	45.256	45.731	47.18	44.892
34313_at	42.536	33.76	29.748	36.051	34.096	37.783	31.592	35.745
34314_at	49.804	50.367	46.306	44.894	39.47	46.274	44.966	45.592
34315_at	298.613	262.11	282.876	257.546	291.888	285.975	284.488	287.626
34316_at	131.03	128.869	120.81	123.195	108.857	109.14	133.583	112.682
34317_g_at	2451.249	2761.863	2677.367	2803.465	2406.998	2426.807	2447.01	2354.801
34318_at	85.8	81.566	90.89	85.504	108.872	97.161	88.315	99.54
34319_at	103.911	124.112	113.611	133.563	118.211	111.152	129.284	113.103
34320_at	382.352	351.076	347.405	339.453	345.842	361.881	332.998	370.052
34321_i_at	49.778	49.971	37.955	40.663	48.568	46.414	40.328	52.523
34322_r_at	52.027	46.45	42.008	43.627	55.215	45.767	41.532	44.331
34323_at	125.875	148.212	131.075	143.5	120.193	126.546	126.196	129.808
34324_at	20.469	19.322	17.999	20.479	17.506	16.448	22.013	16.408
34325_at	375.924	357.956	341.013	340.015	331.106	377.064	362.184	362.678
34326_at	146.594	149.216	135.293	150.588	133.349	132.051	146.254	140.244
34327_at	116.621	125.253	97.462	104.836	119.558	112.862	115.242	117.741
34328_s_at	43.299	57.077	49.662	51.106	39.559	47.436	41.001	45.631
34329_at	100.436	81.505	80.771	87.688	87.149	81.885	79.216	88.411
34330_at	389.528	448.05	439.747	475.942	435.879	448.526	462.268	449.668
34331_at	217.653	198.223	186.529	198.571	240.084	218.948	184.776	233.53
34332_at	308.559	292.768	285.992	300.201	294.734	307.452	308.739	286.379
34333_at	141.486	154.27	157.941	164.421	156.5	152.037	172.139	173.455
34334_at	22.432	21.299	19.118	19.334	21.661	28.013	18.726	20.439
34335_at	20.241	20.492	24.157	24.893	20.994	23.784	21.339	16.796
34336_at	275.958	296.965	302.515	320.415	289.064	285.116	321.399	310.37
34337_s_at	36.292	39.835	44.983	39.339	35.749	38.634	41.953	37.754
34338_at	159.3	165.475	155.695	165.148	150.39	151.535	168.345	157.545
34339_at	39.882	35.819	40.727	37.712	38.508	37.126	41.113	39.618
34340_at	233.56	264.322	251.513	252.367	236.814	255.321	224.96	220.669
34341_at	154.137	137.016	135.97	120.734	153.922	135.509	132.388	141.246
34342_s_at	819.43	999.123	955.271	983.978	952.931	891.436	932.877	909.979
34343_at	91.215	88.315	86.486	81.833	88.363	88.212	78.565	83.87
34344_at	64.324	67.513	62.627	66.785	54.866	62.318	62.193	56.838
34345_at	345.457	365.816	380.84	376.389	404.571	384.08	359.432	361.305
34346_at	289.559	287.133	283.135	288.165	275.648	277.22	287.264	262.451
34347_at	203.069	228.798	248.597	249.819	236.982	244.215	226.055	224.897
34348_at	676.198	713.382	709.469	712.022	764.611	717.039	716.266	683.208
34349_at	162.989	197.616	175.878	201.017	187.829	176.118	184.814	170.284
34350_at	170.009	106.388	121.446	107.007	132.921	128.995	144.259	156.095
34351_at	118.655	113.259	111.342	113.304	109.264	111.435	118.445	119.886
34352_at	216.993	227.66	226.403	237.457	225.277	219.806	237.835	242.231
34353_at	53.688	54.791	46.001	53.546	49.995	50.259	55.463	55.882
34354_at	144.553	116.092	131.8	123.811	122.143	128.739	125.109	150.38
34355_at	62.148	62.25	57.333	54.182	56.572	53.132	58.983	59.187
34356_at	77.274	78.037	77.907	85.06	85.346	75.224	77.175	81.568
34357_g_at	144.645	127.336	127.501	139.389	152.066	151.494	166.795	157.349
34358_at	258.242	271.245	267.211	271.15	253.211	259.099	258.785	274.778
34359_at	132.938	133.499	129.713	133.773	135.327	137.054	115.26	135.357
34360_s_at	35.794	35.793	35.304	34.232	32.898	35.638	36.415	36.935
34361_at	359.952	313.033	333.202	342.217	365.461	339.251	338.074	383.393
34362_at	56.31	67.931	70.346	63.864	64.542	71.824	57.488	50.372
34363_at	329.721	332.947	310.275	321.918	279.131	297.851	350.427	301.205
34364_at	199.12	214.017	205.114	201.767	212.397	209.67	209.501	222.945
34365_at	252.496	246.565	236.805	242.055	242.917	232.734	274.813	234.598
34366_g_at	184.378	194.472	203.414	199.404	190.359	188.217	212.527	192.693
34367_at	863.844	877.259	899.404	879.989	912.111	899.323	906.755	905.57
34368_at	136.983	180.537	158.509	139.255	155.507	151.567	148.579	143.879
34369_at	163.501	136.607	162.833	155.941	166.19	154.574	137.925	145.812
34370_at	183.869	233.538	187.253	213.783	165.382	176.514	183.551	178.329
34371_at	135.786	153.499	138.09	159.478	144.31	137.084	158.281	133.992
34372_at	119.503	129.265	131.539	128.616	121.758	123.503	126.476	122.101
34373_at	22.366	27.023	29.456	26.405	19.856	23.05	21.129	27.211
34374_g_at	70.733	68.444	66.72	68.029	67.777	65.241	70.711	63.736
34375_at	256.419	265.115	238.403	268.683	276.716	259.9	251.269	266.353
34376_at	163.298	170.071	160.59	159.546	149.616	158.963	161.635	153.231
34377_at	27.039	28.545	28.309	29.632	30.554	30.982	32.618	27.381
34378_at	134.083	121.039	111.001	110.408	145.787	124.951	99.821	122.145
34379_at	168.827	161.597	171.902	170.259	159.317	163.797	150.171	148.355
34380_at	127.811	152.23	154.032	150.298	148.576	147.932	147.484	141.818
34381_at	527.411	686.927	609.258	637.478	626.474	621.68	584.216	583.987
34382_at	34.555	37.799	40.628	36.125	39.914	38.584	35.88	32.625
34383_at	76.473	96.574	75.99	97.974	77.584	81.23	79.178	73.738
34384_at	60.455	59.381	61.446	65.43	66.698	64.556	71.293	68.893
34385_at	118.786	147.014	126.499	147.347	139.566	130.909	122.749	123.515
34386_at	112.744	122.288	118.529	130.508	115.471	106.009	108.44	114.414
34387_at	51.77	61.924	52.68	54.881	49.836	56.137	57.082	51.785
34388_at	32.22	33.95	39.524	32.172	35.209	33.352	30.216	33.15
34389_at	93.355	98.661	84.463	84.741	94.663	88.686	86.656	87.282
34390_at	268.134	280.244	259.857	262.332	252.371	272.791	238.552	254.016
34391_at	130.981	112.956	112.243	108.782	120.606	117.437	129.22	119.69
34392_s_at	720.606	754.909	648.375	696.557	648.195	642.282	654.029	600.741
34393_r_at	220.884	252.448	194.575	250.886	210.21	208.414	225.534	199.582
34394_at	31.768	31.252	33.325	25.645	30.75	30.288	30.216	35.498
34395_at	134.775	120.189	119.498	111.535	125.746	133.74	118.666	142.274
34396_at	101.602	105.252	100.86	107.668	102.504	97.628	101.283	113.366
34397_at	276.554	288.691	270.403	259.836	267.7	261.762	254.165	284.785
34398_at	75.93	60.913	64.935	61.616	61.896	65.837	58.855	66.508
34399_at	62.054	57.141	59.794	59.712	57.802	61.59	57.626	58.932
34400_at	1314.866	1471.453	1405.92	1492.544	1338.585	1312.164	1441.082	1396.428
34401_at	672.395	648.017	586.618	635.44	693.863	645.379	647.918	649.773
34402_at	128.459	117.916	105.485	111.329	100.789	116.381	105.676	109.092
34403_at	237.848	252.115	218.474	214.169	248.769	262.231	264.481	251.945
34404_at	233.982	251.189	247.493	241.536	242.528	253.187	243.473	239.744
34405_at	320.3	308.398	323.575	310.352	320.691	319.319	289.743	318.387
34406_at	169.182	169.245	179.602	183.842	186.218	173.646	173.71	177.643
34407_at	1964.174	2212.349	2272.567	2296.895	2154.229	2000.964	2106.925	2049.601
34408_at	191.999	205.689	196.511	193.71	179.653	194.958	179.676	182.05
34409_at	334.455	331.169	319.325	339.12	351.288	338.713	339.023	346.568
34410_at	142.686	149.162	148.857	135.718	126.235	137.685	142.828	142.924
34411_at	226.458	245.417	212.883	219.624	207.888	206.218	201.632	217.499
34412_s_at	194.909	178.778	190.749	177.864	203.17	182.354	189.405	174.134
34413_at	213.861	228.836	227.387	222.274	222.828	217.03	255.978	229.207
34414_at	31.919	30.598	26.964	35.464	36.722	35.568	42.162	33.908
34774_at	76.72	92.052	79.813	80.516	87.135	78.2	75.215	75.56
34775_at	185.63	183.14	172.604	173.236	162.04	162.286	180.977	163.927
34776_at	226.209	243.447	225.647	245.195	243.334	231.455	261.396	230.673
34777_at	52.451	64.661	53.099	54.727	57.952	60.507	51.815	52.724
34778_at	106.947	99.869	108.87	101.901	91.813	94.667	106.881	93.764
34779_at	173.148	176.531	200.47	176.184	183.634	185.382	197.655	192.258
34780_at	478.247	472.124	487.841	493.718	517.804	462.602	498.903	444.903
34781_at	66.57	81.132	71.577	79.215	76.949	70.905	69.185	66.981
34782_at	234.266	232.504	238.653	231.439	239.957	232.212	227.778	202.005
34783_s_at	203.281	214.716	231.453	234.79	229.886	218.353	211.599	191.343
34784_at	388.965	404.82	417.703	401.076	396.453	379.993	382.12	364.739
34785_at	61.661	74.704	65.943	63.927	72.893	67.304	71.533	67.465
34786_at	44.521	50.655	47.997	57.385	55.908	54.808	52.518	55.416
34787_at	303.152	349.084	328.965	342.882	298.824	315.203	332.539	313.532
34788_at	189.886	184.253	184.144	160.348	192.333	191.34	194.31	203.108
34789_at	571.078	541.592	526.005	540.852	572.807	589.028	548.462	603.061
34790_at	95.5	88.959	84.311	81.592	87.34	94.944	84.898	90.555
34791_at	165.157	161.055	164.132	163.139	169.909	165.717	164.962	184.085
34792_at	333.68	341.938	293.855	363.466	362.922	352.746	383.742	352.688
34793_s_at	94.253	103.776	88.954	82.829	86.513	91.143	87.122	95.026
34794_r_at	9.918	8.234	10.645	12.372	11.816	11.334	15.294	14.216
34795_at	91.113	93.326	86.798	95.728	98.781	93.271	90.465	95.745
34796_at	197.782	226.982	187.468	198.081	189.135	203.223	199.092	185.861
34797_at	87.549	97.96	76.758	83.875	86.766	83.859	77.304	83.729
34798_at	116.023	115.353	103.724	106.925	103.654	104.683	105.588	110.927
34799_at	159.56	151.263	139.704	145.996	141.974	153.842	149.987	145.981
34800_at	229.784	229.463	193.824	210.827	215.777	199.535	212.353	204.699
34801_at	117.417	125.975	115.72	112.923	121.021	118.255	100.968	125.432
34802_at	228.434	235.271	228.093	234.812	210.323	223.66	241.458	231.163
34803_at	164.376	166.458	170.983	174.463	168.596	161.172	169.248	169.966
34804_at	268.622	262.929	259.861	252.573	243.603	254.331	229.836	251.764
34805_at	95.856	98.043	96.321	101.401	109.799	94.899	97.713	100.1
34806_at	154.833	144.988	148.443	157.463	157.022	148.553	155.941	148.948
34807_at	71.669	85.387	84.829	92.675	81.913	80.066	89.874	81.251
34808_at	138.33	147.299	141.266	141.127	138.489	141.255	148.316	137.916
34809_at	75.535	72.679	77.663	71.706	74.429	76.87	74.694	77.948
34810_at	442.98	442.268	442.142	425.383	449.759	449.36	479.821	454.133
34811_at	221.17	263.526	237.199	264.837	244.691	225.901	259.449	229.909
34812_at	101.189	112.859	96.787	109.496	112.458	99.166	98.213	95.019
34813_at	64.329	70.245	64.924	69.803	60.846	63.775	73.6	63.198
34814_at	217.335	257.22	248.726	243.242	242.891	257.404	242.857	244.377
34815_at	28.609	25.593	27.383	27.493	27.328	33.253	30.398	29.242
34816_at	42.392	38.905	33.92	36.459	35.832	32.045	39.375	37.208
34817_s_at	79.038	80.484	82.448	80.381	76.59	78.956	81.109	86.326
34818_at	142.156	159.367	149.429	162.831	154.941	157.334	157.768	137.907
34819_at	328.563	394.136	294.165	366.866	311.461	301.911	344.376	303.612
34820_at	68.461	73.947	88.678	100.086	84.054	71.992	93.84	81.129
34821_at	76.995	90.675	78.27	90.204	81.914	77.597	80.579	78.834
34822_at	57.583	64.985	56.982	61.699	52.802	52.616	55.807	53.391
34823_at	40.35	41.013	34.776	31.939	37.646	35.248	33.314	33.802
34824_at	39.98	37.676	29.781	36.064	36.155	39.719	38.579	36.643
34825_at	55.449	70.025	56.861	68.487	59.523	55.874	66.41	56.496
34826_at	295.434	341.966	348.396	362.409	332.083	312.631	320.488	314.844
34827_at	241.209	269.401	276.039	282.816	248.133	262.91	283.793	251.627
34828_at	191.782	184.793	171.931	177.078	177.096	178.163	168.209	188.479
34829_at	470.035	391.991	439.875	383.914	475.616	450.398	458.509	511.111
34830_at	298.552	241.329	243.969	220.986	239.258	242.206	259.618	272.754
34831_at	124.279	102.43	98.472	100.153	106.848	109.264	120.966	127.374
34832_s_at	253.499	229.183	218.617	232.742	238.168	243.423	221.677	258.162
34833_at	127.428	133.244	118.786	123.243	133.254	134.63	142.838	133.791
34834_at	154.686	143.246	155.251	151.217	161.07	153.492	146.267	173.66
34835_at	377.345	364.203	355.705	359.241	368.529	369.312	372.325	405.289
34836_at	283.032	270.142	262.275	256.119	279.596	290.535	252.657	293.047
34837_at	114.299	118.64	112.452	117.064	118.52	112.88	111.123	111.95
34838_at	85.508	81.573	78.543	67.782	90.333	88.611	69.873	85.697
34839_at	94.905	85.622	92.382	93.348	98.683	95.022	88.751	93.159
34840_at	42.243	46.731	38.138	43.743	37.808	41.705	39.821	37.739
34841_at	494.626	568.069	527.082	546.77	493.373	484.664	503.314	503.681
34842_at	367.417	424.262	365.197	398.081	362.09	346.532	374.431	357.959
34843_at	55.328	60.876	57.01	59.214	56.435	65.419	55.982	58.468
34844_at	50.707	50.936	48.66	50.481	52.95	45.746	45.447	48.953
34845_at	113.186	132.959	120.839	127.877	121.019	125.485	129.658	128.206
34846_at	345.342	302.99	306.629	317.823	307.574	293.403	322.4	307.05
34847_s_at	134.8	121.422	119.584	114.814	128.789	129.141	114.076	108.26
34848_at	63.406	73.158	69.137	74.618	61.339	68.975	66.569	68.467
34849_at	212.76	236.793	217.888	237.981	218.634	200.942	226.246	225.934
34850_at	242.502	231.633	241.185	227.622	248.52	229.542	240.548	231.165
34851_at	73.72	68.165	70.239	67.581	66.131	70.493	71.525	71.809
34852_g_at	34.734	34.12	37.52	31.819	36.279	38.574	37.721	34.28
34853_at	178.611	191.087	190.118	200.075	172.217	183.898	215.382	183.508
34854_at	96.803	94.809	101.961	93.905	104.449	101.44	97.955	99.846
34855_at	78.538	76.113	78.239	73.095	78.703	76.023	77.251	72.965
34856_at	112.104	113.306	114.282	122.036	118.361	108.286	106.221	104.041
34857_at	96.68	111.045	102.445	109.609	105.48	105.923	101.996	111.087
34858_at	129.962	133.667	140.442	145.669	138.019	130.304	138.18	131.134
34859_at	171.975	189.365	182.23	187.461	171.15	172.421	191.149	175.852
34860_g_at	295.217	327.893	300.78	321.087	312.436	313.696	331.692	306.29
34861_at	419.132	434.418	446.383	443.577	468.686	420.552	458.388	436.104
34862_at	42.913	48.277	50.759	55.103	51.138	45.614	47.124	45.147
34863_s_at	57.157	63.279	60.121	61.457	67.399	60.779	74.353	62.234
34864_at	368.856	363.979	389.088	367.634	407.781	395.209	388.182	403.961
34865_at	212.077	257.281	243.435	251.164	244.166	238.765	225.343	242.141
34866_at	156.828	152.772	151.538	144.43	148.411	146.664	141.47	140.927
34867_at	116.888	117.594	96.236	96.809	101.932	109.848	108.184	125.673
34868_at	103.003	97.376	98.221	88.436	101.003	101.665	92.408	98.871
34869_at	176.719	164.933	166.884	153.04	169.51	168.787	148.752	178.748
34870_at	62.068	60.976	59.916	71.852	60.549	62.911	70.547	68.128
34871_at	381.243	394.243	377.005	372.329	376.759	391.691	346.309	409.594
34872_at	121.953	100.369	97.219	99.934	120.354	104.018	114.963	113.95
34873_at	203.616	173.299	174.673	174.909	180.265	180.913	188.443	193.458
34874_at	74.703	77.3	60.925	75.315	79.623	77.929	71.169	76.898
34875_r_at	18.956	20.898	18.578	21.711	19.374	23.859	17.19	19.33
34876_at	109.654	95.764	88.928	96.184	117.119	108.916	104.486	112.782
34877_at	394.63	431.055	413.551	440.143	410.164	401.87	410.545	426.906
34878_at	37.354	29.435	30.687	23.395	30.04	25	30.065	29.95
34879_at	72.232	80.716	65.941	69.458	64.723	69.818	72.321	66.517
34880_at	57.239	57.372	56.502	53.77	57.508	52.768	55.615	52.298
34881_at	187.016	194.028	199.655	181.968	197.987	200.407	179.64	201.841
34882_at	198.725	194.515	186.035	198.594	169.806	186.746	188.268	184.036
34883_at	89.533	96.605	92.843	112.685	114.079	107.79	113.945	99.683
34884_at	64.2	68.578	75.977	78.713	70.079	75.568	75.877	72.36
34885_at	1330.49	1262.883	1280.358	1274.733	1364.23	1291.332	1352.559	1325.778
34886_at	76.754	85.826	78.408	75.731	79.941	81.034	88.044	89.889
34887_at	94.602	113.726	80.05	104.009	107.352	111.723	101.354	99.805
34888_at	108.783	123.194	126.022	128.179	116.406	111.559	136.039	109.076
34889_at	75.21	86.21	78.333	78.055	83.019	77.419	79.902	82.017
34890_at	29.052	22.353	26.071	27.144	25.718	28.578	29.728	32.87
34891_at	465.501	538.591	437.489	506.041	464.354	422.932	461.893	411.657
34892_at	134.382	151.73	147.186	147.27	139.07	136.983	143.685	139.851
34893_at	89.849	100.19	108.976	100.469	92.589	93.938	94.138	90.328
35254_at	255.423	244.262	229.582	237.412	249.642	239.091	272.727	248.912
35255_at	113.531	136.8	127.708	131.57	121.604	112.384	133.377	115.362
35256_at	152.262	136.233	134.871	134.206	138.065	143.539	133.76	123.31
35257_at	46.039	54.433	44.95	43.845	43.197	44.041	41.176	39.832
35258_f_at	48.192	43.274	55.602	49.832	43.893	47.691	44.064	45.344
35259_s_at	20.541	21.77	15.985	21.159	16.437	16.942	20.156	13.252
35260_at	275.846	288.523	295.87	285.328	269.116	264.344	266.62	243.856
35261_at	120.956	112.45	126.363	129.195	123.973	115.383	119.975	123.044
35262_at	579.12	581.722	547.753	579.83	619.26	558.763	549.24	547.477
35263_at	162.66	174.727	164.536	178.082	174.57	167.625	168.83	167.497
35264_at	182.87	197.381	189.06	194.885	191.731	187.679	185.685	198.282
35265_at	151.711	156.652	168.603	175.037	165.718	152.244	165.428	150.4
35266_at	135.81	145.7	142.714	141.242	156.197	146.443	137.941	149.851
35267_g_at	87.103	106.106	88.444	99.948	106.754	96.744	84.735	100.196
35268_at	67.684	81.075	69.731	66.62	65.494	71.284	70.642	64.79
35269_at	488.77	461.463	450.396	393.628	436.634	445.505	436.054	453.952
35270_at	540.567	545.946	501.86	529.581	539.406	513.654	590.724	544.312
35271_at	182.538	181.36	176.624	172.421	161.961	161.116	172.335	174.172
35272_at	159.291	152.769	146.255	149.315	143.753	144.203	154.336	157.802
35273_at	174.84	155.211	168.713	158.451	174.809	164.872	171.326	159.124
35274_at	94.487	78.773	79.501	77.423	85.575	89.087	89.256	88.447
35275_at	395.366	377.622	373.157	384.773	402.373	388.385	397.027	415.54
35276_at	818.533	824.596	726.674	771.002	820.145	745.643	709.232	815.231
35277_at	62.236	55.832	51.678	50.217	57.49	53.425	51.667	58.365
35278_at	4247.901	4367.263	4138.066	4344.236	4350.396	4505.753	4185.812	4296.226
35279_at	256.357	296.729	279.644	283.34	255.317	249.122	300.734	281.299
35280_at	110.226	97.749	103.936	105.061	105.942	109.483	91.511	110.168
35281_at	20.931	17.215	20.476	19	18.316	21.373	18.563	23.071
35282_r_at	2815.33	2756.773	3015.246	2923.734	3002.022	2993.375	3171.523	2747.392
35283_at	216.5	220.42	215.104	198.015	212.238	221.251	214.055	226.774
35284_f_at	80.377	82.905	80.153	86.979	82.56	78.172	85.332	79.62
35285_at	639.294	681.213	627.565	669.38	630.035	605.926	622.905	590.52
35286_r_at	67.615	94.427	94.897	104.667	100.411	90.11	70.313	90.506
35287_at	106.486	109.617	103.94	101.364	94.92	99.458	111.172	102.487
35288_at	23.921	21.856	17.469	17.434	15.125	22.623	13.458	20.834
35289_at	124.45	141.989	125.069	130.04	136.628	132.077	133.373	134.406
35290_at	43.095	45.351	41.586	38.218	43.988	42.302	42.922	37.781
35291_at	59.742	40.734	52.651	44.935	58.883	58.882	59.302	54.621
35292_at	365.401	450.943	393.692	420.619	388.097	417.72	431.519	405.083
35293_at	39.144	42.158	43.473	44.721	47.024	41.679	44.769	45.138
35294_at	54.664	56.54	50.138	53.325	53.966	55.796	49.552	51.149
35295_g_at	132.674	123.474	140.112	113.82	122.57	136.766	125.615	130.525
35296_at	42.782	54.78	50.094	44.725	52.581	48.165	37.598	48.176
35297_at	312.182	365.324	348.939	375.944	344.632	326.346	337.947	348.515
35298_at	304.686	366.362	337.445	364.232	317.868	323.279	339.032	329.679
35299_at	289.805	336.834	317.255	333.527	304.315	314.6	332.262	302.262
35300_at	168.781	179.555	171.364	180.455	165.723	174.96	180.166	160.531
35301_at	323.116	323.193	337.589	381.803	278.888	293.994	236.689	261.598
35302_at	453.013	462.851	486.389	478.03	467.559	477.104	555.907	444.612
35303_at	172.904	184.223	176.623	176.996	159.928	175.664	177.63	168.528
35304_at	106.139	107.426	108.198	116.695	123.204	111.096	108.025	107.5
35305_at	270.353	319.46	294.287	315.363	276.339	287.839	294.271	268.029
35306_at	82.978	102.126	90.461	93.695	84.494	77.071	81.658	80.039
35307_at	357.727	378.004	350.226	415.084	347.029	327.079	402.969	359.252
35308_at	195.387	199.212	196.412	200.74	213.618	208.941	216.129	217.44
35309_at	392.589	363.177	336.351	327.489	406.955	374.66	319.769	350.13
35310_at	114.36	119.409	106.455	118.422	110.708	111.822	125.992	106.791
35311_at	104.989	120.354	93.899	102.942	98.456	97.304	107.351	100.519
35312_at	364.426	307.717	305.865	294.047	345.014	360.978	290.668	348.921
35313_at	587.914	514.865	537.435	509.148	542.391	537.57	482.502	571.513
35314_at	45.84	42.742	40.871	44.215	49.003	47.142	46.258	52.144
35315_at	42.261	37.762	35.948	35.356	40.709	35.812	38.934	37.136
35316_at	188.723	216.032	207.928	220.628	182.432	204.31	218.867	187.228
35317_at	64.447	77.747	63.352	65.758	60.876	67.546	69.283	65.906
35318_at	212.181	237.167	267.739	246.884	251.672	233.467	238.058	246.254
35319_at	84.097	88.831	76.816	92.641	84.48	80.238	81.702	87.116
35320_at	248.064	258.596	250.909	263.547	273.803	269.891	267.581	257.871
35321_at	62.377	59.974	58.756	60.202	58.35	60.472	61.015	52.373
35322_at	119.872	117.366	124.029	119.761	132.211	122.011	142.172	121.904
35323_at	403.112	408.81	415.293	405.073	425.4	422.961	410.028	437.798
35324_at	47.976	54.341	53.943	50.298	54.249	57.768	58.495	50.512
35325_at	84.618	102.187	96.132	93.541	91.186	87.967	86.979	88.599
35326_at	140.517	137.731	124.672	133.896	134.111	138.15	134.553	135.305
35327_at	248.731	283.241	267.427	277.218	261.046	249.475	299.935	266.692
35328_at	75.992	65.315	79.073	68.48	79.87	73.517	79.387	67.998
35329_at	212.578	208.106	200.018	203.463	225.954	216.35	221.674	207.27
35330_at	215.374	221.865	218.735	219.454	217.11	200.413	230.062	200.418
35331_at	74.385	78.595	79.384	86.202	76.932	79.347	82.821	77.301
35332_at	55.08	56.577	56.235	49.937	51.185	54.097	51.087	48.787
35333_r_at	18.191	20.484	22.394	17.807	14.625	15.266	18.993	18.117
35334_at	85.028	84.873	99.463	95.467	100.075	89.568	75.892	79.566
35335_at	151.479	142.113	140.066	145.836	158.069	150.17	157.626	152.616
35336_at	336.183	353.586	346.635	360.18	333.385	336.453	359.939	353.683
35337_at	490.271	466.703	494.263	486.906	508.768	498.916	446.724	492.475
35338_at	202.921	198.277	213.181	208.857	199.291	211.46	208.329	209.38
35339_at	59.641	56.62	72.35	66.109	60.318	53.595	54.856	54.698
35340_at	71.157	75.586	72.49	81.597	75.426	72.29	84.422	75.729
35341_at	38.059	47.187	47.513	48.559	40.014	41.533	47.841	51.527
35342_at	144.515	149.729	141.842	140.003	160.076	148.28	142.268	152.072
35343_at	209.695	214.063	207.722	226.518	191.766	216.185	201.581	179.473
35344_at	33.459	42.854	39.559	42.769	49.146	40.843	36.711	35.031
35345_at	123.093	137.195	122.126	133.659	132.077	120.976	130.851	117.929
35346_at	83.804	86.125	77.993	85.168	104.943	92.236	81.604	88.247
35347_at	171.251	169.401	176.932	177.602	181.335	174.68	147.798	174.062
35348_at	30.126	27.476	22.451	22.867	27.597	30.325	28.353	31.554
35349_at	193.439	176.87	155.462	161	177.955	175.009	169.763	197.556
35350_at	158.936	150.09	156.975	148.4	146.267	152.754	129.114	166.587
35351_at	233.089	240.19	247.769	237.442	215.664	230.808	243.478	238.846
35352_at	38.485	35.969	32.459	34.892	37.111	41.78	37.621	39.657
35353_at	54.4	58.223	45.515	49.578	50.802	50.715	49.05	58.059
35354_at	264.838	271.678	258.06	248.507	250.298	270.342	254.157	269.982
35355_at	385.187	343.165	326.299	346.325	356.109	354.448	313.84	363.152
35356_at	85.708	91.557	92.693	102.375	92.972	79.912	97.144	90.627
35357_at	119.321	124.152	129.2	129.489	118.553	127.836	128.154	126.308
35358_at	74.775	71.224	78.62	73.457	75.936	77.628	81.565	72.91
35359_at	285.524	272.87	293.39	279.512	262.8	285.444	274.913	284.658
35360_at	411.624	391.474	364.219	393.172	398.295	402.726	396.393	408.045
35361_at	422.075	416.405	434.666	418.278	498.873	463.688	399.603	420.784
35362_at	75.667	75.298	65.243	79.211	62.387	72.93	70.252	82.008
35363_at	896.95	1028.628	1010.123	1005.892	993.485	972.746	1044.745	974.892
35364_at	103.835	122.603	101.448	129.3	115.55	110.316	120.1	111.6
35365_at	252.537	268.994	254.261	256.133	253.543	271.567	252.164	259.789
35366_at	75.04	80.791	72.57	77.46	76.969	77.064	80.093	76.519
35367_at	170.261	166.025	177.578	199.506	192.824	167.348	207.508	188.5
35368_at	86.054	86.83	83.474	78.578	73.778	81.45	80.743	87.63
35369_at	338.512	370.277	391.822	373.792	354.714	369.861	306.825	358.036
35370_at	44.283	48.748	44.205	42.036	46.383	45.354	44.293	48.467
35371_at	92.018	96.011	87.582	93.8	83.962	93.595	91.877	90.91
35372_r_at	38.967	37.408	38.972	35.72	37.64	37.816	34.086	37.327
35373_at	36.833	32.875	39.598	30.707	37.862	38.604	32.65	40.224
35733_at	112.959	125.396	118.936	120.474	107.404	115.401	122.267	109.874
35734_at	58.473	67.761	60.694	61.694	62.12	62.447	54.564	56.005
35735_at	44.889	35.443	40.775	39.306	40.775	40.571	38.383	40.004
35736_at	520.195	524.005	564.809	549.122	609.056	592.433	517.764	575.298
35737_at	155.979	145.286	156.874	143.522	145.795	149.279	134.31	153.285
35738_at	52.043	59.41	52.471	53.895	54.02	48.748	53.833	53.659
35739_at	62.334	80.983	70.092	77.39	71.316	73.2	75.561	70.408
35740_at	113.691	117.522	132.616	125.715	115.977	113.287	132.675	112.074
35741_at	235.79	227.947	242.195	265.51	242.546	232.939	207.765	216.238
35742_at	63.408	69.812	67.642	68.572	62.735	62.874	63.699	61.955
35743_at	125.944	135.72	129.856	140.403	133.09	128.358	136.971	127.774
35744_at	260.873	269.977	267.246	272.765	272.952	282.252	272.048	279.143
35745_f_at	251.967	320.208	282.308	307.791	280.238	286.23	288.062	275.715
35746_r_at	552.092	586.92	552.628	530.724	543.602	535.792	551.364	588.596
35747_at	477.032	560.681	494.49	523.12	480.174	496.833	496.163	509.637
35748_at	1550.256	1572.797	1531.934	1544.438	1633.075	1564.19	1577.715	1680.046
35749_at	225.977	226.128	220.111	210.884	214.064	230.22	240.495	230.161
35750_at	206.096	230.226	213.402	225.415	217.982	219.285	228.153	253.155
35751_at	220.399	248.489	227.126	240.569	236.642	238.266	232.51	230.694
35752_s_at	26.824	26.446	25.403	25.186	29.092	25.334	23.267	31.406
35753_at	378.302	353.191	324.904	341.845	355.467	351.765	336.463	368.32
35754_at	1012.389	1069.815	1118.302	1122.25	1057.813	1056.901	1117.919	1030.395
35755_at	371.062	352.636	355.32	356.605	384.085	371.838	369.599	394.705
35756_at	180.512	192.879	172.839	177.593	178.913	183.096	182.758	185.526
35757_at	29.791	27.614	28.935	20.765	32.239	34.832	31.745	43.203
35758_at	222.598	226.179	202.262	208.365	215.473	214.573	211.832	232.819
35759_at	429.023	432.542	420.552	435.197	423.25	418.246	472.236	444.808
35760_at	284.677	308.332	288.351	311.23	281.151	294.423	318.226	292.584
35761_at	127.844	149.572	130.377	145.896	128.693	126.952	137.348	128.857
35762_at	260.676	212.273	211.756	215.456	239.695	238.772	231.472	247.8
35763_at	126.404	128.631	120.142	116.821	118.557	120.308	119.271	117.625
35764_at	71.56	82.747	76.682	79.929	70.886	71.206	76.096	75.381
35765_at	337.002	349.454	343.764	355.22	367.088	362.872	360.628	350.315
35766_at	293.154	330.5	303.854	326.658	297.073	296.654	364.675	314.257
35767_at	164.185	190.273	167.65	180.49	158.257	161.448	168.541	168.169
35768_at	158.78	144.741	157.541	137.213	162.179	151.954	157.343	153.916
35769_at	287.195	313.521	286.54	297.066	283.991	290.079	291.94	288.927
35770_at	327.828	374.491	351.949	375.983	336.062	329.369	365.798	325.547
35771_at	72.688	72.115	80.386	70.393	65.349	75.807	68.721	67.7
35772_at	54.747	54.612	54.315	49.244	50.856	50.427	46.819	54.417
35773_i_at	219.551	203.326	226.015	212.746	192.466	207.944	249.923	209.148
35774_r_at	645.119	660.056	626.492	639.107	639.428	607.112	688.334	587.978
35775_at	21.039	22.612	23.793	24.263	20.663	21.684	18.618	24.498
35776_at	170.809	153.34	162.755	151.642	180.227	177.895	169.056	181.803
35777_at	222.398	235.259	247.197	260.303	236.264	245.535	230.765	230.182
35778_at	63.555	52.501	57.519	55.421	63.523	58.855	54.58	63.192
35779_at	146.346	138.341	143.433	143.601	162.349	152.884	148.371	147.531
35780_at	319.13	366.288	379.489	380.64	347.349	341.209	369	330.117
35781_g_at	270.265	292.966	283.853	289.343	268.768	268.716	289.04	268.247
35782_at	245.755	248.979	236.953	253.513	268.768	235.805	225.316	236.577
35783_at	240.308	254.691	268.991	273.241	263.758	242.776	241.559	229.488
35784_at	54.791	55.645	53.746	54.343	51.014	53.548	47.662	44.284
35785_at	191.628	207.7	192.33	232.813	210.738	196.495	190.024	192.58
35786_at	252.983	262.57	234.833	243.822	257.858	250.462	200.858	255.152
35787_at	276.46	284.782	271.819	283.696	274.62	277.512	280.553	292.867
35788_at	107.026	98.896	96.476	96.988	100.259	100.748	92.683	97.251
35789_at	277.936	224.541	250.019	240.961	273.538	249.459	271.916	258.053
35790_at	93.594	111.42	97.52	103.666	101.703	85.678	106.153	94.642
35791_at	301.666	286.657	267.244	279.214	301.844	293.379	303.624	290.529
35792_at	92.383	93.071	91.929	99.652	89.868	86.881	104.296	95.651
35793_at	84.068	99.826	75.18	79.624	72.115	81.315	71.733	73.74
35794_at	30.22	32.771	30.807	30.95	31.511	33.457	31.916	30.248
35795_at	393.423	323.535	441.39	344.043	464.594	418.384	387.429	423.915
35796_at	178.171	189.063	172.265	198.484	184.466	181.791	178.971	184.676
35797_at	29.105	28.506	27.469	25.752	29.95	31.703	24.611	31.574
35798_at	558.293	480.547	525.927	509.606	591.159	563.725	546.127	575.944
35799_at	62.234	72.815	60.645	64.404	64.625	63.997	65.199	69.061
35800_at	174.483	169.225	166.703	165.313	167.535	172.921	166.485	165.266
35801_at	238.848	270.893	239.781	277.999	259.958	238.096	260.46	245.423
35802_at	126.765	156.464	144.368	147.391	128.479	139.682	146.672	146.032
35803_at	29.586	25.976	31.389	26.807	26.32	29.982	29.004	29.575
35804_at	42.675	38.006	31.527	43.159	45.38	40.407	42.09	48.063
35805_at	278.17	276.486	292.36	294.804	306.535	293.673	262.055	293.991
35806_at	117.022	102.083	98.958	109.07	99.645	103.147	115.577	103.65
35807_at	878.847	944.557	837.831	832.312	943.125	865.99	882.626	832.031
35808_at	195.775	232.692	215.215	241.244	219.014	206.611	210.21	212.156
35809_g_at	314.821	372.248	344.934	384.333	311.043	325.654	320.427	297.762
35810_at	85.559	95.349	87.155	85.524	82.728	80.855	83.294	73.431
35811_at	73.154	77.489	66.258	74.308	63.17	66.679	62.32	64.284
35812_at	346.017	343.083	337.771	357.576	322.048	329.615	327.353	308.661
35813_at	176.243	177.983	164.347	175.482	182.675	175.65	172.191	162.631
35814_at	275.351	316.553	281.328	298.488	300.013	269.215	312.118	296.576
35815_at	155.785	148.061	156.13	148.103	156.521	160.165	138.384	150.242
35816_at	259.236	290.012	294.073	301.957	320.063	277.357	286.847	292.395
35817_at	91.782	64.538	69.711	83.79	96.56	74.8	79.017	59.753
35818_at	145.185	178.071	127.268	149.51	138.87	138.333	146.652	136.795
35819_at	148.108	182.065	169.735	182.102	172.253	168.508	184.592	167.316
35820_at	184.801	194.163	182.777	185.665	201.492	186.86	195.395	191.347
35821_at	74.03	80.16	74.329	80.172	69.422	78.455	68.933	65.315
35822_at	236.494	272.612	271.781	272.951	222.123	231.731	242.711	208.116
35823_at	649.102	764.03	783.022	782.366	770.637	721.232	758.175	734.799
35824_at	68.216	80.8	64.01	62.786	64.952	70.005	63.032	65.847
35825_s_at	31.007	26.995	20.696	30.824	26.91	27.517	27.406	25.611
35826_at	301.22	268.432	275.72	263.014	305.992	299.328	273.863	314.056
35827_at	183.367	204.709	175.657	196.502	186.812	194.845	170.395	204.507
35828_at	571.377	497.333	496.258	486.274	525.168	533.768	510.277	568.924
35829_at	77.965	95.298	85.611	86.193	81.338	82.546	80.823	80.718
35830_at	341.701	339.95	316.511	330.368	364.989	352.101	322.585	377.287
35831_at	159.358	154.168	145.72	140.039	151.42	155.838	146.168	166.473
35832_at	86.829	73.638	84.508	75.13	93.031	96.268	72.02	97.37
35833_at	93.579	96.826	88.87	92.698	103.238	94.285	94.351	104.109
35834_at	433.979	502.984	441.453	455.911	456.037	441.892	485.209	463.296
35835_at	558.285	566.209	566.129	546.306	567.422	550.545	501.835	578.361
35836_at	173.37	185.17	175.385	179.213	173.073	171.916	181.632	175.172
35837_at	48.042	46.622	42.859	40.213	45.462	41.475	38.236	41.728
35838_at	81.496	75.874	75.314	81.071	73.386	80.079	76	76.179
35839_at	92.734	85.761	74.758	82.224	95.048	95.808	76.326	88.104
35840_at	276.764	291.358	285.068	299.552	261.633	268.659	266.288	261.589
35841_at	601.198	670.096	632.545	674.211	564.784	552.323	660.931	604.543
35842_at	203.233	205.082	174.781	186.957	172.874	179.753	172.118	176.469
35843_at	215.04	210.084	190.461	188.175	182.164	199.158	190.195	203.632
35844_at	174.725	181.123	170.099	183.811	172.598	169.808	181.08	169.215
35845_at	96.077	109.337	95.311	110.854	94.627	97.272	105.106	100.344
35846_at	138.049	135.825	130.46	128.442	143.033	140.006	131.93	133.921
35847_at	146.286	147.198	121.498	139.556	155.399	139.623	139.786	133.254
35848_at	100.552	123.789	111.257	115.277	113.365	109.532	121.773	109.541
35849_at	120.248	111.029	124.064	116.773	130.732	127.29	119.532	116.839
35850_at	342.391	379.411	351.603	358.718	380.843	354.771	334.832	344.681
35851_g_at	75.336	80.327	72.252	74.396	80.09	75.141	74.618	73.996
35852_at	131.133	143.307	142.892	132.774	133.663	131.446	127.65	137.852
36093_at	69.528	79.525	71.122	69.648	74.179	76.044	75.358	71.934
36094_at	497.063	484.929	452.127	481.679	553.208	481.259	501.168	478.526
36095_at	125.601	123.789	135.892	127.912	136.91	114.734	134.847	122.109
36096_at	76.72	82.347	78.615	81.522	78.313	77.991	75.114	79.585
36097_at	279.337	340.955	288.305	334.167	295.793	296.227	326.623	281.805
36098_at	89.911	121.176	103.229	114.839	100.503	94.518	97.87	86.39
36099_at	37.487	45.025	40.091	46.787	37.418	42.782	45.339	35.791
36100_at	462.134	521.523	470.629	515.518	488.843	493.851	452.115	458.462
36101_s_at	87.798	108.765	81.345	104.636	93.545	89.906	89.922	88.908
36102_at	294.991	330.071	309.608	330.065	311.926	318.292	325.968	316.855
36103_at	85.02	90.318	89.151	87.103	99.491	88.607	90.499	87.49
36104_at	136.785	170.067	142.016	159.776	142.248	144.586	135.862	129.98
36105_at	60.211	52.351	55.267	54.41	63.788	59.63	58.002	53.24
36106_at	138.477	118.81	112.064	114.134	121.101	115.158	113.09	124.234
36107_at	350.357	370.423	400.804	380.219	341.354	346.435	375.18	340.238
36108_at	94.49	86.096	82.228	89.618	96.168	95.948	89.114	100.085
36109_at	92.601	84.504	102.234	106.665	94.357	96.043	111.587	93.448
36110_at	146.823	139.971	136.32	140.035	141.757	139.256	141.635	151.233
36111_s_at	412.003	449.631	433.745	422.077	416.199	425.975	441.168	423.888
36112_r_at	126.992	134.869	111.134	116.044	110.649	113.583	99.59	117.356
36113_s_at	58.637	60.255	53.57	54.112	63.843	58.327	57.229	58.93
36114_r_at	1842.295	1704.824	1759.802	1688.416	1772.184	1853.878	1637.364	1837.325
36115_at	65.647	62.234	62.932	60.56	59.334	65.391	64.28	67.915
36116_at	102.209	104.805	117.733	121.709	115.187	116.719	108.284	103.042
36117_at	129.405	135.773	130.359	145.613	142.078	132.874	134.48	128.119
36118_at	147.746	165.443	161.24	167.253	149.603	146.837	153.684	140.375
36119_at	144.344	149.52	134.914	133.93	139.276	148.905	126.03	143.497
36120_at	161.299	150.037	164.621	160.953	143.51	147.6	171.892	158.319
36121_at	461.682	467.983	457.501	440.263	416.785	475.638	419.163	446.386
36122_at	325.782	381.14	360.907	359.979	340.649	333.464	379.417	352.078
36123_at	286.535	298.406	304.438	291.532	314.341	286.865	325.803	295.233
36124_at	190.837	214.229	212.833	217.731	193.619	194.667	209.586	198.711
36125_s_at	49.98	60.038	53.756	54.829	49.978	48.14	55.332	53.338
36126_at	139.378	149.985	150.679	151.502	155.578	150.354	153.604	152.521
36127_g_at	204.11	250.165	217.632	246.839	220.737	228.108	212.708	234.545
36128_at	769.108	915.009	789.453	832.147	755.228	744.606	818.837	733.569
36129_at	436.951	457.315	434.511	454.498	425.86	421.627	418.539	393.24
36130_f_at	2284.987	2512.322	2553.693	2595.926	2338.434	2371.729	2575.251	2351.583
36131_at	334.848	344.545	336.374	351.569	362.257	322.467	299.969	328.823
36132_at	332.092	363.403	363.212	380.612	374.616	328.881	403.48	371.186
36133_at	203.599	255.6	219.994	247.374	230.627	243.408	217.004	239.873
36134_at	121.391	114.21	109.204	106.732	126.751	123.383	95.61	118.305
36135_at	174.356	190.561	167.049	186.424	174.392	162.429	169.975	167.859
36136_at	167.183	158.802	146.973	157.289	176.401	158.963	171.729	157.651
36137_at	373.89	407.674	369.342	388.737	410.496	391.776	377.677	415.012
36138_at	372.596	449.27	453.8	440.825	423.379	423.452	426.542	427.03
36139_at	227.662	235.032	230.919	243.749	255.06	227.329	238.041	233.291
36140_at	72.978	91.363	65.063	71.385	69.012	72.104	68.005	65.384
36141_at	13585.044	14180.39	14294.858	14199.451	14347.229	13876.129	13532.844	13445.25
36142_at	50.199	51.889	50.529	53.691	54.301	58.828	56.494	54.3
36143_at	29.516	32.513	32.112	36.964	27.632	25.173	25.63	28.581
36144_at	80.33	73.89	88.247	66.38	106.403	91.309	74.862	85.894
36145_at	230.451	224.236	219.567	220.757	229.244	223.149	223.961	234.298
36146_at	234.849	263.336	224.285	237.957	215.853	206.446	212.981	194.091
36147_at	1001.437	1033.127	976.843	1020.899	994.076	974.523	1015.815	1017.227
36148_at	474.429	466.925	475.437	466.848	558.216	520.44	554.656	566.988
36149_at	71.974	57.118	57.342	55.667	67.003	68.764	62.299	66.279
36150_at	227.273	215.068	218.569	220	219.892	226.845	206.32	240.212
36151_at	366.489	345.851	348.727	319.709	395.294	353.526	354.04	391.534
36152_at	558.45	494.633	507.322	495.102	539.112	517.546	552.777	526.986
36153_at	143.403	160.664	128.755	139.573	134.089	135.831	132.394	134.485
36154_at	258.557	261.32	238.405	241.723	233.296	248.356	242.918	237.647
36155_at	158.869	155.549	163.49	147.713	161.418	158.217	155.147	150.533
36156_at	1312.147	1274.805	1310.184	1257.315	1439.531	1408.342	1303.291	1471.997
36157_at	10.697	9.005	9.275	8.989	8.418	12.061	7.595	9.211
36158_at	140.379	142.661	138.474	130.448	135.665	137.9	135.965	147.378
36159_s_at	54.702	69.27	53.771	56.616	50.084	52.038	55.756	47.734
36160_s_at	98.636	103.723	103.781	104.475	92.758	96.289	109.857	103.026
36161_at	208.445	213.791	205.238	211.372	198.617	205.802	213.885	214.644
36162_at	321.841	348.143	355.228	367.51	326.465	323.183	398.776	336.293
36163_at	94.831	96.408	99.774	93.508	92.607	84.192	85.759	87.651
36164_at	217.548	258.678	231.363	263.313	217.393	204.249	248.482	222.17
36165_at	365.512	390.65	393.391	386.55	355.599	346.491	417.268	376.338
36166_at	265.123	242.992	289.841	270.223	278.765	265.552	260.589	274.017
36167_at	270.679	287.041	284.908	294.685	287.11	269.427	313.841	290.676
36168_at	298.458	315.844	308.409	296.468	333.751	324.969	278.23	333.831
36169_at	1361.907	1419.573	1411.659	1605.186	1365.52	1260.026	1385.375	1221.683
36170_at	180.49	171.089	174.533	158.739	169.275	157.838	166.458	152.805
36171_at	152.429	161.372	161.921	162.339	157.812	151.518	136.344	153.737
36172_s_at	268.687	298.618	264.199	300.044	284.094	268.594	245.002	255.015
36173_r_at	186.053	185.707	194.651	196.019	210.845	197.866	205.162	205.348
36174_at	193.533	186.601	174.632	184.934	194.533	193.722	178.643	176.931
36175_s_at	109.807	111.733	111.327	110.218	108.96	104.73	107.452	113.153
36176_at	73.521	77.334	67.454	73.132	83.451	78.696	66.397	75.21
36177_at	75.87	79.656	77.298	83.56	80.763	87.184	82.99	81.704
36178_at	72.421	70.492	71.667	75.516	75.85	76.948	73.623	69.708
36179_at	344.988	373.195	385.441	373.986	355.948	361.997	399.607	358.035
36180_s_at	137.062	138.78	138.953	140.693	149.707	135.334	136.962	135.824
36181_at	147.331	184.902	166.442	186.236	150.73	170.036	172.5	166.572
36182_at	73.953	70.865	77.995	71.498	83.307	74.072	71.071	74.608
36183_at	752.084	715.761	731.444	757.389	715.74	726.353	777.64	727.565
36184_at	408.449	417.777	461.647	424.742	452.592	439.928	393.718	402.435
36185_at	456.205	511.616	506.095	499.043	500.38	489.728	455.492	504.281
36186_at	305.279	310.797	305.962	311.338	297.298	296.861	319.405	292.723
36187_at	288.894	256.368	266.83	244.088	275.203	262.367	248.928	297.954
36188_at	238.681	279.555	241.844	270.353	217.482	223.638	249.888	239.639
36189_at	192.368	205.659	178.088	187.516	191.923	190.672	207.908	195.778
36190_at	23.004	30.608	20.449	24.131	24.099	20.23	27.768	25.936
36191_at	23.127	21.995	22.676	19.624	21.812	17.983	20.851	25.968
36192_at	173.049	174.725	159.998	165.537	155.331	157.615	168.999	174.556
36193_at	439.989	410.089	390.864	386.418	444.851	403.5	438.238	394.617
36194_at	333.198	369.82	356.371	352.38	323.398	318.85	339.373	333.111
36195_at	80.685	78.983	75.55	76.638	76.583	78.444	77.469	73.669
36196_at	192.473	201.964	229.438	212.931	251.014	218.708	211.211	226.89
36197_at	19.197	21.2	19.283	18.434	17.379	15.75	15.352	20.414
36198_at	345.951	403.686	345.733	356.608	311.673	342.634	315.301	343.687
36199_at	598.085	667.223	638.677	669.019	630.539	615.802	684.727	624.306
36200_at	383.051	367.869	335.784	345.048	393.261	376.284	353.559	364.745
36201_at	255.403	265.123	242.264	265.892	280.889	272.04	274.129	271.627
36202_at	275.067	296.583	268.048	279.89	463.81	484.16	498.606	477.684
36203_at	424.333	420.052	419.295	389.037	422.334	442.22	396.81	398.141
36204_at	412.586	364.727	382.975	368.804	399.136	371.867	435.354	417.659
36205_at	90.324	99.216	99.949	104.51	92.271	93.371	91.232	90.509
36206_at	24.552	20.342	22.403	21.606	36.435	25.548	28.772	22.038
36207_at	152.077	175.593	160.996	161.367	150.031	145.668	172.06	146.598
36208_at	319.194	300.41	291.114	312.77	352.505	322.836	368.095	329.378
36209_at	128.187	136.082	134.761	141.746	128.915	126.437	140.971	125.768
36210_g_at	126.095	137.624	146.291	141.901	141.973	132.208	131.316	130.249
36211_at	465.69	478.921	530.244	521.611	515.355	498.98	504.637	467.874
36571_at	182.536	195.173	194.886	207.907	191.825	201.321	209.485	205.594
36572_r_at	223.324	237.763	232.208	257.802	248.714	215.233	253.113	232.752
36573_at	75.733	69.308	88.35	71.38	76.685	75.551	86.468	79.706
36574_at	117.786	127.378	137.21	124.934	126.875	129.232	121.185	119.762
36575_at	102.286	113.799	103.441	111.504	103.035	106.837	109.022	103.359
36576_at	114.546	119.445	117.107	125.576	118.259	116.94	126.183	120.327
36577_at	107.786	121.043	105.524	128.656	113.705	106.543	123.104	107.946
36578_at	351.888	390.805	382.197	373.73	365.333	362.599	401.187	370.67
36579_at	123.603	149.389	126.721	138.076	137.199	141.993	135.892	137.979
36580_at	71.642	68.273	71.774	64.267	77.908	70.667	55.074	61.391
36581_at	249.683	299.625	264.38	312.217	279.063	279.292	277.751	272.551
36582_g_at	231.514	265.941	235.893	280.896	257.716	252.982	275.523	242.952
36583_at	243.595	278.26	281.033	276.765	257.648	259.56	258.319	235.386
36584_at	62.709	59.064	60.226	55.512	63.525	69.857	55.186	57.103
36585_at	367.65	349.735	297.994	310.971	297.11	302.482	363.705	333.479
36586_at	86.662	80.957	89.333	87.517	90.393	89.573	81.671	94.483
36587_at	1326.839	1463.847	1337.078	1436.323	1315.98	1323.446	1314.198	1284.486
36588_at	61.573	69.647	49.027	58.963	50.205	54.751	53.397	50.052
36589_at	132.316	140.318	129.577	129.887	127.838	129.742	126.544	130.678
36590_at	176.891	163.21	153.684	167.039	177.339	192.689	160.888	172.505
36591_at	170.926	197.025	164.185	178.769	157.012	157.709	166.493	159.427
36592_at	270.132	273.819	290.143	272.384	265.275	270.733	260.724	299.157
36593_at	74.744	78.461	71.836	68.393	71.986	72.676	74.138	76.407
36594_s_at	58.078	62.684	61.181	62.735	65.154	64.445	60.489	62.564
36595_s_at	517.392	614.615	456.366	548.533	481.195	446.275	455.792	483.73
36596_r_at	2689.295	2772.354	2518.106	2706.348	2819.871	2655.935	2562.294	2575.028
36597_at	90.503	94.314	75.427	88.558	91.321	87.619	95.352	95.353
36598_s_at	167.192	169.582	171.044	171.436	177.688	181.462	153.694	156.063
36599_at	135.605	144.561	123.443	141.467	141.542	135.6	153.925	134.93
36600_at	253.32	270.969	267.721	266.554	228.185	246.556	284.807	253.087
36601_at	295.921	287.208	293.489	290.703	293.116	277.866	297.002	293.917
36602_at	162.74	175.609	163.356	173.984	173.688	168.551	164.369	171.472
36603_at	182.319	172.848	172.443	178.989	179.536	163.465	170.326	160.295
36604_at	79.539	78.023	76.876	73.577	89.949	81.939	66.529	80.625
36605_at	29.379	28.877	26.913	30.202	27.315	29.559	27.116	21.607
36606_at	122.691	143.657	122.748	136.399	111.42	126.285	123.837	120.832
36607_at	126.636	118.521	124.591	113.483	106.343	118.046	116.133	122.188
36608_at	324.396	402.505	321.034	372.399	313.306	310.735	341.949	309.738
36609_at	37.297	37.899	37.229	39.399	40.263	35.544	36.589	43.9
36610_at	67.096	76.545	74.185	80.622	76.51	73.138	83.697	76.698
36611_at	524.801	565.146	542.199	552.742	593.852	567.458	489.996	558.974
36612_at	28.61	30.799	29.412	29.627	31.745	28.826	20.951	32.476
36613_at	380.532	377.882	371.515	374.052	361.35	388.82	356.974	377.986
36614_at	1614.736	1764.55	1784.175	1844.91	1794.006	1645.971	1712.779	1666.73
36615_at	366.876	379.033	336.424	351.329	390.431	351.992	380.087	352.253
36616_at	226.679	244.194	222.91	227.852	245.773	238.194	230.713	236.909
36617_at	115.097	130.712	114.953	117.239	115.971	123.95	120.325	114.926
36618_g_at	86.507	94.507	105.714	102.24	98.962	93.383	98.06	90.189
36619_r_at	166.437	177.66	187.52	193.122	192.951	177.192	193.966	173.06
36620_at	177.448	230.282	201.676	217.138	195.753	192.433	190.643	195.301
36621_at	113.803	103.555	115.91	107.388	103.735	107.777	105.282	115.029
36622_at	23.452	26.844	27.402	26.196	28.064	27.686	27.887	23.552
36623_at	246.661	234.024	230.107	221.865	243.488	239.257	223.94	231.91
36624_at	401.447	432.14	420.631	432.969	410.74	419.101	436.587	439.753
36625_at	190.043	179.222	176.99	165.098	166.372	180.345	165.213	205.034
36626_at	142.337	151.943	124.601	126.732	128.603	132.454	138.292	142.893
36627_at	288.622	325.007	296.034	305.391	257.752	264.624	286.135	295.575
36628_at	74.615	83.682	83.427	89.296	79.174	80.45	86.028	81.4
36629_at	228.112	225.06	213.822	206.436	205.199	214.876	203.911	212.537
36630_at	184.797	174.84	174.706	162.146	167.939	170.452	172.392	166.705
36631_at	305.6	368.204	318.199	360.385	327.381	323.96	358.524	323.749
36632_at	62.464	59.754	61.366	61.535	58.906	60.865	54.826	60.849
36633_at	65.447	67.211	57.724	60.253	61.676	67.848	65.968	65.898
36634_at	1205.188	1253.626	1225.528	1249.168	1214.555	1170.768	1306.714	1281.649
36635_at	123.039	137.192	139.401	134.678	135.97	133.101	123.83	118.138
36636_at	143.866	183.321	145.015	150.703	139.633	142.805	135.341	131.493
36637_at	184.432	207.704	199.104	201.212	179.69	180.118	201.339	198.894
36638_at	226.509	255.847	199.95	216.314	196.617	207.793	216.866	201.454
36639_at	97.146	86.373	81.921	84.416	89.384	86.426	86.081	86.811
36640_at	276.477	261.194	268.925	239.459	269.276	267.384	246.375	249.259
36641_at	175.699	157.776	176.379	164.829	201.083	181.272	197.839	180.309
36642_at	357.924	382.263	342.367	353.765	368.882	371.16	349.008	369.504
36643_at	201.001	209.468	217.818	231.642	205.643	201.443	225.014	204.959
36644_at	628.959	663.533	641.655	713.034	503.718	520.513	555.119	550.193
36645_at	216.115	218.773	210.87	224.715	223.641	216.295	237.831	229.991
36646_at	37.796	43.859	38.397	39.681	35.32	38.54	37.186	38.987
36647_at	126.595	128.825	131.527	123.837	130.297	121.821	120.66	116.66
36648_at	109.041	101.829	106.759	86.257	103.314	108.523	114.48	110.075
36649_at	55.796	62.849	54.404	53.774	55.912	58.701	51.995	50.803
36650_at	98.026	124.819	108.394	110.849	99.564	102.603	96.895	96.264
36651_at	94.509	115.323	102.216	108.606	97.116	98.755	104.093	95.264
36652_at	368.28	371.84	342.954	342.387	352.48	353.527	341.458	337.263
36653_g_at	138.379	144.803	148.672	157.488	129.606	140.217	123.368	131.555
36654_s_at	238.553	286.266	215.435	281.735	245.669	279.991	286.791	275.118
36655_at	100.51	125.931	128.41	116.077	110.139	116.199	117.586	114.351
36656_at	13.774	17.473	19.348	14.38	19.627	16.726	13.557	21.029
36657_at	82.682	86.882	84.978	78.107	95.712	82.716	84.188	84.225
36658_at	293.06	287.194	329.722	314.681	314.839	335.716	343.751	341.474
36659_at	105.155	125.729	117.78	122.721	106.964	107.06	113.995	109.969
36660_at	101.82	109.55	110.695	119.603	112.296	112.058	117.713	107.812
36661_s_at	317.76	344.39	333.191	312.718	358.886	344.904	352.998	319.512
36662_at	15.806	16.636	12.894	11.551	19.259	16.976	16.891	19.788
36663_at	69.211	68.077	75.123	71.415	79.777	76.982	70.219	65.266
36664_at	141.917	141.62	143.399	132.43	119.882	109.47	112.62	118.658
36665_at	79.965	72.956	63.326	64.19	69.515	70.119	64.932	69.813
36666_at	3371.355	3649.432	3516.661	3637.521	3272.581	3276.351	3519.825	3346.058
36667_at	143.38	151.367	143.275	138.922	150.958	143.223	143.527	150.452
36668_at	289.659	316.229	310.94	312.453	274.655	287.337	306.671	295.055
36669_at	493.281	456.995	424.045	432.015	495.73	502.761	441.202	473.317
36670_at	130.278	124.316	117.081	113.913	123.221	122.203	119.87	137.266
36671_at	367.007	419.113	359.634	404.142	350.448	348.675	375.204	376.965
36672_at	195.076	215.873	188.078	213.207	207.848	193.858	198.224	213.981
36673_at	345.909	372.141	344.275	336.63	367.582	373.937	410.053	363.765
36674_at	76.617	72.963	78.687	77.83	87.345	81.866	88.126	82.512
36675_r_at	172.478	173.517	179.734	199.009	194.081	176.185	205.887	196.744
36676_at	309.173	345.356	316.226	329.901	322.187	312.693	293.901	335.445
36677_at	395.869	501.314	493.713	557.157	445.972	455.375	488.912	463.138
36678_at	470.53	530.248	548.963	534.515	513.568	523.439	547.93	513.037
36679_at	481.166	554.183	534.982	565.832	554.515	479.137	580.111	497.899
36680_at	8174.838	8035.139	7943.12	7885.212	8283.169	8038.921	7981.586	7755.161
36681_at	228.339	237.446	244.763	244.765	210.397	228.175	231.367	226.934
36682_at	33.768	36.33	32.87	30.315	37.566	34.306	35.01	36.816
36683_at	105.023	93.659	97.601	89.264	108.284	95.152	94.807	91.154
36684_at	146.652	165.781	151.925	163.798	156.731	150.185	165.733	159.055
36685_at	249.429	260.268	256.146	267.372	270.386	254.972	244.693	260.388
36686_at	71.343	68.298	64.629	64.155	73.064	74.114	67.833	66.122
36687_at	303.596	340.092	337.486	343.238	324.482	327.078	342.474	323.567
36688_at	123.17	120.335	114.572	116.15	103.943	118.987	119.209	115.375
36689_at	114.732	148.188	145.376	144.722	130.946	126.957	134.553	128.013
36690_at	95.687	97.326	93.733	101.657	96.489	111.782	101.812	99.466
36931_at	315.577	326.939	358.683	334.31	298.926	318.907	321.263	321.314
36932_at	63.111	77.009	79.784	82.093	68.157	69.94	68.422	73.644
36933_at	201.788	233.034	236.026	232.613	226.505	225.931	227.1	222.832
36934_at	70.853	58.461	67.454	73.654	87.032	70.759	71.328	62.658
36935_at	150.356	156.144	155.608	168.124	174.555	152.428	143.867	151.08
36936_at	382.971	412.2	420.302	392.449	409.643	386.481	357.463	373.651
36937_s_at	307.034	290.529	297.658	283.69	319.899	312.616	296.952	300.049
36938_at	348.748	407.475	353.419	420.258	342.487	344.572	372.161	330.524
36939_at	17.099	21.254	18.819	18.292	16.597	21.951	21.122	16.639
36940_at	110.498	117.01	119.597	124.395	121.867	115.049	120.508	118.007
36941_at	50.431	55.54	64.929	64.192	61.584	56.035	59.758	60.704
36942_at	171.704	185.336	182.23	187.285	179.365	174.254	184.678	173.455
36943_r_at	46.381	54.132	42.099	48.926	52.656	51.319	46.789	49.405
36944_f_at	66.838	61.405	54.262	61.773	71.259	65.967	64.206	62.914
36945_at	601.366	646.671	627.372	649.751	600.505	573.457	619.532	619.813
36946_at	74.087	71.695	72.293	65.721	64.476	66.353	68.502	64.426
36947_s_at	113.515	113.89	106.557	107.219	111.22	109.308	118.674	100.504
36948_at	74.647	79.729	62.936	66.24	72.093	76.841	67.848	82.246
36949_at	342.962	343.42	323.676	345.33	342.989	343.007	350.595	336.052
36950_at	659.878	671.251	692.953	662.576	633.581	648.458	669.01	687.125
36951_at	143.355	153.953	129.838	148.437	134.393	141.51	141.308	146.178
36952_at	364.962	354.076	352.586	355.543	369.981	378.555	362.265	367.515
36953_at	154.094	172.588	156.241	162.392	157.077	156.416	151.312	149.946
36954_at	175.13	187.623	168.921	175.257	190.372	191.383	175.167	183.134
36955_at	318.336	351.925	319.048	337.241	308.323	302.64	358.654	299.682
36956_at	146.537	145.183	129.728	126.671	141.013	139.96	113.072	134.5
36957_at	137.905	168.925	160.86	167.327	160.623	145.351	158.826	146.093
36958_at	160.219	169.662	171.393	156.483	162.299	174.674	154.668	170.563
36959_at	460.366	446.168	445.953	440.654	450.447	416.619	461.048	427.922
36960_at	153.13	149.32	138.938	133.494	145.694	151.099	141.963	150.447
36961_at	205.034	203.021	213.196	203.641	198.097	199.461	180.461	198.571
36962_at	160.199	167.806	160.852	177.659	169.33	157.826	172.188	166.551
36963_at	283.608	294.898	305.228	301.751	303.542	295.254	326.471	306.286
36964_at	155.561	154.93	138.341	157.555	167.191	143.939	152.397	151.51
36965_at	41.367	54.249	46.811	46.618	47.449	45.239	46.687	48.74
36966_at	30.951	32.735	32.72	37.44	33.153	28.342	39.596	27.025
36967_g_at	75.455	73.268	72.333	69.479	78.094	63.323	61.766	65.459
36968_s_at	67.241	78.236	74.787	65.529	66.763	67.688	70.389	69.621
36969_at	135.347	134.718	144.668	130.782	132.192	135.165	126.566	136.296
36970_at	74.11	86.984	78.915	80.564	76.346	79.574	75.752	83.825
36971_at	117.046	126.137	122.112	128.694	115.943	125.964	130.979	130.622
36972_at	688.756	818.275	761.931	808.479	688.891	690.599	775.262	654.84
36973_at	262.732	304.573	293.091	306.196	282.237	278.733	299.73	260.482
36974_at	81.037	82.027	79.275	81.463	89.047	75.744	79.931	72.913
36975_at	380.843	469.981	371.902	440.283	388.524	393.664	349.31	340.817
36976_at	16.618	13.912	15.083	13.632	16.163	14.438	16.244	15.122
36977_at	308.599	330.321	296.314	320.174	343.705	321.819	360.792	323.639
36978_at	73.753	87.656	78.166	76.716	74.853	73.464	83.304	84.223
36979_at	159.277	162.391	149.306	159.705	170.486	172.349	155.122	163.396
36980_at	66.953	70.272	74.08	83.539	70.756	62.661	89.846	63.192
36981_at	358.754	429.465	427.466	455.578	409.672	382.47	416.308	408.864
36982_at	81.982	83.387	75.263	79.666	80.749	83.292	83.692	76.331
36983_f_at	91.39	109	96.298	98.016	101.258	99.806	90.028	91.708
36984_f_at	281.509	244.541	267.33	244.98	325.207	299.636	279.49	306.012
36985_at	267.206	269.352	270.619	264.904	285.013	272.032	259.603	289.557
36986_at	572.868	570.925	601.026	569.506	614.765	629.223	581.989	610.614
36987_at	237.585	237.803	229.866	221.609	238.848	250.074	222.42	236.946
36988_at	151.346	166.969	157.953	171.748	147.642	137.684	163.905	153.597
36989_at	308.825	334.956	282.41	327.709	283.789	282.964	305.648	316.108
36990_at	89.946	93.236	84.507	87.997	85.509	97.025	82.338	94.349
36991_at	245.909	281.523	256.962	294.345	248.244	252.39	268.264	268.424
36992_at	226.04	267.331	255.005	269.303	248.649	243.396	257.728	248.613
36993_at	262.224	283.657	291.706	298.095	308.404	289.248	274.396	258.383
36994_at	740.477	728.773	758.232	756.948	730.873	723.452	788.906	719.552
36995_at	561.092	589.679	602.69	571.159	579.992	566.363	620.289	584.034
36996_at	1119.066	1141.284	1156.189	1156.965	1173.44	1154.452	1192.881	1189.46
36997_at	139.174	142.803	141.951	134.377	132.761	138.691	126.013	125.857
36998_s_at	97.601	101.904	103.535	99.066	93.788	101.287	116.893	114.199
36999_at	62.458	56.074	61.993	57.352	60.462	63.824	55.636	54.304
37000_at	165.369	180.77	147.061	164.078	157.04	153.513	173.131	144.979
37001_at	225.421	235.847	237.611	237.779	216.649	209.241	235.054	228.43
37002_at	104.277	121.709	108.613	104.713	116.868	115.554	109.845	104.748
37003_at	1134.356	1194.764	1223.972	1252.468	1171.147	1133.283	1233.227	1216.42
37004_at	146.138	134.116	151.136	132.396	159.475	142.351	142.07	141.833
37005_at	271.602	265.444	282.578	264.284	279.378	278.952	271.086	274.317
37006_at	82.389	98.476	88.145	88.346	73.716	79.808	87.158	77.391
37007_at	75.975	86.198	75.519	78.941	76.691	74.215	72.314	75.247
37008_r_at	362.488	378.984	362.312	376.228	375.233	325.007	379.184	345.888
37009_at	246.632	269.043	254.291	274.399	262.549	275.259	253.323	270.347
37010_at	169.628	217.626	191.834	214.658	184.758	177.605	191.884	170.557
37011_at	15.859	15.238	14.579	19.751	16.702	16.151	16.084	15.689
37012_at	177.68	187.478	178.829	186.363	178.939	177.39	197.391	182.261
37013_at	132.198	130.352	128.452	131.337	125.39	124.191	113.861	118.384
37014_at	130.473	124.418	132.47	128.174	153.993	126.873	120.879	126.166
37015_at	438.481	470.81	402.62	485.66	519.524	482.161	448.727	453.706
37016_at	198.246	216.428	210.581	215.612	209.728	203.501	230.744	199.748
37017_at	184.742	166.315	173.108	165.046	201.344	202.694	188.428	192.863
37018_at	39.407	50.485	43.639	46.702	42.523	46.01	41.569	37.111
37019_at	39.701	42.652	49.483	42.669	50.116	44.717	48.432	41.107
37020_at	80.844	87.037	89.026	93.43	93.912	86.005	93.579	82.573
37021_at	280.717	331.933	293.404	312.101	305.456	275.191	300.166	277.362
37022_at	105.253	111.311	114.829	112.639	115.35	120.135	109.263	111.057
37023_at	92.012	102.278	97.921	97.978	91.441	90.544	97.251	85.572
37024_at	15.865	18.813	19.958	17.151	12.404	16.357	17.239	15.288
37025_at	241.54	240.578	243.795	236.668	245.809	240.451	262.332	265.939
37026_at	177.563	178.614	173.485	174.798	168.794	168.138	175.111	170.076
37027_at	410.165	418.69	433.482	422.263	401.248	423.123	446.926	437.881
37028_at	284.226	252.281	254.835	229.464	247.154	258.671	225.5	266.176
37029_at	534.337	514.951	502.93	524.026	490.55	504.827	465.501	495.961
37030_at	140.372	121.201	123.486	128.614	138.556	129.963	146.191	142.121
37031_at	208.909	262.849	204.344	232.627	215.909	223.38	210.955	222.33
37032_at	431.336	416.685	428.498	428.755	409.07	430.2	449.303	462.099
37033_s_at	367.483	361.336	349.427	355.464	362.807	362.523	353.258	376.284
37034_at	146.375	168.908	147.002	158.723	145.291	148.202	154.292	141.143
37035_at	533.912	574.967	521.185	551.947	496.228	496.22	474.764	501.799
37036_at	88.109	92.299	89.791	88.592	92.276	86.234	83.74	78.045
37037_at	102.702	104.576	98.267	97.31	96.025	101.89	105.767	103.743
37038_at	106.698	113.9	113.143	124.76	104.566	103.868	127.475	117.25
37039_at	533.11	548.55	565.854	546.761	534.26	545.183	602.352	555.249
37040_at	370.163	391.597	393.903	414.042	376.314	373.06	400.836	387.477
37041_at	165.148	167.45	162.733	145.34	168.829	165.997	166.588	176.159
37042_at	243.967	227.123	237.074	220.272	230.062	232.063	230.103	229.424
37043_at	228.383	225.853	223.976	218.12	230.919	236.96	228.176	234.783
37044_at	55.67	54.571	55.307	54.118	59.313	58.948	56.168	59.577
37045_at	44.462	46.811	46.006	49.964	41.925	44.562	44.108	46.105
37046_at	136.001	140.576	143.917	150.556	147.126	156.345	133.646	144.049
37047_at	114.808	112.092	107.256	105.517	109.034	115.205	101.186	110.667
37048_at	278.393	290.309	265.111	280.581	282.511	260.379	260.295	243.422
37049_g_at	322.531	314.496	293.458	299.61	339.583	322.998	326.923	328.184
37050_r_at	28.191	30.156	27.259	29.021	26.995	29.981	30.889	25.056
37291_r_at	3.839	5.416	4.85	2.262	6.308	3.256	4.382	6.166
37292_at	55.464	66.736	60.845	59.078	52.154	59.109	58.647	52.671
37293_at	89.849	84.022	95.453	93.316	95.923	97.607	99.58	90.551
37294_at	460.028	498.959	430.157	488.895	465.502	429.383	514.466	459.336
37295_at	271.343	269.119	309.061	295.818	333.64	311.754	278.288	300.65
37296_at	45.355	47.848	42.716	48.629	49.848	45.175	51.253	46.978
37297_at	81.467	89.044	87.699	89.721	90.216	82.592	87.296	81.808
37298_at	859.625	929.967	935.482	914.226	836.401	905.895	895.206	868.774
37299_at	144.868	145.066	139.434	131.416	141.861	128.944	138.101	131.724
37300_at	106.613	129.185	124.789	136.293	135.759	131.528	121.496	121.69
37301_at	109.492	111.703	106.469	95.046	120.566	119.173	98.418	102.26
37302_at	45.956	44.927	44.914	45.502	43.091	47.423	50.242	46.286
37303_at	62.149	67.075	65.406	60.64	58.917	63.93	62.655	71.009
37304_at	50.153	48.282	42.787	43.387	45.995	53.695	46.489	48.758
37305_at	129.619	126.436	128.752	122.319	151.304	126.526	109.299	175.44
37306_at	547.603	501.757	558.239	518.729	595.045	551.819	563.243	582.95
37307_at	388.369	389.226	391.366	379.669	352.075	374.788	335.051	362.511
37308_at	91.899	98.499	98.966	98.334	95.806	92.89	98.659	101.53
37309_at	377.421	407.727	382.459	396.137	374.547	376.303	385.585	401.094
37310_at	192.089	197.817	175.165	190.526	195.905	191.845	192.104	198.811
37311_at	206.054	219.52	198.188	213.906	208.186	218.175	214.597	229.062
37312_at	64.004	69.808	56.71	64.729	59.877	58.845	60.55	59.569
37313_at	43.012	49.806	43.125	42.007	46.919	43.93	46.051	43.633
37314_at	130.475	112.322	106.161	96.767	103.203	109.755	107.393	106.564
37315_f_at	36.582	33.318	35.639	31.909	30.821	31.294	31.584	33.324
37316_r_at	124.958	126.687	143.393	131.971	128.045	126.021	114.87	129.93
37317_at	198.917	180.908	218.428	193.644	239.264	231.98	197.711	211.219
37318_at	261.792	293.576	258.491	264.371	244.097	244.284	300.011	233.667
37319_at	145.552	165.848	155.296	156.888	137.928	150.294	166.932	146.085
37320_at	171.415	177.845	175.817	164.316	174.622	167.616	183.207	170.498
37321_at	345.279	363.896	365.193	366.445	388.889	372.13	382.474	357.735
37322_s_at	13.838	10.325	12.608	12.363	15.862	13.641	14.871	8.465
37323_r_at	531.914	450.458	529.398	464.237	553.274	553.018	480.207	545.26
37324_at	167.053	165.76	166.422	162.129	160.459	163.06	170.26	165.979
37325_at	143.413	145.416	156.398	175.177	146.452	139.917	161.852	153.941
37326_at	190.742	231.439	211.938	209.204	200.809	212.62	233.545	208.924
37327_at	34.787	35.201	36.469	31.182	37.26	39.981	35.264	37.592
37328_at	36.706	34.912	32.166	30.546	40.964	48.617	44.742	41.951
37329_at	294.671	287.077	284.689	277.791	287.656	270.33	302.449	279.323
37330_at	331.616	341.037	346.615	349.543	361.622	362.996	326.648	342.237
37331_g_at	104.874	107.86	108.005	109.828	104.571	98.619	100.97	98.545
37332_r_at	95.41	115.913	123.948	128.433	113.194	111.189	134.847	111.756
37333_at	84.855	82.579	83.734	81.531	95.097	95.059	87.185	83.901
37334_at	42.969	45.407	36.424	40.97	36.961	36.28	41.886	32.546
37335_at	148.025	146.3	144.286	157.06	155.202	141.877	149.243	141.486
37336_at	259.654	335.822	265.489	320.55	264.08	261.27	281.956	248.918
37337_at	126.92	158.324	150.241	156.743	144.027	149.344	149.63	151.787
37338_at	100.678	101.649	99.587	106.106	100.331	96.803	99.412	89.354
37339_at	191.225	176.593	194.329	191.987	193.612	196.65	177.335	186.513
37340_at	86.071	78.854	87.669	90.362	87.253	80.977	87.941	83.242
37341_at	416.21	395.897	450.839	416.709	418.49	421.903	416.324	385.852
37342_s_at	193.256	190.157	199.497	202.086	201.344	200.861	191.263	186.74
37343_at	238.921	259.691	270.449	267.015	252.519	270.354	263.549	264.705
37344_at	154.81	133.646	125.326	127.39	146.381	133.453	137.468	139.385
37345_at	173.883	190.447	167.961	171.057	172.051	167.509	170.384	184.277
37346_at	786.78	763.109	707.663	703.751	775.421	748.562	715.301	793.17
37347_at	104.455	102.644	99.052	93.402	105.636	102.153	93.109	108.245
37348_s_at	282.904	328.606	302.814	350.905	279.551	281.004	330.422	286.989
37349_r_at	10.342	9.617	7.235	11.047	10.886	7.323	8.089	7.689
37350_at	218.301	207.808	193.658	210.627	200.643	209.138	181.366	219.719
37351_at	237.879	250.964	241.701	241.006	232.061	259.141	233.38	254.251
37352_at	53.207	50.825	47.137	42.071	48.742	49.851	49.727	49.731
37353_g_at	63.308	61.621	53.031	54.135	57.572	57.438	49.912	54.475
37354_at	31.086	31.196	30.929	30.341	32.834	29.359	31.35	31.685
37355_at	347.312	302.461	300.991	291.992	315.343	308.167	335.497	339.301
37356_r_at	34.761	38.068	36.481	38.21	32.8	33.95	32.205	33.039
37357_at	45.609	45.378	38.185	42.441	38.701	40.842	41.071	45.02
37358_at	78.592	71.507	69.014	73.279	65.675	64.624	79.858	67.428
37359_at	241.73	275.567	256.363	274.286	233.218	238.751	252.361	233.715
37360_at	1473.216	1195.436	1401.617	1263.122	1857.77	1601.62	1564.123	1733.789
37361_at	210.673	235.049	233.264	222.778	223.119	213.239	198.214	201.538
37362_at	258.268	236.703	235.913	231.167	272.361	251.077	264.836	262.634
37363_at	67.171	75.674	61.457	69.344	70.734	71.812	68.65	61.373
37364_at	280.922	317.887	299.135	318.681	280.768	283.99	297.06	292.301
37365_at	144.821	152.748	145.468	149.972	150.883	155.967	134.909	147.17
37366_at	42.32	49.453	41.469	52.123	45.06	43.45	48.894	44.267
37367_at	436.042	381.775	425.368	387.219	393.149	395.652	381.637	379.615
37368_at	137.076	146.206	157.881	145.465	159.353	153.297	142.163	156.162
37369_s_at	406.963	425.842	448.251	428.715	446.502	434.085	402.243	408.618
37370_i_at	185.85	165.922	192.936	174.836	197.233	184.172	178.74	176.653
37371_at	274.4	275.731	276.337	275.257	299.133	271.873	275.353	280.215
37372_at	157.524	159.518	162.562	168.803	158.179	162.416	157.019	159.061
37373_at	180.663	215.046	196.637	219.973	207.219	199.631	214.674	185.928
37374_at	750.232	904.599	866.414	910.097	886.279	834.799	855.561	842.881
37375_at	198.977	197.214	196.873	194.43	223.978	202.894	212.233	203.583
37376_at	265.684	274.479	273.425	284.715	276.992	290.245	273.449	273.112
37377_i_at	211.052	189.348	191.037	198.445	225.441	209.213	162.015	207.741
37378_r_at	202.12	186.615	211.55	218.148	221.33	210.204	205.317	197.007
37379_at	84.517	96.879	94.39	93.785	98.262	95.024	77.875	85.393
37380_at	12.913	14.155	10.647	13.786	16.054	15.207	14.537	18.196
37381_g_at	47.988	57.47	56.162	54.412	51.729	49.506	50.927	46.587
37382_at	328.77	364.011	366.843	361.654	369.915	354.073	347.192	329.562
37383_f_at	1325.428	1345.671	1335.848	1240.586	1364.6	1316.165	1323.453	1405.189
37384_at	224.011	206.232	199.727	196.06	210.19	210.803	186.803	221.314
37385_at	62.251	45.347	43.825	47.199	47.939	53.094	54.352	55.831
37386_i_at	545.108	545.717	463.426	512.824	498.409	509.924	542.57	536.789
37387_r_at	130.015	143.935	125.959	136.224	127.268	128.29	135.25	131.785
37388_at	39.689	36.788	36.023	35.464	35.571	37.452	38.921	38.246
37389_at	101.157	132.415	118.425	120.44	84.619	104.228	110.889	105.682
37390_at	171.292	178.559	163.137	163.561	176.35	179.599	166.231	181.992
37391_at	215.86	226.925	203.34	202.779	215.749	210.891	195.039	214.845
37392_at	85.26	94.709	69.135	76.753	72.192	77.077	80.492	79.542
37393_at	278.598	298.544	271.664	280.779	285.951	272.116	278.222	256.174
37394_at	106.011	108.756	102.829	110.794	107.08	107.159	113.121	112.431
37395_at	359.917	358.4	382.92	378.622	396.65	355.607	410.052	389.686
37396_at	107.756	104.086	121.088	115.772	109.462	109.459	111.667	111.783
37397_at	113.375	111.468	109.626	103.223	106.586	113.205	91.156	95.081
37398_at	154.508	152.586	150.613	152.227	142.586	154.031	154.96	154.394
37399_at	96.385	103.275	106.176	104.178	101.539	98.789	95.882	101.111
37400_at	145.818	146.776	154.797	144.37	164.376	154.728	146.934	157.676
37401_g_at	98.302	91.257	99.931	88.139	100.487	99.135	103.72	99.449
37402_at	2261.644	2450.767	2457.93	2562.775	2504.818	2287.699	2614.885	2448.554
37403_at	53.789	47.11	38.434	42.768	43.629	46.769	42.801	46.957
37404_at	233.913	224.698	229.696	230.557	240.677	216.452	223.285	238.756
37405_at	308.992	310.146	299.178	306.263	317.356	318.017	340.766	314.405
37406_at	63.72	62.575	54.32	66.313	59.23	57.193	56.989	56.722
37407_s_at	259.973	298.564	288.791	295.986	282.76	276.164	272.44	289.839
37408_at	269.409	287.893	283.156	286.407	324.293	281.413	311.793	300.11
37409_at	33.511	32.475	34.112	37.124	37.862	39.559	34.767	38.38
37410_at	176.553	165.014	166.88	166.637	174.607	169.222	163.065	172.174
37650_at	210.562	232.191	206.722	231.983	248.53	227.852	233.648	238.814
37651_at	56.203	61.818	64.874	64.167	72.978	71.665	66.92	56.79
37652_at	402.705	427.105	424.566	408.144	455.757	425.162	369.92	407.513
37653_at	105.21	120.271	117.41	114.979	110.106	107.306	103.49	108.831
37654_at	93.847	98.109	91.406	98.579	87.417	97.835	92.025	86.637
37655_at	81.283	83.329	77.036	85.353	83.899	76.47	84.129	89.933
37656_at	247.407	249.782	265.056	265.503	253.983	253.05	221.802	234.351
37657_at	185.931	182.583	195.08	177.729	195.742	186.573	180.989	182.338
37658_at	511.386	526.999	461.183	495.725	488.888	491.57	449.768	447.502
37659_at	148.893	202.828	171.171	178.638	157.651	167.881	174.701	162.378
37660_at	46.372	47.715	45.549	44.115	46.487	42.132	45.83	41.136
37661_at	56.139	55.686	51.873	52.861	53.474	57.565	55.639	54.777
37662_at	72.464	83.32	68.416	91.812	90.465	78.433	79.254	88.679
37663_at	165.505	174.762	153.854	174.193	168.809	157.123	173.369	172.535
37664_at	104.785	100.088	101.597	95.895	102.827	120.189	89.317	117.294
37665_at	89.206	94.637	97.069	102.596	95.766	95.99	112.653	101.009
37666_at	205.694	202.426	205.215	203.352	203.64	202.33	205.175	214.863
37667_at	140.06	143.936	137.281	128.536	133.324	140.904	138.787	157.241
37668_at	91.867	94.845	91.62	90.277	92.087	90.562	89.914	95.413
37669_s_at	1072.986	1108.887	1118.719	1088.146	1093.586	1084.698	1066.575	1170.438
37670_at	108.924	105.18	85.382	92.256	90.171	96.367	95.593	93.261
37671_at	28.32	29.065	30.532	25.995	28.804	26.785	27.457	28.123
37672_at	106.055	118.811	111.963	103.482	108.345	109.571	116.563	110.116
37673_at	73.921	89.068	81.262	81.099	71.015	77.841	70.997	70.724
37674_at	45.849	49.176	42.314	44.252	39.5	44.968	43.171	44.375
37675_at	452.751	506.704	479.657	508.35	474.074	460.607	530.094	470.765
37676_at	223.569	251.891	244.445	236.463	204.815	224.282	241.629	219.64
37677_at	379.011	451.766	407.973	398.948	374.774	392.766	331.49	390.681
37678_at	86.637	85.34	88.642	87.093	88.211	82.724	82.28	85.458
37679_at	341.316	371.235	361.353	374.176	334.746	334.674	339.568	309.927
37680_at	57.966	59.902	55.554	52.439	53.54	61.042	54.948	60.495
37681_i_at	61.492	52.381	52.962	51.571	57.324	59.398	52.617	66.803
37682_r_at	19.935	21.095	23.065	22.638	19.783	20.7	24.544	21.608
37683_at	45.967	52.472	43.099	48.434	49.612	50.162	49.509	41.238
37684_at	59.621	58.48	58.294	54.956	53.867	62.881	57.378	56.673
37685_at	116.45	122.28	115.232	113.471	105.191	109.037	108.727	112.098
37686_s_at	72.007	86.91	72.449	88.182	72.769	81.406	76.272	73.696
37687_i_at	611.64	629.289	632.922	572.919	658.98	645.851	575.389	616.492
37688_f_at	3.331	5.577	5.127	4.893	6.1	4.193	6.429	22.919
37689_s_at	89.828	85.077	84.701	82.018	89.716	91.371	78.024	86.127
37690_at	242.226	228.358	256.066	221.109	211.244	234.684	220.621	213.646
37691_at	278.482	302.571	307.583	291.178	297.69	321.874	302.55	315
37692_at	201.21	232.025	214.681	236.224	204.373	191.545	211.354	191.2
37693_at	47.646	57.134	44.517	53.467	52.212	56.839	45.139	55.04
37694_at	64.561	80.548	75.444	86.958	74.044	69.601	79.16	66.762
37695_at	108.097	112.917	96.461	119.257	104.5	107.146	110.473	105.727
37696_at	211.953	253.798	225.637	239.247	229.435	224.307	247.18	217.742
37697_s_at	514.067	640.58	663.12	664.641	620.62	626.065	565.033	603.235
37698_at	139.905	135.68	143.153	122.575	135.908	138.377	135.948	136.15
37699_at	27.712	31.023	31.482	30.228	27.07	31.148	29.557	27.507
37700_at	132.477	134.266	143.953	156.031	148.657	131.378	160.579	139.275
37701_at	584.982	776.447	663.059	752.618	637.696	624.105	660.422	607.632
37702_at	21.79	19.613	16.101	18.316	18.326	19.603	18.262	24.003
37703_at	219.577	262.008	252.288	256.894	239.887	246.995	223.606	246.731
37704_at	358.339	359.661	295.743	348.479	353.561	360.07	346.084	355.528
37705_at	92.15	80.045	79.047	92.158	94.268	102.579	90.471	109.564
37706_at	285.71	249.015	252.553	254.463	266.342	286.442	275.382	301.278
37707_i_at	155.184	162.881	142.726	159.476	160.08	147.137	153.691	167.494
37708_r_at	142.488	131.142	119.133	130.163	134.177	129.672	129.571	144.793
37709_at	101.358	96.361	95.324	91.823	101.714	98.71	84.32	100.979
37710_at	97.629	101.329	102.261	106.696	115.606	103.866	114.903	106.229
37711_at	186.879	161.426	155.21	151.439	183.057	180.608	182.164	195.066
37712_g_at	106.272	106.483	97.495	101.339	105.808	112.473	99.204	105.996
37713_at	297.518	293.97	303.206	276.122	273.44	285.735	255.287	284.297
37714_at	209.294	198.305	190.228	198.051	207.259	197.208	194.888	198.434
37715_at	70.879	74.231	73.905	59.425	72.512	79.07	65.416	84.51
37716_at	119.753	105.882	99.94	104.213	113.394	111.23	113.521	114.208
37717_at	152.743	177.02	173.198	177.915	157.829	164.813	168.547	161.616
37718_at	176.244	187.314	192.702	184.182	184.2	178.558	180.511	185.317
37719_at	270.659	287.135	285.089	293.279	264.664	274.045	294.791	285.269
37720_at	649.205	782.305	707.624	784.396	683.544	664.105	765.428	671.849
37721_at	1130.183	1046.373	1075.638	1107.079	1087.556	1097.587	996.39	1095.386
37722_s_at	187.86	218.953	200.2	222.537	198.245	200.834	212.911	187.864
37723_at	69.886	82.596	82.668	96.047	86.116	82.881	98.419	92.295
37724_at	175.068	196.408	183.296	192.455	181.747	172.22	201.516	174.221
37725_at	225.636	267.482	261.788	258.971	238.795	245.65	239.177	225.997
37726_at	99.584	111.308	100.65	99.418	92.33	96.708	99.834	89.692
37727_i_at	35.327	45.787	33.211	40.281	37.497	40.203	35.239	40.385
37728_r_at	20.269	21.752	23.889	31.453	19.167	22.077	24.068	18.815
37729_at	259.455	302.697	257.905	291.265	266.306	241.05	289.766	234.85
37730_at	367.365	395.732	327.521	397.557	407.018	345.915	423.231	387.111
37731_at	90.559	106.713	88.202	96.221	85.562	84.571	98.294	85.569
37732_at	113.929	129.022	126.765	120.228	112.35	123.586	123.953	116.809
37733_at	114.09	105.489	120.365	123.531	135.505	122.277	112.21	121.705
37734_at	132.617	134.659	131.173	125.719	144.593	132.027	126.183	136.223
37735_at	186.203	190.574	159.581	183.467	146.821	162.211	232.289	163.528
37736_at	84.457	100.937	83.745	95.467	91.281	98.596	103.231	99.419
37737_at	203.86	231.465	226.513	224.007	204.581	203.534	213.126	185.401
37738_g_at	58.028	66.635	53.695	64.215	59.092	60.986	62.435	58.237
37739_at	158.473	174.432	169.923	173.571	175.484	161.361	170.82	165.434
37740_r_at	223.982	286.172	234.159	260.97	223.672	249.369	206.411	209.488
37741_at	407.269	431.945	450.703	458.564	444.878	423.396	463.819	438.8
37742_at	132.781	154.255	142.038	156.103	151.256	147.927	142.485	139.692
37743_at	101.036	101.714	95.364	89.161	103.238	107.944	93.118	99.48
37744_r_at	21.529	25.319	21.201	29.646	23.306	25.733	27.689	27.708
37745_s_at	174.067	177.462	177.8	169.009	176.61	176.963	172.73	186.326
37746_r_at	5563.623	5251.98	5486.837	4925.423	5302.345	5794.23	5274.987	5641.993
37747_at	251.125	272.48	244.837	243.348	241.521	241.511	264.038	262.344
37748_at	102.103	108.956	94.904	113.456	96.904	102.252	101.157	105.522
37749_at	69.331	79.639	74.221	104.46	81.305	73.628	91	79.863
37750_at	45.63	48.915	42.818	47.186	44.374	46.885	34.59	47.301
37751_at	70.38	70.097	70.808	58.158	67.289	70.745	60.148	72.995
37752_at	19.084	17.441	19.151	19.239	16.988	19.828	15.758	25.587
37753_at	157.366	135.297	136.97	145.469	142.434	144.632	148.821	149.576
37754_at	331	340.577	344.777	346.768	340.708	347.272	349.739	339.703
37755_at	47.342	50.87	44.221	44.232	45.921	49.529	48.635	50.404
37756_at	41.612	52.84	50.974	46.742	42.357	42.992	50.657	40.133
37757_at	47.23	49.762	40.523	50.043	45.35	48.535	45.617	47.899
37758_s_at	77.904	67.408	67.074	63.685	75.293	69.767	62.35	66.313
37759_at	68.874	68.611	67.661	68.488	78.054	71.949	66.072	63.983
37760_at	98.383	99.02	98.603	95.96	111.67	102.371	100.45	108.065
37761_at	288.984	277.205	277.028	254.423	287.483	276.871	284.53	271.262
37762_at	49.971	52.255	53.917	52.84	50.888	55.455	52.538	55.257
37763_at	143.71	156.756	160.307	156.029	158.865	157.059	157.75	150.288
37764_at	81.266	73.978	75.472	70.415	86.242	77.662	84.052	82.695
37765_at	276.372	277.949	280.442	280.063	285.157	280.491	307.715	269.92
37766_s_at	202.695	229.776	245.914	233.862	233.783	239.102	210.363	235.657
37767_at	207.779	216.669	222.116	229.188	231.583	212.119	216.027	212.361
37768_at	172.805	168.6	173.401	178.939	174.526	180.125	174.25	182.18
38008_at	84.186	81.078	86.297	73.386	78.735	86.982	71.031	82.373
38009_at	297.804	330.335	314.121	313.67	298.907	313.446	304.294	311.74
38010_at	394.336	389.126	371.88	379.825	364.735	346.805	369.014	357.7
38011_at	140.303	157.84	137.025	169.701	127.367	134.833	155.942	126.72
38012_at	511.825	488.388	485.773	468.569	494.261	469.765	424.182	446.313
38013_at	197.071	256.431	196.067	235.776	215.426	193.598	213.973	188.699
38014_at	284.369	384.038	370.565	375.872	336.28	352.093	325.982	342.118
38015_at	79.895	79.144	84.216	80.608	73.76	74.564	79.012	75.372
38016_at	1275.22	1430.194	1299.628	1368.373	1550.616	1522.29	1334.925	1440.353
38017_at	187.279	191.56	217.842	205.686	211.091	201.244	211.225	201.208
38018_g_at	173.04	191.899	194.323	183.381	189.542	177.919	179.617	154.253
38019_at	294.681	278.355	255.417	279.086	312.86	282.716	302.514	285.206
38020_at	298.564	313.12	278.064	267.994	297.907	303.987	286.036	292.079
38021_at	201.284	189.837	201.433	203.173	207.295	190.037	202.331	186.958
38022_s_at	117.539	106.592	107.135	112.884	117.84	115.942	109.014	113.866
38023_at	374.766	376.96	332.965	346.708	344.35	379.992	363.892	384.917
38024_at	181.019	161.312	169.8	154.466	187.865	200.77	171.199	197.026
38025_r_at	18.773	15.854	19.373	19.2	17.376	16.043	18.77	10.592
38026_at	54.632	72.641	74.537	74.887	69.769	69.822	76.318	70.257
38027_at	126.977	122.599	128.946	108.103	118.674	130.317	123.66	121.022
38028_at	80.079	79.754	76.577	72.783	74.291	78.62	72.596	88.49
38029_at	548.56	520.218	535.715	511.49	515.913	544.669	511.717	580.678
38030_at	70.444	76.77	70.421	75.502	68.674	70.424	74.692	69.058
38031_at	112.673	101.516	104.305	99.128	111.066	120.025	107.495	106.427
38032_at	205.789	185.903	181.743	185.382	207.535	206.19	196.787	199.549
38033_at	87.223	88.711	87.971	86.281	79.634	82.55	82.558	72.612
38034_at	64.52	62.671	61.111	56.002	69.42	70.208	82.255	64.724
38035_at	114.356	117.59	107.243	99.87	110.037	116.245	102.118	112.304
38036_at	162.443	208.978	204.555	196.209	159.102	172.636	187.614	162.673
38037_at	116.226	112.913	99.34	104.967	108.787	108.295	111.823	110.222
38038_at	392.016	489.974	440.717	486.545	399.25	375.691	453.584	370.795
38039_at	44.575	38.783	45.228	43.382	46.153	45.069	36.402	39.855
38040_at	55.631	59.149	59.392	60.152	65.6	54.856	53.215	53.485
38041_at	78.424	97.101	86.192	92.023	80.715	86.093	84.767	75.566
38042_at	93.822	91.337	94.141	86.031	97.416	91.097	101.676	98.724
38043_at	373.423	361.028	406.256	383.367	440.223	400.748	379.386	378.988
38044_at	249.062	265.561	290.124	242.835	248.543	271.36	226.061	242.862
38045_at	72.007	70.146	65.925	68.339	76.527	72.054	70.169	65.595
38046_at	108.41	112.574	127.78	117.13	115.443	116.132	109.089	112.847
38047_at	119.841	133.094	118.502	117.777	130.603	116.911	109.383	117.881
38048_at	32.593	18.086	24.704	21.509	19.468	27.893	19.452	19.717
38049_g_at	211.694	245.342	221.783	242.909	224.785	220.088	243.946	224.453
38050_at	184.242	217.545	174.292	197.487	187.52	182.004	203.202	191.526
38051_at	230.872	248.8	245.772	227.625	237.58	224.982	216.049	220.929
38052_at	70.911	71.02	75.144	80.178	68.654	70.814	67.758	63.339
38053_s_at	87.488	101.896	94.729	98.812	98.51	94.028	87.155	88.261
38054_at	207.052	220.918	214.597	221.142	206.13	197.357	206.619	198.175
38055_at	96.65	100.717	102.041	101.332	101.391	99.761	94.731	97.189
38056_at	373.444	389.525	389.059	392.898	366.576	361.728	352.632	340.091
38057_at	419.573	383.07	392.285	377.185	377.121	368.724	442.805	355.253
38058_at	260.513	245.13	257.515	245.951	267.659	254.733	221.442	236.895
38059_g_at	42.206	46.515	44.24	47.111	44.673	44.812	48.233	44.042
38060_at	325.144	372.728	367.053	394.009	344.867	332.428	375.328	334.074
38061_at	2257.541	2709.898	2645.051	2809.819	2716.666	2650.941	2784.648	2624.231
38062_at	200.386	203.503	198.214	187.917	205.568	206.182	203.689	218.643
38063_at	406.392	365.088	350.34	353.988	416.312	426.927	370.277	456.814
38064_at	181.549	171.574	174.096	161.813	177.343	176.592	186.779	196.703
38065_at	71.27	73.848	58.94	64.345	64.527	62.032	69.136	71.646
38066_at	180.826	164.419	154.196	165.89	176.99	184.468	181.444	192.198
38067_at	179.202	183.41	180.591	183.187	203.158	194.949	200.649	202.295
38068_at	97.043	93.025	93.851	84.204	102.901	95.691	84.406	98.523
38069_at	272.045	275.745	254.683	274.119	275.252	272.007	262.065	279.498
38070_at	200.019	235.677	198.302	220.868	192.931	208.131	186.649	189.303
38071_at	98.879	90.655	83.334	89.843	109.311	104.756	96.002	108.019
38072_at	117.902	134.223	120.123	130.109	126.084	115.852	129.02	117.142
38073_at	49.296	46.689	43.199	45.475	46.951	48.952	41.801	42.45
38074_at	239.466	273.636	234.845	256.088	234.32	231.07	247.795	235.292
38075_at	248.06	279.043	256.225	251.456	227.443	241.269	247.984	243.142
38076_at	601.246	634.155	629.753	589.621	651.689	600.077	627.775	631.983
38077_at	179.296	177.021	168.411	169.7	181.006	172.184	165.689	177.152
38078_at	151.566	161.082	140.362	160.305	145.81	144	151.537	165.942
38079_at	247.346	246.902	260.68	244.205	236.401	240.402	233.208	202.437
38080_at	599.879	659.086	699.95	682.478	653.45	654.075	663.46	672.777
38081_at	164.389	178.89	165.239	171.465	166.692	165.522	182.753	167.744
38082_at	32.733	43.141	36.419	33.537	26.344	26.853	30.63	25.327
38083_at	67.602	58.683	63.003	61.978	60.837	63.257	64.591	64.318
38084_at	42.097	53.964	40.3	44.706	37.431	46.705	42.929	38.063
38085_at	56.259	67.931	51.279	60.992	60.779	61.25	59.465	57.506
38086_at	21.279	21.254	20.085	20.224	18.293	19.899	22.115	18.135
38087_s_at	140.133	136.595	140.576	139.033	150.267	142.681	151.634	128.379
38088_r_at	675.901	671.182	741.725	696.74	759.515	745.102	694.42	703.448
38089_at	49.376	60.871	71.954	61.836	62.239	55.168	61.174	63.269
38090_at	143.253	149.797	151.018	149.303	161.69	149.606	145.524	135.568
38091_at	509.278	474.03	484.65	482.174	516.381	498.134	488.526	480.472
38092_at	16.077	14.07	17.364	13.25	14.599	13.729	16.644	20.186
38093_at	83.723	100.395	95.574	100.117	89.535	84.692	93.686	88.015
38094_at	200.751	226.411	186.982	227.768	198.907	189.473	197.11	187.132
38095_i_at	246.388	284.147	277.634	287.208	264.343	270.932	252.052	271.931
38096_f_at	92.731	136.914	102.735	125.825	108.282	110.04	110.557	106.726
38097_at	912.241	978.852	955.273	957.382	971.828	992.331	918.362	937.146
38098_at	62.371	71.419	62.489	73.068	65.627	62.282	67.383	63.104
38099_r_at	36.538	40.079	33.155	41.863	36.352	33.447	33.588	31.779
38100_at	63.977	80.405	70.518	73.391	63.571	66.638	65	66.166
38101_at	123.223	116.332	116.851	122.479	135.491	125.597	132.195	131.18
38102_at	49.607	56.786	50.358	50.648	49.538	52.857	46.308	48.843
38103_at	111.62	103.431	104.447	101.046	114.579	104.895	113.151	118.301
38104_at	234.161	237.615	212.927	225.589	229.1	222.339	230.814	244.788
38105_at	224.322	224.687	218.222	222.073	228.226	229.196	213.395	228.845
38106_at	229.084	261.642	189.266	247.862	237.576	220.053	192.692	226.76
38107_at	186.059	188.219	191.925	176.331	176.501	177.183	191.919	185.11
38108_at	143.656	152.899	137.977	145.875	145.803	157.872	138.942	133
38109_at	84.066	91.132	97.714	89.167	88.699	92.933	84.392	80.424
38110_at	195.524	229.299	235.106	232.954	210.181	211.253	204.27	232.406
38111_at	21.388	21.959	20.349	22.827	17.258	18.254	23.018	19.786
38112_g_at	42.863	42.094	42.948	43.101	43.554	37.654	35.84	37.749
38113_at	113.969	119.06	118.301	124.94	121.814	119.372	124.947	127.647
38114_at	89.497	98.421	81.197	91.775	92.775	86.216	95.183	85.798
38115_at	97.542	102.118	91.985	97.375	96.613	97.79	104.837	96.118
38116_at	85.371	79.832	76.206	82.438	94.362	77.723	88.745	76.952
38117_at	234.317	208.913	232.986	211.662	241.452	224.463	213.083	229.916
38118_at	179.877	198.916	182.085	192.665	188.554	186.49	192.952	186.289
38119_at	461.345	570.978	485.055	466.249	406.891	477.45	484.211	437.451
38120_at	112.873	119.365	104.04	117.131	108.803	111.466	112.474	115.879
38121_at	148.667	167.245	161.026	170.721	167.007	160.041	179.129	164.948
38122_at	85.681	87.477	89.867	83.282	95.214	86.223	85.702	87.835
38123_at	106.922	102.22	105.697	96.517	105.81	102.089	102.016	97.211
38124_at	152.77	156.552	153.393	157.786	161.998	160.94	160.513	161.797
38125_at	105.646	109.772	103.539	103.732	112.661	110.777	103.504	105.839
38126_at	495.318	532.099	529.909	557.534	534.636	492.749	494.391	469.136
38127_at	436.72	432.447	389.797	422.439	465.436	374.207	466.701	395.098
38368_at	146.176	172.39	144.093	157.223	141.454	136.5	158.768	142.03
38369_at	124.708	116.753	115.682	112.92	123.192	121.753	117.191	117.703
38370_at	37.946	26.735	29.817	28.03	41.324	34.29	33.589	33.124
38371_at	64.075	70.659	56.81	67.047	61.863	54.853	60.771	61.361
38372_at	186.595	211.618	197.486	211.603	203.977	200.078	202.153	198.624
38373_g_at	189.835	185.004	191.115	177.038	175.483	176.587	180.494	175.087
38374_at	96.265	118.28	105.295	110.297	96.664	99.081	105.429	99.168
38375_at	118.3	139.085	118.519	140.291	131.84	125.799	133.656	123.334
38376_at	661.767	731.564	744.604	764.785	753.637	717.74	745.368	713.534
38377_at	254.48	229.377	253.542	238.118	268.982	233.818	232.7	226.224
38378_at	67.03	66.281	61.898	66.355	77.963	70.349	62.538	63.175
38379_at	32.224	42.012	38.425	35.526	33.147	34.943	35.547	37.972
38380_at	76.187	81.479	73.541	75.26	80.322	72.61	76.512	72.137
38381_at	158.027	159.069	168.855	164.995	171.582	162.834	155.154	156.359
38382_at	117.695	101.049	109.418	107.676	107.717	117.587	112.568	112.653
38383_at	62.265	70.618	72.498	71.428	62.38	65.116	76.574	69.79
38384_at	173.561	142.028	160.073	142.613	160.426	171.805	177.591	176.967
38385_at	707.536	737.847	616.328	593.164	618.497	614.264	656.2	678.994
38386_r_at	100.518	112.385	132.835	136.105	115.768	120.187	142.594	118.832
38387_at	33.386	33.117	30.242	31.169	31.456	29.588	29.038	29.437
38388_at	46.976	43.418	44.239	48.83	50.37	42.2	49.147	43.538
38389_at	62.853	62.177	55.452	55.21	57.115	61.129	54.994	60.852
38390_at	90.199	71.874	82.876	68.135	80.209	84.886	83.642	78.991
38391_at	88.1	91.992	80.939	85.904	77.041	80.429	83.074	83.309
38392_at	150.593	187.842	189.745	201.016	161.072	158.444	192.105	165.474
38393_at	128.823	136.373	130.387	133.055	124.092	129.243	119.446	121.957
38394_at	116.714	122.671	104.071	115.25	113.958	113.344	125.983	117.02
38395_at	41.997	41.819	42.131	52.163	37.919	40.244	41.908	43.731
38396_at	107.418	95.656	97.994	97.278	98.523	99.263	99.392	103.981
38397_at	437.515	433.758	435.303	433.032	456.6	412.199	437.329	424.457
38398_at	179.432	191.149	189.311	205.673	186.855	194.049	208.416	184.075
38399_at	146.402	156.646	149.834	151.927	145.491	161.139	160.286	156.947
38400_at	204.639	229.454	222.291	227.466	250.762	219.898	238.828	212.296
38401_s_at	138.982	142.997	148.981	147.05	160.719	164.821	147.165	139.976
38402_at	91.198	134.38	116.392	139.449	130.773	129.232	138.344	141.56
38403_at	110.294	135.984	112.287	119.73	113.329	104.577	107.395	103.471
38404_at	91.921	118.985	121.941	100.179	118.898	97.151	114.569	111.657
38405_at	34.198	34.174	30.052	36.177	32.966	31.454	34.638	28.81
38406_f_at	563.605	509.122	546.319	539.909	781.607	669.375	696.92	660.69
38407_r_at	486.836	478.013	480.445	462.768	466.695	471.385	439.705	443.314
38408_at	268.072	267.147	264.559	267.395	271.371	252.667	276.27	257.592
38409_at	192.135	255.052	205.096	255.532	205.779	185.123	252.118	197.435
38410_at	104.712	109.947	101.635	109.994	108.151	106.787	97.16	96.102
38411_at	122.597	105.046	124.809	106.951	120.568	142.403	103.394	126.101
38412_at	267.968	292.718	277.691	311.249	297.548	281.264	290.376	269.054
38413_at	200.109	215.46	220.297	230.472	219.122	206.278	207.524	199.056
38414_at	123.348	127.341	126.769	126.033	124.805	125.604	136.897	128.896
38415_at	31.403	31.689	29.975	25.279	29.421	27.256	29.617	29.128
38416_at	86.043	97.657	97.638	90.861	97.463	90.947	88.37	88.529
38417_at	423.549	432.183	461.18	454.599	506.904	473.226	437.817	430.51
38418_at	232.453	280.581	255.655	268.204	259.996	258.565	262.239	239.997
38419_at	50.054	47.302	49.581	49.51	34.12	41.83	48.024	39.106
38420_at	108.884	110.863	106.084	120.281	117.191	115.749	100.91	117.554
38421_at	98.413	105.372	106.503	114.729	112.171	101.466	106.694	108.655
38422_s_at	64.778	60.164	68.077	60.196	69.995	61.878	62.835	68.066
38423_at	312.861	295.314	309.017	298.402	276.803	291.109	266.223	309.61
38424_at	102.099	99.696	99.967	99.363	94.373	95.365	100.398	90.805
38425_at	223.683	205.768	193.834	216.987	215.81	215.375	232.214	222.276
38426_at	73.583	66.333	68.209	60.949	60.874	60.69	66.888	55.771
38427_at	99.167	96.83	93.378	93.232	99.392	97.645	89.728	97.641
38428_at	68.075	54.541	60.852	57.423	59.521	58.539	73.804	63.241
38429_at	255.089	243.413	236.297	256.108	258.721	231.852	244.177	239.255
38430_at	66.351	69.427	71.678	74.162	64.361	69.189	75.794	66.579
38431_at	201.901	195.29	185.632	190.491	191.181	188.515	188.989	204.443
38432_at	68.269	74.35	75.377	83.743	78.734	79.805	78.994	72.228
38433_at	55.909	49.169	54.383	42.114	57.778	51.812	53.758	59.965
38434_at	240.133	237.6	229.935	222.109	235.732	239.154	235.305	229.654
38435_at	979.223	1190.361	1066.913	1134.875	950.843	931.415	1015.812	929.019
38436_at	49.431	47.125	44.919	44.322	51.799	47.766	50.384	47.545
38437_at	303.419	314.276	313.605	314.226	303.511	298.144	322.274	322.727
38438_at	495.768	448.162	473.731	473.22	549.166	478.508	546.194	478.187
38439_at	185.702	177.36	206.984	194.835	192.548	184.341	202.155	175.828
38440_s_at	179.609	193.226	199.725	204.698	186.922	183.047	197.94	187.338
38441_s_at	309.212	372.673	343.964	391.608	353.226	325.57	351.384	317.556
38442_at	428.129	465.589	447.991	456.858	460.83	463.126	438.316	445.686
38443_at	97.027	115.538	100.881	111.818	108.105	110.221	90.254	105.873
38444_at	113.357	116.397	123.399	127.951	130.473	124.529	121.969	117.16
38445_at	406.929	441.879	437.692	456.348	439.438	432.912	460.013	428.83
38446_at	43.853	41.542	39.874	40.707	34.15	37.54	38.318	36.675
38447_at	604.366	533.464	615.806	555.048	597.894	565.892	605.868	572.069
38448_at	129.509	118.523	135.066	128.488	119.54	129.178	154.336	114.134
38449_at	298.672	294.092	280.034	316.217	294.946	285.294	287.821	285.356
38450_at	145.362	168.992	165.528	170.162	171.661	156.656	155.061	176.642
38451_at	444.634	540.572	511.972	543.782	481.3	453.035	478.871	460.999
38452_at	47.785	50.775	56.166	49.829	41.72	46.849	50.292	44.084
38453_at	77.08	68.28	69.309	71.551	75.062	80.54	76.819	77.898
38454_g_at	141.432	144.04	135.565	147.425	140.71	141.63	135.215	134.026
38455_at	171.456	197.224	183.381	188.18	168.083	176.128	190.337	171.524
38456_s_at	581.218	580.122	624.055	629.188	603.697	592.115	615.786	551.153
38457_at	66.619	67.643	87.179	92.808	76.727	70.366	90.346	78.832
38458_at	118.129	138.075	141.357	138.863	131.678	136.339	138.767	133.358
38459_g_at	296.228	371.109	321.759	366.384	298.936	295.869	342.576	298.622
38460_at	24.549	19.848	20.981	19.647	23.615	19.219	23.79	19.81
38461_at	58.638	59.27	55.902	52.029	70.343	64.761	56.993	75.902
38462_at	134.858	152.001	131.95	139.208	131.798	130.55	135.956	127.631
38463_s_at	62.881	60.009	61.868	60.217	60.973	69.603	64.911	73.965
38464_at	269.056	272.463	269.862	263.407	271.497	265.087	252.498	271.132
38465_at	237.972	250.482	228.115	222.935	222.151	231.947	210.68	244.019
38466_at	24.145	23.704	26.755	36.216	27.941	29.627	28.653	26.057
38467_at	108.482	98.259	97.455	97.235	107.384	108.732	101.234	112.587
38468_at	154.218	145.108	152.475	157.787	162.856	162.541	150.841	161.633
38469_at	404.246	420.29	374.21	425.987	400.404	393.22	430.091	406.479
38470_i_at	17.728	20.744	17.035	19.236	17.783	16.761	17.406	17.733
38471_r_at	34.139	37.109	32.898	34.423	33.23	33.938	33.799	36.733
38472_at	189.502	194.222	170.136	186.076	186.739	178.133	206.055	187.69
38473_at	165.304	192.003	163.597	198.246	182.002	181.408	173.078	183.131
38474_at	123.239	148.298	139.445	148.392	110.528	121.227	147.194	116.947
38475_at	228.952	243.624	248.12	237.664	218.195	230.876	236.589	218.298
38476_at	181.857	163.693	173.668	161.039	189.724	174.304	180.649	170.868
38477_at	167.557	190.138	185.513	182.879	159.281	171.276	160.394	172.253
38478_at	346.65	310.378	311.984	304.786	360.86	314.821	354.834	329.647
38479_at	388.581	447.662	432.46	463.736	411.241	410.738	440.705	400.073
38480_s_at	329.315	361.314	367.021	360.098	350.353	320.74	365.289	324.965
38481_at	65.893	78.046	85.506	84.301	80.067	71.554	93.473	76.489
38482_at	208.142	224.223	225.834	226.708	206.769	216.416	234.654	213.878
38483_at	226.02	235.168	234.179	237.926	235.205	231.336	234.079	231.866
38484_at	94.534	87.724	78.482	91.922	89.994	87.365	74.234	84.551
38485_at	464.544	500.018	457.574	494.943	458.778	457.067	465.476	448.37
38486_at	147.49	145.515	154.991	155.925	161.23	166.445	152.337	156.019
38487_at	367.202	379.391	371.825	360.363	348.99	363.66	340.547	353.374
38727_at	55.832	53.186	55.415	56.984	51.926	59.612	63.11	52.11
38728_at	115.389	115.377	138.173	133.586	135.335	125.514	119.308	119.365
38729_at	534.714	527.162	496.879	530.876	547.372	486.756	496.251	463.595
38730_at	541.64	516.716	524.491	544.554	594.192	556.839	569.056	565.161
38731_at	73.57	74.16	84.648	77.985	76.569	81.525	66.633	73.2
38732_at	114.882	142.055	118.421	126.075	110.64	128.233	110.397	112.487
38733_at	259.335	281.54	267.373	279.105	290.435	284.293	260.564	261.789
38734_at	99.068	102.567	104.726	106.525	134.805	146.682	127.132	138.792
38735_at	296.046	316.707	318.142	329.042	364.097	342.971	323.468	328.553
38736_at	287.857	255.252	290.758	263.153	306.26	284.827	299.967	265.061
38737_at	21.114	21.899	22.369	23.298	22.865	21.125	24.028	20.678
38738_at	457.219	523.086	504.117	553.134	529.177	485.288	525.27	486.112
38739_at	74.944	80.972	101.331	99.628	81.815	94.707	83.675	81.75
38740_at	528.923	545.481	569.553	551.185	583.481	552.862	539.407	558.07
38741_at	345.037	329.687	339.888	339.962	372.661	337.688	335.816	338.708
38742_s_at	79.258	70.81	83.759	69.856	86.428	82.846	77.254	77.568
38743_f_at	379.795	410.507	427.73	423.577	375.519	388.614	427.951	415.024
38744_at	112.606	141.562	110.487	127.471	104.218	106.103	104.273	104.954
38745_at	108.703	101.13	91.223	99.011	108.888	101.476	92.212	109.13
38746_at	219.569	213.456	207.251	225.058	210.064	208.924	234.567	237.625
38747_at	272.693	256.234	266.725	251.107	262.879	292.178	257.316	295.664
38748_at	36.958	34.687	34.207	30.755	35.965	34.67	38.104	35.371
38749_at	191.372	220.724	196.706	196.24	204.072	194.213	182.887	208.108
38750_at	161.118	179.25	178.246	184.116	161.465	168.329	171.464	178.074
38751_i_at	1591.664	1547.646	1600.645	1666.812	1529.86	1466.401	1668.503	1540.959
38752_r_at	2217.065	2118.686	2105	2155.225	2244.078	2239.629	2142.883	2277.842
38753_at	174.518	220.699	224.924	224.848	219.93	197.231	210.002	220.975
38754_at	615.152	740.902	720.652	771.087	687.717	687.957	677.421	667.396
38755_at	385.982	396.923	392.341	369.456	429.286	365.707	366.849	363.645
38756_at	90.205	98.596	90.631	80.451	87.163	90.959	88.236	85.697
38757_at	148.667	144.852	131.755	139.293	158.809	147.191	164.94	145.545
38758_at	494.791	482.816	507.399	488.298	497.732	491.366	489.043	464.323
38759_at	55.695	53.931	56.803	56.461	51.498	50.564	54.668	54.34
38760_f_at	101.761	99.144	100.027	99.449	107.013	93.56	95.683	88.404
38761_s_at	69.412	76.763	74.35	68.148	80.744	76.216	74.974	71.341
38762_at	221.905	241.446	242.676	236.642	229.266	230.653	251.011	229.908
38763_at	83.255	97.428	88.078	97.852	84.633	81.29	90.304	85.813
38764_at	95.786	114.827	97.117	111.647	96.553	100.098	103.074	101.274
38765_at	15.375	11.73	15	18.07	14.385	14.33	14.254	14.966
38766_at	148.594	156.49	155.386	141.581	158.252	155.906	143.867	148.789
38767_at	252.91	255.112	265.749	253.676	257.103	277.74	254.903	264.507
38768_at	89.33	96.696	87.58	91.152	86.374	85.007	92.375	86.114
38769_at	45.57	44.809	44.372	43.287	44.096	37.891	35.823	38.538
38770_at	20.132	26.014	24.072	28.603	21.249	28.447	20.749	25.502
38771_at	212.376	232.447	233.331	238.314	218.129	232.898	214.656	228.415
38772_at	42.385	48.266	46.184	44.389	43.051	40.754	48.405	40.881
38773_at	39.94	41.847	40.42	40.153	40.423	36.787	36.77	30.911
38774_at	87.695	92.749	78.077	87.093	93.761	77.898	74.099	72.269
38775_at	93.534	94.09	95.017	95.385	92.976	93.232	79.647	88.257
38776_at	32.626	30.506	30.341	31.071	29.954	30.467	28.103	28.979
38777_at	82.488	88.996	90.048	85.124	95.618	84.576	73.559	82.541
38778_at	232.999	266.663	252.041	300.011	252.131	244.894	281.18	253.233
38779_r_at	415.499	438.678	455.9	455.169	486.786	460.986	432.035	465.436
38780_at	424.161	451.375	440.677	471.795	459.68	465.297	465.737	470.865
38781_at	143.432	158.672	138.233	146.058	129.753	132.439	138.601	128.29
38782_at	34.333	37.002	28.585	33.497	34.973	35.663	34.155	34.46
38783_at	641.435	672.175	642.791	644.167	565.072	619.547	678.181	646.614
38784_g_at	652.343	675.59	664.956	667.992	701.67	682.964	696.324	735.4
38785_at	86.184	86.919	86.857	95.125	86.933	91.371	98.126	97.127
38786_at	306.452	265.627	284.862	251.824	345.802	283.658	269.538	323.65
38787_at	543.292	551.115	590.985	614.73	611.658	570.336	577.792	586.704
38788_at	116.6	106.199	102.188	106.545	109.444	103.159	104.472	97.47
38789_at	168.144	184.795	164.503	155.811	162.803	162.506	159.677	168.214
38790_at	328.575	303.898	296.895	292.216	283.556	287.578	339.074	308.751
38791_at	607.607	681.356	640.999	676.361	621.784	614.826	658.391	618.818
38792_at	236.626	208.693	219.633	203.552	219.437	228.628	199.356	232.737
38793_at	67.041	71.623	74.41	79.093	76.901	80.738	90.187	76.834
38794_at	266.697	269.118	258.065	262.423	274.465	275.581	258.561	262.771
38795_s_at	142.842	153.296	148.258	132.424	145.73	147.247	136.44	144.291
38796_at	94.415	98.497	94.534	98.794	97.197	99.495	88.655	97.362
38797_at	811.717	944.311	840.684	951.521	833.428	793.799	923.781	772.015
38798_s_at	263.065	244.347	254.465	252.791	286.834	265.99	273.9	252.774
38799_at	627.414	648.053	616.914	655.259	682.851	633.181	626.207	605.756
38800_at	139.74	115.258	129.511	118.779	152.931	138.645	128.064	140.386
38801_at	158.843	182.487	154.253	178.316	162.688	151.531	170.75	160.769
38802_at	210.705	215.766	201.927	217.677	202.805	207.048	207.171	199.614
38803_at	102.713	117.51	119.211	117.639	108.538	115.754	98.882	105.747
38804_at	127.199	118.799	128.211	124.633	132.989	116.804	123.643	103.145
38805_at	74.295	79.027	77.794	81.112	83.517	75.351	76.579	74.097
38806_at	83.539	79.625	89.53	73.236	89.697	87.479	74.028	82.731
38807_at	51.778	55.935	60.836	60.233	53.292	54.3	58.963	56.155
38808_at	304.159	305.704	306.766	318.758	308.523	314.425	342.558	367.836
38809_s_at	463.567	464.562	469.071	450.811	449.409	479.91	428.566	468.192
38810_at	228.735	226.983	247.152	251.261	238.254	234.575	245.499	209.64
38811_at	241.616	212.444	242.063	228.221	251.543	258.96	257.635	262.968
38812_at	206.945	250.661	233.738	249.225	227.369	237.351	222.285	228.84
38813_at	176.149	184.843	184.598	186.477	174.885	179.897	167.815	171.349
38814_at	320.25	348.987	274.962	327.213	314.183	287.201	319.883	281.494
38815_at	58.887	71.406	64.101	69.07	64.513	60.057	60.638	57.056
38816_at	36.212	37.246	42.77	36.307	36.013	39.198	37.708	32.454
38817_at	206.021	215.305	231.197	228.89	222.176	207.776	214.717	196.945
38818_at	212.745	222.325	223.792	212.293	240.084	209.893	186.034	201.348
38819_at	100.884	101.888	106.327	105.858	111.124	113.635	104.05	101.048
38820_at	61.781	75.118	67.823	69.875	64.001	61.763	48.678	62.142
38821_at	415.777	442.9	517.112	486.025	454.216	454.942	485.108	489.562
38822_at	130.296	131.63	127.584	121.691	126.468	123.833	119.837	132.454
38823_s_at	53.112	56.261	48.636	49.59	53.143	54.219	54.021	57.157
38824_at	148.362	161.701	154.847	141.026	160.357	148.038	172.07	164.371
38825_at	134.955	136.78	143.136	120.048	134.253	128.451	130.543	147.503
38826_at	80.155	80.407	76.812	77.215	82.974	73.333	74.238	71.368
38827_at	55.463	62.735	51.348	56.908	52.033	58.023	54.682	57.091
38828_s_at	97.732	91.234	88.006	84.513	95.547	92.384	90.646	102.027
38829_r_at	12.409	11.539	9.657	10.038	10.612	9.532	8.911	11.559
38830_at	251.625	243.4	233.74	228.916	233.472	238.596	226.58	237.266
38831_f_at	109.22	115.23	91.917	106.15	103.999	95.794	99.195	88.69
38832_r_at	1309.73	1321.271	1303.312	1243.106	1391.317	1346.775	1306.817	1334.672
38833_at	584.097	539.018	561.063	567.538	582.569	552.882	694.021	579.3
38834_at	56.324	61.13	68.447	57.606	63.577	60.959	57.628	62.183
38835_at	285.392	277.688	275.203	300.403	303.567	284.806	311.113	283.968
38836_at	60.182	57.546	62.756	58.181	64.546	64.113	70.529	60.039
38837_at	73.584	67.474	68.445	63.466	65.826	69.479	66.16	72.89
38838_at	50.696	45.842	49.214	53.652	51.242	52.931	47.768	46.352
38839_at	123.737	137.969	134.821	141.468	126.18	130.085	136.769	140.42
38840_s_at	144.021	173.145	132.462	165.926	165.722	142.893	149.985	157.498
38841_at	60.701	72.422	74.118	62.072	70.715	63.878	71.479	71.338
38842_at	55.082	58.894	56.338	48.375	61.22	57.39	54.913	55.069
38843_at	96.819	109.701	98.088	96.599	91.48	98.122	82.418	89.933
38844_at	89.181	83.87	79.466	86.71	86.556	83.988	93.161	85.935
38845_at	463.492	466.216	450.233	439.268	455.505	463.884	446.515	440.456
38846_at	119.42	143.502	121.492	152.737	108.327	115.229	117.37	108.633
39086_g_at	37.844	48.333	40.207	47.087	40.43	44.95	41.313	41.651
39087_at	21.907	24.706	24.71	23.971	20.853	23.165	18.128	23.034
39088_at	1131.434	1181.045	1223.646	1150.439	1266.58	1162.935	1101.099	1155.273
39089_at	219.914	216.843	239.845	234.433	237.796	231.676	202.322	226.469
39090_at	21.389	25.463	32.756	27.585	22.309	26.536	29.141	22.882
39091_at	110.63	137.396	121.237	131.116	125.987	126.014	122.466	116.168
39092_at	239.912	277.503	271.407	299.337	271.521	249.291	277.782	243.294
39093_s_at	91.435	62.938	70.176	68.687	76.227	66.83	92.755	71.269
39094_at	412.722	365.044	400.441	362.183	429.276	409.963	339.004	391.908
39095_at	124.214	128.427	118.826	128.191	163.556	156.881	143.543	161.256
39096_at	60.832	74.341	64.878	71.062	62.513	59.243	67.067	59.4
39097_at	240.467	279.285	242.427	259.484	251.705	231.465	224.421	237.917
39098_at	128.35	148.474	151.736	144.874	132.002	130.071	135.886	135.507
39099_at	57.131	62.874	58.311	61.171	57.668	58.691	56.735	56.945
39100_at	25.66	24.922	23.66	19.23	23.179	20.369	21.062	25.715
39101_at	81.952	67.332	64.684	62.607	83.395	76.818	56.982	77.78
39102_at	26.68	27.561	27.633	25.053	24.067	29.336	29.267	26.983
39103_s_at	487.424	502.672	481.691	477.17	523.747	492.174	442.917	473.335
39104_at	107.505	99.811	100.688	97.796	106.594	104.735	107.804	102.385
39105_at	42.312	51.556	50.334	44.18	48.764	41.674	42.907	43.839
39106_at	56.442	48.854	53.191	44.377	48.373	51.479	42.343	43.678
39107_at	161.731	146.035	142.685	131.644	144.371	149.467	131.332	159.457
39108_at	383.625	381.415	356.618	362.567	385.305	366.494	370.066	367.071
39109_at	150.844	124.76	136.585	122.734	134.658	139.746	129.7	134.35
39110_at	285.55	299.169	270.439	299.122	293.382	279.904	307.745	285.925
39111_s_at	48.805	48.444	46.838	48.613	50.726	50.158	44.769	47.261
39112_at	128.994	126.43	125.692	122.426	121.532	128.445	132.541	125.061
39113_at	317.338	333.285	328.739	332.739	297.174	279.541	317.08	305.164
39114_at	520.239	586.7	544.847	585.652	543.809	491.956	503.055	506.177
39115_at	234.268	234.216	229.917	227.017	234.384	231.217	218.128	226.676
39116_at	156.931	158.175	146.125	141.339	160.714	163.356	137.718	158.164
39117_at	76.594	83.623	75.773	78.703	79.436	82.109	80.62	82.454
39118_at	136.31	144.562	139.462	125.823	115.058	120.565	112.14	112.505
39119_s_at	544.656	607.532	599.882	636.101	582.773	566.548	642.59	599.141
39120_at	487.942	519.47	511.197	494.991	522.623	523.101	480.102	493.845
39121_at	87.909	82.828	78.958	81.022	98.746	85.663	82.36	87.254
39122_at	569.478	507.714	560.438	527.181	586.232	557.892	544.039	530.587
39123_s_at	28.665	27.696	30.855	23.547	23.791	27.83	30.563	28.285
39124_r_at	60.173	59.83	68.68	63.021	71.623	67.59	65.969	73.64
39125_at	326.241	298.772	281.387	295.657	313.001	316.435	262.497	275.291
39126_at	91.255	93.399	87.175	91.81	92.015	89.995	77.792	86.043
39127_f_at	193.796	263.872	240.68	257.5	212.563	246.449	253.112	238.946
39128_r_at	660.101	655.245	691.606	650.318	716.834	653.474	651.518	632.03
39129_at	69.097	80.063	81.663	83.77	73.06	72.782	84.165	73.45
39130_at	193.551	203.107	194.538	193.151	210.813	207.88	194.688	186.086
39131_at	145.465	172.315	165.454	168.824	145.39	146.775	148.238	146.385
39132_at	30.182	37.857	32.373	41.75	31.487	32.907	35.601	33.283
39133_at	82.913	95.575	92.111	92.995	81.424	84.262	85.893	85.09
39134_at	109.876	117.036	108.372	111.005	114.795	110.884	104.655	106.417
39135_at	46.486	48.818	52.792	48.591	47.242	49.97	49.382	45.082
39136_at	71.867	72.397	66.203	65.791	71.307	71.364	64.91	67.074
39137_at	213.388	221.64	200.027	220.073	245.481	221.514	190.395	209.739
39138_g_at	221.661	214.534	214.038	225.833	230.041	229.658	210.647	202.706
39139_at	376.112	364.59	354.588	396.285	352.455	338.371	306.068	312.471
39140_at	38.564	36.084	32.608	36.001	33.214	35.89	35.676	35.965
39141_at	247.692	226.896	224.171	209.562	227.204	235.736	246.911	246.51
39142_at	21.372	22.925	21.729	23.677	24.741	19.736	19.569	18.636
39143_at	135.391	121.456	128.953	128.493	160.625	144.411	149.058	155.054
39144_at	140.051	156.148	153.626	141.367	165.627	154.575	148.483	151.958
39145_at	165.673	190.448	177.446	184.88	174.574	175.929	165.15	191.229
39146_at	27.178	25.239	24.749	23.275	28.556	28.236	25.188	29.363
39147_g_at	206.131	200.613	187.779	195.507	197.571	201.366	188.244	222.633
39148_s_at	20.602	22.677	18.095	27.193	21.354	25.833	24.738	24.286
39149_at	154.284	157.783	151.591	157.951	169.074	152.72	169.759	156.374
39150_at	73.737	57.308	51.603	55.935	52.961	57.534	62.252	58.732
39151_at	153.141	136.496	144.532	149.905	137.306	139.217	114.042	138.997
39152_f_at	139.839	141.648	136.903	135.266	152.286	139.682	140.883	148.285
39153_r_at	22.413	28.404	22.111	25.894	23.504	24.574	21.087	21.708
39154_at	182.464	201.37	188.915	211.7	202.353	193.766	208.973	186.36
39155_at	278.589	274.99	280.614	290.707	319.421	330.24	296.819	344.451
39156_at	15.851	16.174	17.434	16.228	16.029	16.576	15.796	16.611
39157_at	805.905	755.387	846.831	757.007	937.265	894.12	841.722	848.801
39158_at	210.973	168.673	194.052	187.071	244.009	199.291	226.08	220.804
39159_at	123.757	120.595	126.159	126.941	136.485	135.756	124.198	133.904
39160_at	168.57	191.142	185.107	188.664	172.108	179.09	206.512	179.598
39161_at	44.324	38.471	40.674	40.93	46.983	52.115	37.034	44.296
39162_at	192.844	239.612	243.469	255.063	225.747	209.901	214.99	207.307
39163_at	160.934	182.919	179.237	190.646	164.233	151.644	183.086	151.635
39164_at	192.359	203.827	197.043	192.017	183.875	190.702	191.54	186.586
39165_at	366.474	421.862	395.643	406.69	369.923	372.186	367.501	373.601
39166_s_at	304.35	338.722	351.127	324.506	313.664	337.347	294.922	320.545
39167_r_at	109.005	116.973	125.772	136.307	126.578	117.105	143.036	126.008
39168_at	554.665	568.493	562.078	567.834	593.706	548.84	550.501	515.78
39169_at	261.025	289.454	268.622	313.015	273.146	254.79	254.301	245.951
39170_at	417.41	429.709	452.794	456.366	467.251	430.474	429.978	430.256
39171_at	217.583	217.897	212.853	206.261	219.996	213.593	182.769	196.289
39172_at	52.32	54.226	54.259	49.882	51.784	52.291	47.594	56.086
39173_at	326.288	367.205	376.657	361.611	363.96	360.158	345.022	334.673
39174_at	127.869	160.946	155.012	167.428	140.671	138.549	132.936	133.988
39175_at	100.668	111.263	113.592	111.746	104.256	116.349	101.988	101.068
39176_f_at	7736.761	8261.964	8137.012	8126.304	8163.596	8001.907	7873.536	7558.687
39177_r_at	18213.113	19044.781	19633.43	19748.879	19126.979	18861.926	19834.885	18816.992
39178_at	38.156	32.922	37.245	35.881	31.055	36.368	34.237	36.39
39179_at	75.501	69.32	68.438	77.008	81.612	74.732	78.785	76.378
39180_at	219.592	248.897	251.501	276.707	237.256	227.952	256.727	234.443
39181_at	135.618	119.425	130.227	115.117	140.826	128.529	133.3	146.176
39182_at	148.723	141.601	126.957	133.355	144.876	143.198	129.842	141.369
39183_at	161.123	170.704	151.168	151.181	169.72	153.51	152.299	168.734
39184_at	276.548	278.24	245.703	256.96	249.093	256	255.172	250.082
39185_at	477.699	480.914	501.913	484.004	447.8	476.451	492.787	444.943
39186_s_at	25.491	20.373	16.999	21.371	22.343	21.586	18.76	25.271
39187_at	358.873	336.419	336.678	340.539	345.156	365.832	299.349	358.358
39188_at	116.693	112.218	109.547	121.305	115.186	132.163	124.608	117.325
39189_at	117.304	114.782	126.662	110.948	139.537	129.099	113.352	122.312
39190_s_at	269.523	259.396	267.651	272.956	282.133	268.986	271.984	276.65
39191_at	142.151	142.082	128.889	128.932	139.972	129.59	124.9	127.59
39192_at	42.766	34.308	38.535	36.052	38.599	35.378	39.169	39.255
39193_at	39.026	32.676	40.189	35.209	40.115	37.145	33.649	30.845
39194_at	154.967	143.818	153.273	151.917	162.242	140.533	158.881	154.727
39195_s_at	66.258	70.52	80.23	76.489	75.115	81.887	64.317	75.091
39196_i_at	232.638	230.993	240.406	215.046	219.82	220.468	207.464	213.338
39197_s_at	51.61	44.186	45.491	45.807	49.933	48.515	43.017	51
39198_s_at	315.759	298.671	303.437	280.725	276.484	292.095	294.256	288.783
39199_at	240.756	249.837	262.206	265.809	273.649	254.721	269.114	269.389
39200_s_at	80.673	72.445	75.497	70.958	75.217	75.615	75.11	78.8
39201_r_at	23.743	21.443	26.632	28.56	23.57	24.88	29.668	25.8
39202_at	245.707	204.126	216.555	206.118	232.99	243.203	235.63	234.411
39203_at	49.696	47.256	49.994	43.7	58.571	56.447	49.271	50.653
39204_at	57.252	56.681	51.018	52.92	54.59	52.4	60.398	54.759
39205_at	84.965	94.469	98.359	112.566	100.395	92.734	111.01	104.436
39446_s_at	55.1	66.345	68.735	64.44	69.663	69.973	70.657	61.325
39447_f_at	94.986	91.64	90.523	95.304	85.051	82.973	79.725	84.249
39448_r_at	505.039	481.01	549.293	497.983	549.727	575.893	537.558	551.381
39449_at	7.756	12.26	14.911	9.19	9.048	14.826	13.686	13.035
39450_s_at	57.71	57.871	55.411	58.41	59.222	54.289	49.863	51.734
39451_i_at	318.517	311.557	303.978	310.285	327.08	300.189	315.288	292.341
39452_s_at	55.113	65.735	62.502	57.722	63.558	62.438	61.511	59.855
39453_at	30.489	27.758	28.267	27.54	24.166	29.793	28.8	27.929
39454_f_at	194.393	196.789	197.441	184.77	211.125	197.025	201.866	198.23
39455_r_at	1042.944	1049.055	1100.654	1088.146	1185.041	1220.059	1041.226	1036.84
39456_at	85.263	60.16	64.072	51.97	90.056	68.894	74.11	76.856
39457_r_at	15.293	14.5	10.722	12.035	17.275	18.861	11.595	14.712
39458_s_at	58.389	73.602	73.629	70.269	69.08	66.506	66.363	62.35
39459_at	378.877	346.637	365.677	337.091	364.025	391.21	332.269	372.129
39460_g_at	75.508	83.825	79.687	77.388	85.756	85.026	83.699	84.509
39461_s_at	63.847	63.658	72.669	61.328	76.09	69.016	70.33	73.006
39462_s_at	44.294	49.773	46.112	48.498	47.37	50.528	53.777	48.779
39463_at	53.234	53.599	47.029	50.978	58.993	55.994	53.598	48.397
39464_at	105.236	111.146	123.478	115.316	114.361	112.378	123.952	112.419
39465_f_at	209.873	188.099	188.899	176.553	201.379	195.07	193.18	210.568
39466_s_at	132.807	113.52	120.118	113.397	119.278	122.468	105.908	132.524
39467_f_at	161.287	143.724	133.398	121.023	146.029	148.265	125.915	143.305
39468_r_at	305.61	273.357	278.726	262.889	292.372	290.341	279.703	310.886
39469_s_at	185.441	183.865	164.241	167.748	223.934	201.084	198.419	199.818
39470_at	56.325	61.773	65.155	68.098	67.719	58.328	70.237	65.53
39471_at	104.371	115.165	101.892	111.867	112.385	115.189	110.654	116.524
39472_s_at	218.665	203.074	197.623	174.412	162.733	171.606	173.09	161.747
39473_r_at	3518.494	3654.023	4120.558	3763.173	4110.31	3932.249	3795.71	3628.043
39474_s_at	92.01	87.039	93.402	93.045	83.815	81.96	90.303	80.452
39475_at	190.686	202.053	209.539	186.944	191.601	209.652	201.663	184.225
39476_at	111.128	95.811	104.64	100.173	98.299	104.467	94.667	103.737
39477_s_at	158.46	157.384	167.724	162.811	169.854	177.076	175.279	174.55
39478_at	91.993	101.103	94.734	89.962	97.6	90.314	87.413	83.62
39479_g_at	116.95	122.812	118.415	104.385	115.806	112.342	119.532	99.638
39480_s_at	150.559	134.875	145.791	131.21	156.301	149.787	131.418	131.146
39481_at	94.101	99.524	98.962	108.745	101.409	101.368	101.132	100.159
39482_at	115.422	112.69	125.576	115.119	110.788	116.218	118.845	115.844
39483_s_at	14.957	11.073	11.983	15.375	16.675	13.472	9.254	10.821
39484_at	204.882	184.789	194.463	162.066	226.22	203.381	161.499	198.859
39485_g_at	35.637	33.084	30.466	27.939	31.074	33.147	28.034	31.914
39486_s_at	102.974	99.377	102.302	107.96	118.35	114.001	89.425	98.285
39487_at	120.462	118.053	121.137	126.915	135.863	118.932	134.04	122.279
39488_at	22.418	18.927	21.646	19.788	22.911	24.22	19.611	20.838
39489_g_at	293.457	239.311	275.285	262.871	290.697	268.956	298.747	301.186
39490_f_at	213.075	204.624	200.101	197.175	216.937	204.488	200.351	194.106
39491_s_at	29.949	34.822	28.64	31.09	36.068	29.831	34.256	37.886
39492_at	37.21	40.467	39.313	39.092	38.475	38.409	45.239	38.497
39493_at	23.15	21.762	20.631	25.245	23.169	20.832	23.55	19.134
39494_at	13.377	13.171	11.678	14.332	16.467	17.688	10.99	16.541
39495_at	68.359	64.346	69.568	64.2	72.335	65.487	47.485	65.205
39496_s_at	172.055	190.545	178.071	179.465	172.643	172.99	178.315	170.969
39497_at	53.074	54.729	51.714	55.03	57.452	56.488	56.502	51.792
39498_at	39.217	46.427	37.719	48.51	43.333	41.466	37.884	35.527
39499_s_at	167.566	142.491	155.267	136.717	159.806	156.38	163.474	182.888
39500_s_at	662.63	550.797	628.048	544.851	667.239	667.641	530.461	653.28
39501_f_at	225.16	226.015	246.83	232.429	259.961	234.686	256.115	245.292
39502_at	388.668	388.324	373.67	364.06	400.677	419.094	362.392	394.588
39503_s_at	189.478	176.686	182.09	163.49	177.617	184.099	155.166	194.464
39504_at	175.323	167.455	169.732	158.468	167.501	163.754	194.543	171.411
39505_at	229.812	220.284	213.755	208.122	204.973	220.992	199.649	236.416
39506_at	34.284	41.44	36.288	36.971	37.23	32.563	33.142	33.205
39507_at	186.786	210.231	192.405	182.764	185.239	182.005	189.309	187.584
39508_at	96.329	92.187	92.206	102.554	95.287	97.757	97.542	90.949
39509_at	205.918	193.064	184.285	229.297	216.477	193.709	207.463	199.984
39510_r_at	25.432	30.059	21.26	28.568	25.22	22.913	20.853	19.567
39511_at	215.442	250.423	220.807	236.677	247.277	235.706	264.576	234.469
39512_s_at	114.167	114.034	107.848	100.002	110.536	112.33	111.069	114.834
39513_r_at	76.773	80.172	83.925	88.444	79.441	78.109	83.763	80.268
39514_s_at	134.522	122.918	125.359	121.749	124.322	123.795	122.556	122.648
39515_s_at	231.188	225.141	234.465	228.056	234.65	247.186	216.897	255.701
39516_at	90.011	85.675	89.124	85.986	98.571	89.638	94.742	91.969
39517_at	238.664	233.757	231.896	266.655	267.902	266.496	255.023	254.073
39518_at	124.515	127.403	126.304	115.134	124.763	123.45	129.735	115.954
39519_at	24.751	30.43	27.065	32.071	26.542	27.512	28.477	27.393
39520_at	55.48	55.152	55.366	46.386	67.194	59.295	52.525	55.863
39521_at	185.954	168.994	169.249	175.742	219.869	174.177	179.705	174.715
39522_at	177.213	162.499	166.305	142.883	171.865	165.111	161.134	161.579
39523_at	114.129	117.764	118.878	117.307	123.289	115.319	121.638	118.494
39524_at	49.288	45.839	43.529	50.972	40.447	39.891	46.832	38.323
39525_at	33.124	35.387	35.184	36.497	36.283	34.686	31.935	38.874
39526_at	117.602	122.508	128.506	120.882	109.91	109.496	120.677	102.539
39527_at	109.364	95.452	108.238	108.384	119.952	102.479	107.261	109.406
39528_at	56.444	61.589	58.055	59.099	61.124	58.402	56.487	54.718
39529_at	213.229	199.942	218.986	202.691	234.151	210.624	194.516	209.874
39530_at	163.424	170.746	163.024	172.928	146.496	147.848	165.403	153.54
39531_at	111.253	118.323	128.995	115.561	122.917	126.89	116.492	125.161
39532_at	89.807	94.111	91.229	88.735	78.908	80.322	84.778	79.854
39533_at	94.927	94.29	89.093	90.856	98.757	95.355	98.563	99.564
39534_at	102.332	104.387	102.349	93.287	102.776	98.656	96.799	99.501
39535_at	145.314	132.579	147.449	162.88	161.164	156.919	146.8	144.276
39536_at	118.114	129.668	128.249	129.906	122.01	128.541	115.404	121.085
39537_at	207.767	200.726	199.389	211.501	215.923	211.689	219.613	192.91
39538_at	64.322	67.442	60.461	61.843	61.622	59.676	62.039	66.651
39539_at	233.669	243.525	221.218	224.249	239.998	241.225	210.299	235.478
39540_at	118.286	106.906	105.101	113.224	112.819	116.849	110.251	119.984
39541_at	79.783	88.48	89.397	90.052	94.924	90.152	81.081	90.139
39542_at	600.986	597.792	608.001	590.62	687.502	638.456	605.081	689.166
39543_at	107.287	108.537	105.706	104.134	125.404	119.681	110.377	108.541
39544_at	57.836	55.36	49.385	51.55	52.343	48.129	49.871	50.157
39545_at	250.276	284.697	280.376	284.41	266.044	283.393	289.608	283.324
39546_s_at	140.44	136.414	128.815	126.518	145.707	142.448	146.389	156.449
39547_at	225.486	252.965	247.162	245.34	257.132	250.909	201.552	222.933
39548_at	109.953	113.125	105.698	106.456	114.176	111.51	113.229	117.023
39549_at	119.033	135.277	127.033	114.743	127.305	122.699	105.109	107.908
39550_at	137.444	151.016	141.499	132.992	140.447	143.29	132.231	139.22
39551_at	89.422	89.432	95.181	90.088	98.574	99.561	86.648	88.158
39552_at	77.545	75.982	69.676	65.81	79.357	76.976	75.612	75.438
39553_at	142.335	125.797	145.649	131.62	154.522	136.86	154.337	136.834
39554_at	153.484	139.515	150.857	142.334	143.655	141.547	153.542	152.916
39555_at	62.867	76.579	74.128	80.335	70.935	62.973	86.464	71.423
39556_at	35.886	40.682	40.536	40.233	37.214	36.378	36.748	33.116
39557_at	140.819	147.269	141.997	137.418	140.737	142.577	136.363	132.142
39558_s_at	79.467	85.459	85.059	93.476	78.385	90.674	97.592	79.918
39559_at	99.08	92.184	93.657	82.893	106.168	103.635	83.523	95.586
39560_at	55.396	60.584	62.384	62.064	50.701	54.017	48.641	52.524
39561_at	110.473	124.958	120.208	115	120.433	113.377	111.406	101.381
39562_at	90.599	143.054	119.283	137.454	113.798	115.851	105.336	103.766
39563_at	101.641	82.434	83.447	85.919	81.777	73.208	84.175	77.865
39564_s_at	33.857	38.958	42.195	37.908	37.211	37.147	37.307	39.464
39805_at	79.52	72.46	71.415	75.611	79.05	76.637	82.139	83.44
39806_at	29.157	24.407	32.999	29.782	31.57	31.556	30.748	25.141
39807_at	49.608	44.965	54.59	44.799	46.644	48.403	47.092	47.742
39808_at	187.347	172.438	185.053	182.835	168.373	176.788	183.279	177.069
39809_at	113.483	137.586	122.956	130.536	133.94	127.731	137.744	117.628
39810_at	165.974	149.359	164.419	164.456	168.631	141.882	145.345	149.061
39811_at	206.291	213.785	184.077	208.978	201.624	194.757	217.939	187.598
39812_at	139.576	154.193	153.956	158.334	146.246	140.973	141.715	137.695
39813_s_at	46.995	48.101	59.997	48.69	56.261	54.381	54.601	47.307
39814_s_at	248.484	330.147	263.987	293.772	257.63	266.745	235.919	251.185
39815_at	62.051	55.637	64	66.736	72.41	58.347	60.534	56.621
39816_g_at	197.019	183.44	186.314	192.751	209.866	192.662	180.665	176.781
39817_s_at	156.592	178.255	170.69	167.696	159.124	164.874	168.351	158.936
39818_at	534.961	469.858	530.677	458.858	567.928	509.825	503.082	495.474
39819_at	68.137	67.28	70.417	67.2	74.405	72.403	70.45	77.531
39820_at	165.345	142.165	167.045	127.14	170.564	153.242	135.803	159.138
39821_s_at	198.102	198.012	202.931	202.23	204.193	196.835	225.138	188.567
39822_s_at	331.313	330.79	342.995	356.074	353.35	328.089	317.744	335.322
39823_at	226.757	235.822	249.114	235.857	234.483	228.423	232.006	234.571
39824_at	476.533	436.22	453.7	435.332	460.729	462.596	452.159	478.035
39825_at	95.268	104.879	95.531	102.328	103.285	108.96	102.969	98.705
39826_f_at	131.116	109.578	109.242	104.312	130.033	118.692	134.322	121.111
39827_at	388.236	436.739	407.253	416.197	364.297	343.075	410.16	380.147
39828_at	223.399	220.658	191.887	202.491	212.206	206.115	195.171	186.35
39829_at	99.318	103.618	94.08	108.429	91.503	96.661	107.416	97.727
39830_at	1998.124	2123.2	2117.823	2136.628	2028.489	2088.649	2192.543	2153.874
39831_at	267.898	271.447	241.329	249.939	329.483	271.162	249.223	250.31
39832_at	175.29	181.594	175.266	164.083	165.523	164.872	162.615	161.782
39833_at	83.328	91.578	85.549	79.642	92.711	80.694	89.278	95.512
39834_at	335.085	345.65	326.048	327.82	387.931	351.591	354.015	337.506
39835_at	328.235	331.326	353.032	314.032	294.173	323.808	305.575	295.799
39836_at	133.961	146.374	135.835	138.538	135.647	145.537	118.316	133.078
39837_s_at	142.3	143.98	132.641	127.574	122.351	128.996	130.458	133.102
39838_at	214.475	200.527	216.835	193.387	218.917	222.08	214.44	213.67
39839_at	201.763	224.772	210.933	209.992	194.914	191.399	200.242	203.088
39840_at	175.298	160.807	175.448	172.19	171.63	165.857	178.42	152.881
39841_at	45.182	36.128	41.627	45.203	49.804	40.512	43.36	41.756
39842_at	174.601	168.059	175.834	173.307	176.092	173.54	185.597	161.141
39843_at	139.881	147.679	163.464	142.997	157.617	150.949	126.021	131.068
39844_at	181.726	173.227	180.621	183.407	195.18	178.895	164.167	167.939
39845_at	201.526	204.893	196.993	182.291	203.438	198.412	175.088	189.909
39846_at	333.416	272.458	294.97	271.324	323.658	351.403	341.119	327.159
39847_at	124.779	124.598	121.125	126.283	129.209	118.98	109.023	119.243
39848_at	80.349	82.253	82.155	91.366	88.013	82.448	81.118	78.152
39849_at	235.764	255.469	294.744	258.292	259.49	246.861	237.793	235.469
39850_at	20.784	24.565	28.521	23.857	30.36	18.962	23.507	20.851
39851_at	23.789	27.361	25.767	22.231	24.172	25.13	17.348	20.623
39852_at	63.523	71.509	63.642	66.918	73.562	72.235	66.764	64.434
39853_at	118.959	117.454	120.172	119.253	115.553	119.785	124.437	110.433
39854_r_at	2893.552	3085.997	3377.131	3229.101	3271.524	3068.448	3178.188	2803.09
39855_at	756.189	795.294	838.337	807.065	842.619	846.059	785.917	815.261
39856_at	676.586	861.531	831.671	882.487	773.947	795.647	803.5	773.905
39857_at	18.417	16.622	18.733	18.333	20.09	18.206	15.803	12.208
39858_s_at	45.2	41.011	44.585	41.731	47.504	41.834	44.541	34.735
39859_r_at	168.616	144.563	140.603	136.297	171.473	157.711	146.618	154.553
39860_at	191.787	178.185	179.774	179.474	212.658	217.48	190.617	212.19
39861_at	295.594	302.757	286.552	297.414	307.681	311.043	286.551	330.427
39862_at	382.697	366.138	342.551	353.518	439.332	418.99	382.135	377.667
39863_at	131.823	123.333	124.517	118.533	124.073	120.449	114.588	122.923
39864_at	719.217	782.982	778.936	750.823	717.044	731.327	680.837	726.375
39865_at	97.378	92.95	86.08	90.056	92.908	96.547	91.292	98.644
39866_at	335.453	351.504	342.105	359.588	352.964	330.476	347.42	370.225
39867_at	435.62	469.479	431.102	468.96	469.08	446.993	470.935	465.479
39868_at	468.667	401.04	409.797	371.65	392.654	403.061	401.156	424.35
39869_at	54.993	43.158	55.6	43.031	54.937	48.666	52.682	51.865
39870_at	530.395	541.025	537.695	563.304	562.999	555.127	526.985	562.63
39871_at	73.818	77.059	70.201	83.843	67.502	70.522	76.176	72.428
39872_at	243.976	192.87	221.943	197.26	187.952	206.538	229.395	201.673
39873_at	13.324	16.794	12.162	11.947	15.674	15.175	15.648	13.65
39874_at	50.136	53.573	57.494	59.919	51.754	54.117	58.114	55.265
39875_at	56.982	69.059	62.191	62.646	63.15	61.503	66.46	61.783
39876_at	302.031	283.138	283.729	264.475	256.18	274.85	285.217	266.237
39877_at	106.542	111.994	115.262	114.277	117.213	114.404	116.204	105.493
39878_at	67.354	70.077	85.105	76.673	80.578	72.836	85.679	69.558
39879_s_at	141.122	145.462	154.046	145.605	148.268	139.777	128.739	130.034
39880_at	92.09	94.988	82.295	90.875	92.875	89.358	90.107	85.747
39881_at	120.469	122.23	119.951	121.205	117.794	111.551	105.391	123.258
39882_at	17.469	20.601	19.646	20.041	17.098	19.239	19.087	16.935
39883_at	46.782	44.399	49.087	49.263	55.748	50.795	45.345	48.045
39884_g_at	48.688	53.058	42.606	48.861	51.131	47.419	60.349	42.649
39885_at	12.102	14.508	17.119	13.215	15.646	14.201	12.11	10.61
39886_at	40.94	32.594	37.746	32.011	46.541	37.614	39.033	39.183
39887_at	69.644	58.581	63.101	58.814	67.666	62.031	57.121	63.868
39888_at	49.9	47.163	49.709	50.721	51.749	48.82	49.75	50.662
39889_at	46.52	44.669	40.381	42.913	47.848	49.681	41.172	42.26
39890_at	259.204	279.007	252.47	294.476	294.553	262.396	256.192	236.148
39891_at	377.138	412.795	420.077	408.008	389.769	379.504	391.351	354.575
39892_at	180.847	183.664	190.211	193.369	211.535	182.921	163.649	164.002
39893_at	152.803	144.486	156.939	138.279	163.599	145.458	124.332	144.839
39894_f_at	56.36	69.179	68.629	71.342	58.61	67.888	59.607	59.809
39895_r_at	87.83	90.443	107.039	113.718	98.997	92.712	110.591	92.072
39896_at	95.881	96.966	91.828	96.582	99.612	94.75	82.87	89.594
39897_at	119.393	142.867	114.797	136.555	124.353	119.401	123.189	123.393
39898_at	8.974	10.225	7.594	10.759	9.871	7.139	8.828	8.553
39899_at	278.44	278.909	256.408	274.23	247.597	260.769	260.334	272.74
39900_at	308.396	280.315	261.935	275.427	312.268	296.192	259.637	325.273
39901_at	40.631	43.453	36.794	35.478	35.523	35.612	34.531	37.178
39902_at	83.227	81.552	78.212	71.507	81.516	80.375	78.762	81.972
39903_at	324.706	332.159	268.261	290.422	335.372	317.906	250.802	334.601
39904_at	112.616	119.211	120.103	121.24	129.23	129.256	122.323	129.447
39905_i_at	32.761	41.859	32.422	37.047	36.614	31.041	35.493	30.863
39906_r_at	36.766	53.058	48.13	51.869	37.142	44.244	43.142	42.539
39907_at	70.621	76.232	66.914	72.386	71.693	74.252	71.016	71.743
39908_at	295.576	280.772	293.377	289.465	279.267	275.098	244.126	258.906
39909_g_at	94.12	81.094	91.187	78.308	80.102	82.988	83.154	82.988
39910_at	82.797	80.412	73.174	77.986	76.016	71.303	72.267	74.526
39911_at	268.208	244.053	248.541	247.46	257.57	232.446	236.739	253.46
39912_at	246.575	226.659	230.868	226.866	232.743	220.283	233.704	223.392
39913_at	317.746	359.248	281.584	321.855	297.531	285.47	297.622	302.822
39914_r_at	433.104	459.451	418.191	429.277	417.913	419.282	403.062	381.757
39915_at	437.889	408.868	417.694	395.452	447.459	409.149	414.112	417.548
39916_r_at	587.697	616.031	664.077	609.819	585.628	618.479	631.141	618.12
39917_at	391.919	426.632	392.02	379.237	406.523	411.375	373.695	401.806
39918_at	288.877	292.363	285.609	302.579	272.31	284.003	284.969	296.736
39919_at	147.445	146.04	151.259	153.061	156.115	148.522	168.533	160.019
39920_r_at	986.235	1061.025	1078.196	1033.39	1076.729	1067.269	1013.717	956.675
39921_at	606.169	715.66	618.992	757.614	596.258	603.591	690.199	583.686
39922_at	150.521	161.508	170.126	155.743	143.946	169.265	156.469	159.2
39923_at	131.702	144.219	147.513	135.094	123.457	131.817	133.899	133.577
39924_at	17.413	22.089	21.961	22.903	23.103	15.861	23.528	17.955
40165_at	84.542	87.401	83.578	82.707	87.796	87.635	89.065	88.36
40166_at	11.547	14.014	9.985	12.999	12.496	10.467	13.275	10.842
40167_s_at	125.525	156.115	125.483	140.141	128.682	125.953	125.321	123.068
40168_at	135.883	139.891	142.995	127.877	138.707	145.295	131.706	125.59
40169_at	242.802	229.618	203.034	238.939	278.487	228.435	241.33	228.718
40170_at	173.834	181.074	196.482	184.101	181.745	185.045	197.614	170.909
40171_at	95.97	103.654	102.797	106.161	104.627	106.985	95.021	97.361
40172_g_at	110.498	113.75	112.115	105.417	105.799	108.869	105.019	106.082
40173_at	237.987	267.164	250.949	243.442	230.222	231.422	256.919	213.179
40174_at	118.33	121.529	129.488	119.777	125.2	125.325	117.225	117.758
40175_at	89.109	89.099	94.395	89.969	96.583	95.356	85.601	96.536
40176_at	148.051	162.041	160.541	163.43	153.753	157.412	155.346	150.089
40177_at	28.037	30.011	26.533	37.008	32.594	28.962	29.801	31.598
40178_at	51.619	65.429	70.929	80.286	72.47	61.539	75.23	72.303
40179_at	79.466	63.566	62.206	56.289	104.095	116.212	90.851	109.017
40180_at	239.196	239.582	259.375	262.433	245.696	237.247	282.357	245.823
40181_f_at	83.074	87.435	89.28	95.922	92.196	92.447	98.356	88.994
40182_s_at	341.677	329.456	323.929	336.24	364.495	337.855	330.16	358.998
40183_at	542.171	561.658	591.048	528.496	578.397	632.901	521.648	585.937
40184_at	133.623	147.312	129.898	134.391	126.385	133.383	119.68	126.657
40185_at	80.221	79.509	85.816	79.822	79.161	82.319	81.713	69.559
40186_at	240.107	232.767	228.95	220.839	240.901	227.343	237.804	230.163
40187_at	82.543	76.733	75.852	80.005	75.949	82.101	80.27	76.274
40188_f_at	24.433	24.642	26.311	24.152	23.833	27.431	26.972	23.798
40189_at	223.998	246.644	229.592	242.007	219.637	222.49	225.928	226.077
40190_at	100.834	106.618	98.984	103.066	100.029	101.148	92.346	95.98
40191_s_at	89.075	93.198	88.6	95.847	77.112	86.264	82.964	75.362
40192_at	96.134	108.728	106.016	114.193	99.232	103.959	113.814	105.834
40193_at	66.933	69.611	75.147	80.013	69.917	76.036	76.942	74.129
40194_at	26.488	32.217	28.134	32.777	26.219	27.307	29.611	26.055
40195_at	89.206	93.611	95.17	91.438	89.7	97.622	90.185	92.816
40196_at	147.617	138.085	142.805	146.292	145.426	149.035	134.79	136.594
40197_at	101.763	104.287	104.24	98.477	107.133	99.343	93.078	96.318
40198_at	142.316	157.74	139.495	155.789	142.63	138.191	145.996	137.072
40199_at	170.251	146.759	144.275	135.698	151.147	151.781	144.512	165.094
40200_at	219.185	214.623	227.691	211.758	229.945	234.194	211.303	210.34
40201_at	196.416	209.285	201.56	212.813	199.197	199.256	183.391	183.241
40202_at	322.482	364.672	322.282	389.26	357.042	342.409	351.676	333.415
40203_at	191.498	235.095	212.161	225.141	201.091	181.798	189.42	189.604
40204_at	3450.521	3749.569	3651.523	3725.836	3776.291	3528.12	3589.292	3517.319
40205_g_at	983.411	1208.773	1122.246	1233.059	1085.646	1056.195	1231.302	1045.518
40206_at	227.529	223.908	231.267	226.264	231.122	220.881	212.611	217.361
40207_g_at	294.953	280.233	299.944	286.103	329.335	322.248	284.722	316.908
40208_at	18.057	20.467	20.395	16.66	18.036	16.108	16.919	17.074
40209_at	115.067	108.254	108.878	114.077	122.978	119.03	117.05	112.898
40210_at	392.006	457.138	430.179	466.948	457.211	436.464	439.475	423.988
40211_at	325.016	372.99	310.502	351.214	315.783	312.145	351.386	302.001
40212_at	304.26	290.757	322.114	332.16	316.971	286.018	342.059	326.415
40213_at	76.672	92.38	78.7	88.13	81.917	87.056	83.223	84.671
40214_at	77.212	71.832	76.901	72.304	65.918	73.02	75.016	68.953
40215_at	107.638	118.53	119.556	116.221	125.707	118.232	111.498	117.829
40216_at	92.285	98.271	93.325	93.241	94.436	102.545	102.987	88.353
40217_s_at	38.449	34.663	34.153	37.353	36.634	32.653	35.408	37.12
40218_at	31.03	34.311	34.631	31.565	32.825	35.841	30.029	31.078
40219_at	355.583	303.479	306.445	291.792	346.595	340.02	355.68	360.803
40220_at	77.056	69.472	76.68	71.956	75.432	78.082	68.126	86.39
40221_at	194.897	205.422	196.426	207.655	209.529	189.197	207.718	204.492
40222_s_at	313.189	290.796	290.003	288.654	315.109	298.7	286.961	274.8
40223_r_at	219.504	216.788	213.951	211.85	220.766	232.563	198.38	235.866
40224_s_at	130.292	124.345	130.347	132.213	130.209	132.265	136.669	135.05
40225_at	356.318	383.488	372.196	370.723	364.15	357.564	374.173	367.771
40226_at	164.663	161.954	173.121	171.341	163.284	152.308	165.729	159.666
40227_at	22.045	22.028	24.99	19.586	23.426	23.855	22.442	23.746
40228_at	250.587	226.553	237.174	222.771	241.912	232.149	252.831	245.534
40229_at	126.123	129.201	126.981	137.103	141.423	133.693	131.323	135.02
40230_at	33.784	36.937	30.129	32.474	36.416	33.47	34.523	29.011
40231_at	84.091	83.82	80.182	75.629	82.76	84.318	78.153	90.995
40232_at	243.998	234.864	251.428	238.276	230.062	225.624	224.173	229.497
40233_at	250.416	239.336	239.785	236.235	261.538	250.843	250.516	240.522
40234_at	449.572	461.71	485.945	451.644	465.1	496.854	457.805	485.229
40235_at	210.805	214.091	225.828	220.472	218.134	208.742	205.081	207.899
40236_at	124.381	119.838	113.059	105.755	118.609	117.532	118.46	109.678
40237_at	143.244	135.147	138.398	132.812	138.235	137.94	122.88	132.765
40238_at	45.964	54.357	50.605	53.894	54.025	57.286	45.963	51.996
40239_g_at	120.423	133.502	138.915	142.212	135.861	129.347	138.125	130.029
40240_at	292.088	294.584	304.492	322.09	240.56	251.855	283.245	248.93
40241_at	192.53	169.403	185.61	168.357	191.86	180.77	175.285	182.04
40242_at	148.763	132.883	151.837	163.365	166.123	148.597	137.696	143.765
40243_at	96.502	101.473	105.585	112.26	104.525	105.25	89.155	94.342
40244_s_at	99.032	104.2	100.733	97.246	100.897	102.302	93.143	101.406
40245_at	22.685	22.906	22.728	31.171	25.914	24.001	24.22	24.335
40246_at	104.101	124.352	119.672	125.816	118.966	116.438	114.709	129.712
40247_at	79.904	75.493	88.037	78.702	88.275	89.012	74.702	82.042
40248_at	14.117	16.185	16.682	24.471	18.582	12.888	10.877	18.166
40249_at	180.592	195.094	205.649	195.842	193.192	197.462	161.747	183.357
40250_at	12.536	16.568	12.866	14.051	12.645	12.997	12.662	16.428
40251_at	13.799	11.969	15.472	11.239	13.457	11.704	15.08	13.763
40252_g_at	56.379	55.268	53.688	48.729	56.704	55.133	50.339	52.803
40253_at	159.103	172.303	181.229	161.223	192.895	182.547	159.311	161.928
40254_s_at	122.582	114.774	112.249	103.233	127.126	109.854	111.503	112.892
40255_at	212.638	210.901	196.172	195.255	209.903	191.348	210.979	191.987
40256_at	210.359	212.234	204.105	209.28	220.744	208.393	209.023	197.919
40257_at	532.261	513.889	540.081	574.928	687.005	623.826	572.628	575.546
40258_at	144.773	142.311	145.305	143.987	158.409	148.14	145.804	133.46
40259_at	38.215	35.544	37.463	34.816	33.108	33.572	33.289	37.57
40260_g_at	53.822	52.328	50.219	52.561	50.626	50.829	47.477	48.667
40261_at	74.996	73.511	76.516	77.433	71.74	71.575	76.151	71.29
40262_at	117.096	101.894	101.441	99.2	126.753	117.97	111.304	123.053
40263_at	88.613	84.45	82.371	75.953	75.115	85.94	78.144	81.803
40264_g_at	220.997	221.541	212.271	177.239	246.613	229.646	197.502	198.233
40265_s_at	264.305	254.892	259.045	262.624	248.455	241.555	243.294	272.206
40266_at	188.956	158.098	178.669	168.023	170.955	180.99	163.678	175.178
40267_s_at	465.788	446.738	437.565	430.368	476.467	461.018	472.193	467.437
40268_at	456.021	442.044	452.98	442.459	490.631	450.137	431.04	468.766
40269_at	54.933	46.942	41.249	43.511	46.064	52.494	42.088	53.785
40270_at	232.851	239.788	244.164	237.51	246.176	253.818	251.155	240.391
40271_at	189.543	180.742	195.358	180.781	210.348	219.498	202.063	224.132
40272_at	82.048	82.89	87.102	77.218	78.556	80.645	73.502	74.076
40273_at	265.139	267.963	256.188	255.529	268.276	258.044	264.374	259.219
40274_at	576.932	574.477	648.926	579.306	596.477	580.728	562.481	568.856
40275_at	112.499	107.417	116.229	104.611	106.561	111.972	103.359	106.837
40276_at	108.901	123.587	125.641	129.118	125.393	122.561	127.067	110.389
40277_at	176.28	181.671	158.194	168.604	185.389	179.207	166.482	176.647
40278_at	151.626	161.446	154.44	151.767	148.021	154.142	153.316	157.791
40279_at	86.025	88.046	82.871	82.617	83.683	83.09	78.867	81.688
40280_at	56.487	58.15	62.279	64.123	52.598	54.312	64.13	53.944
40281_at	926.622	1104.287	1105.422	1147.598	1061.917	1017.704	1119.659	1008.955
40282_s_at	129.293	132.34	122.701	128.754	130.223	129.457	128.086	122.192
40283_at	230.071	235.512	235.734	228.11	217.529	214.512	203.745	211.712
40284_at	143.808	153.025	180.341	149.537	163.226	167.793	142.738	159.642
40523_at	115.243	123.013	119.926	134.634	125.52	123.535	122.379	114.043
40524_at	50.251	46.603	44.875	47.089	45.258	49.37	45.989	45.496
40525_at	131.224	106.672	124.264	118.505	138.423	127.734	118.463	122.544
40526_at	233.116	221.412	234.371	214.663	237.119	232.34	215.102	223.902
40527_at	504.775	489.534	551.446	509.13	477.636	494.194	553.647	470.299
40528_at	58.365	59.86	63.632	64.575	57.318	56.799	67.684	57.666
40529_at	162.481	166.144	166.953	160.831	179.365	156.469	163.648	155.689
40530_at	19.136	19.121	14.337	20.376	18.015	18.048	17.964	19.65
40531_at	118.375	120.381	136.153	133.867	127.839	117.84	121.681	115.257
40532_at	143.175	141.347	133.805	144.79	140.528	144.558	137.349	136.427
40533_at	177.976	167.574	171.006	173.561	186.952	189.471	148.911	170.554
40534_at	77.139	71.52	81.118	74.188	77.58	76.318	70.681	79.387
40535_i_at	70.166	67.458	63.745	67.515	75.868	73.996	71.178	71.904
40536_f_at	20.685	17.047	18.17	22.341	17.47	20.41	22.184	19.335
40537_at	88.803	87.197	79.942	82.08	86.317	87.315	86.79	97.745
40538_at	210.63	193.107	181.082	197.305	203.536	190.985	240.903	209.766
40539_at	299.32	283.802	287.12	283.882	290.801	293.925	288.013	282.171
40540_at	124.819	122.892	120.965	125.22	112.496	114.757	109.393	115.757
40541_at	378.12	357.687	370.999	367.128	375.016	382.799	360.979	374.845
40542_at	274.13	292.335	286.434	265.293	288.245	299.072	284.238	300.052
40543_at	32.678	33.937	37.556	29.097	34.209	36.577	32.048	36.539
40544_g_at	113.632	106.517	99.423	119.099	131.284	118.597	117.386	114.249
40545_at	87.576	78.822	82.721	81.463	91.613	81.912	80.372	85.662
40546_s_at	230.714	274.023	247.436	261.06	252.606	240.95	256.224	247.307
40547_at	114.766	123.52	128.897	124.32	126.266	115.775	131.259	110.179
40548_at	45.169	48.606	52.122	54.711	48.669	47.547	51.637	47.265
40549_at	131.45	134.812	127.413	118.265	122.701	128.843	125.221	116.513
40550_at	102.284	98.859	101.065	95.464	91.558	95.116	102.284	106.396
40551_at	73.418	76.948	83.023	79.979	82.725	85.479	75.436	81.932
40552_s_at	69.411	69.787	67.503	76.782	63.534	70.625	68.355	66.157
40553_at	127.518	116.973	116.187	113.037	128.965	119.038	130.232	121.949
40554_at	7.388	11.36	14.464	7.525	10.553	8.602	15.875	7.769
40555_at	56.675	67.784	64.594	74.181	67.207	59.551	65.07	69.202
40556_at	55.349	58.027	60.025	61.645	56.139	64.646	58.41	61.851
40557_at	151.005	135.41	153.453	146.21	158.149	146.752	133.703	146.046
40558_at	295.603	266.326	290.273	271.87	297.14	276.447	316.449	283.199
40559_at	132.057	134.049	140.531	135.104	166.492	152.093	141.958	146.846
40560_at	254.422	271.135	250.829	263.94	283.431	263.264	233.281	244.496
40561_at	158.235	157.36	155.365	153.373	166.219	152.3	147.382	156.966
40562_at	116.872	114.991	111.172	112.576	114.631	109.621	105.887	96.09
40563_at	106.358	108.101	109.78	93.463	129.636	105.715	103.32	125.497
40564_at	85.472	93.365	98.26	96.072	95.59	99.576	95.082	94.729
40565_at	253.633	299.428	286.787	297.266	270.568	265.3	231.411	240.961
40566_at	76.515	81.227	85.523	78.279	80.618	85.649	85.778	76.142
40567_at	61.269	70.188	63.919	67.968	57.83	61.101	67.393	62.618
40568_at	133.256	146.162	140.353	136.499	143.937	129.178	140.399	121.278
40569_at	327.999	228.096	297.709	249.19	338.847	284.963	271.353	271.181
40570_at	289.403	324.832	271.126	271.518	286.402	278.523	263.08	274.122
40571_at	45.574	38.751	46.478	41.533	45.271	43.795	40.045	41.839
40572_at	43.811	50.208	51.82	48.327	48.709	53.319	44.451	51.26
40573_s_at	9.232	10.842	10.177	12.561	15.496	10.665	6.575	12.402
40574_at	72.258	73.685	72.236	72.729	79.215	80.958	67.678	70.55
40575_at	117.695	108.604	107.327	107.098	118.574	134.75	115.838	119.389
40576_f_at	75.962	84.649	68.553	70.01	72.383	70.766	63.699	83.902
40577_at	100.805	94.115	99.358	83.9	91.975	95.101	77.367	101.357
40578_s_at	47.623	47.014	45.597	48.638	48.497	47.509	49.471	40.382
40579_at	48.962	47.585	47.071	38.675	48.302	45.5	44.782	49.356
40580_r_at	1085.585	955.391	991.868	935.812	1011.715	1028.408	865.368	1043.479
40581_at	72.468	68.6	65.839	67.09	72.777	74.267	71.94	79.56
40582_at	97.644	85.997	89.518	78.048	94.627	97.47	81.049	90.786
40583_at	32.67	40.467	42.922	41.681	36.192	37.208	38.614	38.136
40584_at	96.85	102.168	93.107	91.15	95.66	99.463	96.651	96.58
40585_at	39.55	33.291	33.883	36.4	33.546	31.966	30.489	36.771
40586_at	44.319	44.861	59.665	41.179	44.558	51.505	41.148	51.768
40587_s_at	87.122	93.956	89.821	90.595	90.25	85.176	86.88	93.659
40588_r_at	32.196	26.264	32.652	27.928	31.893	33.7	30.821	29.426
40589_at	128.12	111.076	113.248	107.857	118.262	114.099	113.657	119.358
40590_at	69.933	70.115	70.447	72.419	79.405	78.901	76.545	78.829
40591_at	20.011	25.69	23.384	22.058	24.585	23.108	19.457	24.864
40592_at	12.304	18.76	11.003	12.335	11.707	11.937	13.672	12.032
40593_at	443.659	530.078	505.016	527.103	447.943	479.88	494.477	454.94
40594_r_at	256.643	227.514	238.843	246.192	235.523	215.394	249.204	209.15
40595_at	285.577	263.686	269.737	279.666	305.016	291.411	256.203	271.182
40596_at	923.285	945.809	896.5	911.699	898.452	893.504	903.858	923.435
40597_g_at	244.448	230.445	248.533	242.884	248.202	233.846	231.729	257.469
40598_at	207.542	207.971	199.023	182.93	216.858	212.438	179.81	200.102
40599_at	91.381	90.413	92.308	110.847	117.294	99.103	101.202	107.337
40600_at	124.898	118.484	111.041	109.342	138.263	124.051	133.605	123.644
40601_at	21.166	29.64	33.246	31.248	27.034	25.921	26.018	22.177
40602_at	62.967	68.759	66.37	74.652	72.806	63.55	66.741	69.739
40603_at	61.168	57.12	57.218	53.64	53.794	66.504	60.517	65.49
40604_at	114.458	92.724	104.582	98.796	109.255	101.901	111.089	101.585
40605_at	174.834	224.797	197.78	236.504	196.296	201.846	206.309	187.113
40606_at	65.26	75.687	69.312	70.38	70.232	67.427	58.205	59.497
40607_at	52.839	58.676	57.627	53.233	58.439	57.197	51.532	52.796
40608_at	93.574	92.003	88.921	104.187	108.211	104.336	108.283	101.442
40609_at	135.511	151.919	138.649	141.976	142.244	136.627	148.695	148.965
40610_at	214.732	238.999	238.164	263.735	239.187	229.472	245.419	227.155
40611_s_at	38.208	33.963	39.141	40.78	38.221	44.603	33.481	39.403
40612_at	58.918	63.176	62.847	53.073	63.242	57.597	54.588	57.566
40613_at	75.096	96.716	98.998	102.759	92.906	95.445	79.432	77.064
40614_at	145.091	148.817	152.914	145.832	141.075	146.207	134.21	140.896
40615_at	120.735	124.136	124.687	127.971	138.146	124.694	116.205	121.89
40616_at	56.695	47.844	45.457	51.273	52.205	53.265	54.862	60.827
40617_at	185.668	195.539	183.782	184.115	190.525	196.257	168.166	203.63
40618_at	100.87	98.521	98.003	101.573	102.74	98.681	93.93	100.054
40619_at	112.585	106.628	111.793	109.64	111.028	116.52	106.67	116.558
40620_at	65.986	67.941	67.47	74.189	62.203	65.389	69.927	67.183
40621_at	41.074	41.832	39.407	39.081	40.494	39.898	39.766	41.998
40622_r_at	1009.909	985.54	1007.344	983.505	1044.945	1038.412	916.773	1023.6
40623_at	160.375	167.413	169.023	155.996	157.086	167.806	142.821	166.883
40624_at	110.824	120.055	123.939	127.289	131.293	117.67	93.971	117.873
40625_f_at	80.35	100.529	97.84	94.527	95.457	102.876	89.808	98.153
40626_at	475.375	388.932	440.363	375.739	467.517	432.906	387.66	421.749
40627_at	145.533	114.749	130.556	116.561	135.5	125.74	131.401	123.056
40628_at	45.073	40.97	30.951	39.965	41.872	36.791	42.36	40.276
40629_at	183.997	182.315	193.544	192.79	194.882	182.827	210.873	186.84
40630_at	69.758	65.278	74.02	67.83	67.312	69.761	79.37	75.442
40631_at	444.405	509.519	473.452	476.287	429.995	441.193	451.263	436.785
40632_at	106.25	108.101	110.109	116.992	107.031	102.362	117.474	104.279
40633_at	32.724	33.443	31.697	33.218	36.625	31.241	28.07	32.295
40634_at	59.022	69.542	62.936	76.231	73.04	71.242	68.624	68.077
40635_at	484.18	527.557	524.913	518.135	506.391	505.02	503.855	492.681
40636_at	254.002	246.663	230.406	236.016	249.082	235.83	231.354	229.163
40637_at	698.717	720.2	648.295	730.33	667.473	591.701	765.2	648.643
40638_at	56.287	72.292	56.816	69.637	63.969	61.849	65.379	57.709
40639_at	333.77	291.218	306.798	262.965	316.404	309.81	278.276	310.493
40640_at	71.517	65.953	63.13	74.007	71.713	65.815	67.299	67.849
40641_at	109.972	107.19	115.774	111.53	118.123	119.4	119.807	115.997
40642_at	51.474	64.417	57.362	62.783	57.661	58.857	54.214	48.368
40883_at	148.371	138.729	150.795	137.586	144.242	144.104	149.025	144.998
40884_g_at	116.216	108.73	108.766	108.576	110.433	117.764	108.797	104.238
40885_s_at	109.503	128.867	107.151	126.388	114.391	102.918	108.43	102.557
40886_at	2028.822	2211.656	2220.74	2419.951	2221.167	1923.873	2110.233	1826.969
40887_g_at	6264.318	6694.484	6175.445	6358.799	6672.055	6415.416	6382.358	6407.275
40888_f_at	214.557	253.833	220.36	230.81	218.708	235.561	216.822	220.821
40889_at	68.987	64.831	68.502	64.605	67.527	64.322	58.591	61.695
40890_at	518.714	532.018	513.551	505.803	492.817	478.63	540.119	463.228
40891_f_at	362.079	355.236	376.416	434.763	444.167	398.92	397.767	378.25
40892_s_at	254.893	243.826	301.258	276.242	263.292	240.325	260.81	218.25
40893_at	37.056	39.725	30.907	36.93	37.138	32.906	34.888	35.208
40894_at	41.114	46.634	44.366	37.06	44.572	51.592	38.621	39.358
40895_g_at	153.85	166.565	172.665	162.5	156.392	157.919	148.267	153.25
40896_at	169.492	198.166	181.238	204.1	206.691	204.258	175.503	197.685
40897_at	120.956	107.681	97.527	110.986	125.731	127.522	110.889	118.787
40898_at	941.885	981.225	985.072	918.304	961.911	1071.54	798.023	987.959
40899_at	141.115	153.31	142.233	135.296	133.22	146.376	134.615	147.336
40900_at	16.587	16.668	13.203	13.993	12.905	12.692	10.521	15.857
40901_at	99.402	105.973	89.267	98.062	85.015	94.396	74.112	82.02
40902_at	7.519	9.405	10.485	11.086	11.702	8.395	8.756	14.28
40903_at	104.572	106.462	108.643	102.59	119.081	105.535	105.46	101.638
40904_at	330.249	298.651	307.938	301.725	315.319	305.858	297.462	301.85
40905_s_at	91.227	97.912	91.054	95.57	95.473	86.534	98.875	89.698
40906_at	175.937	182.679	168.936	178.485	163.075	163.296	176.474	167.613
40907_at	195.28	208.164	198.381	200.739	218.486	195.729	195.822	191.955
40908_r_at	16.8	19.171	21.172	18.665	16.687	15.875	17.851	16.506
40909_at	54.917	51.407	58.439	51.835	57.314	53.186	49.494	52.76
40910_at	91.892	99.515	84.725	83.481	78.078	78.102	89.861	82.207
40911_at	116.473	124.805	120.717	123.355	126.061	126.59	116.344	126.832
40912_s_at	201.642	211.046	220.019	209.423	210.153	208.979	206.315	187.8
40913_at	203.298	184.5	193.566	186.351	211.828	206.47	194.457	202.774
40914_s_at	65.073	58.524	58.514	62.556	73.934	65.944	59.712	59.912
40915_r_at	7.143	7.144	7.108	7.998	7.388	6.575	7.228	6.705
40916_at	159.917	188.533	172.823	178.556	169.019	192.929	163.782	164.679
40917_at	41.87	46.486	49.42	44.364	38.174	42.44	49.528	46.24
40918_at	52.012	53.881	60.206	59.929	62.784	53.48	49.572	55.603
40919_at	178.982	180.735	189.327	183.114	189.973	196.039	174.655	173.306
40920_at	115.218	116.09	111.438	110.586	116.23	127.057	117.881	119.826
40921_at	40.539	36.713	45.265	42.06	42.428	41.678	37.66	37.29
40922_at	51.691	49.004	47.839	45.508	52.368	45.39	42.706	48.652
40923_at	57.587	67.325	61.973	69.561	64.422	59.868	63.522	61.413
40924_at	37.471	43.507	41.054	42.524	47.143	42.385	37.55	37.904
40925_at	176.793	195.89	190.407	191.018	216.078	201.99	175.729	196.07
40926_at	177.63	175.06	179.387	180.961	182.207	173.968	166.369	167.333
40927_at	91.922	91.894	95.657	90.108	93.165	92.387	83.866	91.156
40928_at	202.368	226.813	217.602	256.068	197.756	199.746	222.71	199.068
40929_at	83.528	71.811	83.916	95.022	105.668	84.595	78.394	76.867
40930_at	120.549	113.538	124.446	121.928	136.15	129.836	115.406	118.36
40931_at	98.241	122.659	120.512	120.731	115.967	122.705	112.729	114.368
40932_at	255.294	228.656	272.702	247.241	257.743	245.08	264.57	222.184
40933_f_at	42.342	34.884	36.701	39.483	44.217	43.442	33.534	42.333
40934_at	41.547	39.054	45.722	43.291	43.616	47.858	45.849	45.651
40935_at	150.084	154.591	145.724	147.851	151.393	144.955	146.413	148.093
40936_at	93.272	110.046	89.742	100.259	100.386	101.206	94.957	105.112
40937_at	100.752	92.325	98.648	99.787	111.522	104.424	97.424	114.096
40938_at	266.79	259.353	254.86	239.805	300.663	279.429	263.318	295.431
40939_at	279.891	297.923	262.182	284.541	250.991	259.387	277.737	279.4
40940_at	79.389	76.623	75.522	71.003	90.068	78.04	93.669	84.701
40941_at	311.876	305.217	271.749	291.832	326.135	303.327	288.103	299.747
40942_g_at	66.266	64.746	55.329	60.346	65.514	65.416	59.592	58.143
40943_at	33.863	29.28	35.976	38.876	40.36	34.719	30.346	34.064
40944_at	389.944	335.453	349.009	315.794	343.84	351.866	335.841	356.537
40945_at	100.445	86.538	92.777	89.908	96.022	104.6	81.039	95.571
40946_at	49.867	50.838	54.225	51.678	48.415	48.712	51.874	47.902
40947_at	242.588	239.51	228.429	248.739	255.692	281.585	250.425	239.326
40948_at	271.293	299.079	232.209	264.983	307.078	285.242	233.701	246.236
40949_at	151.587	160.545	146.357	143.187	149.494	166.254	130.474	162.029
40950_at	132.029	117.309	127.258	102.603	118.031	136.704	113.477	120.89
40951_at	111.942	116.27	108.682	113.878	98.003	104.115	112.139	108.102
40952_at	27.427	32.226	29.28	31.466	27.237	29.328	30.513	33.991
40953_at	252.068	328.745	287.538	301.127	255.177	251.729	294.295	249.315
40954_at	963.499	1052.724	1126.082	1106.479	1018.671	1027.115	1115.142	1033.41
40955_at	249.86	273.4	278.853	279.251	279.922	265.604	268.818	270.141
40956_at	81.834	73.025	65.837	74.799	79.459	71.27	78.838	72.071
40957_at	76.708	82.818	62.537	78.265	71.121	78.078	78.929	73.66
40958_at	165.702	160.656	161.619	178.033	167.198	157.463	148.942	150.47
40959_at	590.029	583.57	599.455	589.877	628.796	587.178	567.802	560.783
40960_at	310.547	347.832	344.364	344.02	321.581	324.096	345.113	322.966
40961_at	381.759	375.786	371.792	356.245	408.434	368.731	327.098	342.131
40962_s_at	55.84	54.683	45.369	55.931	51.381	47.872	49.955	53.762
40963_at	137.755	150.301	135.935	141.724	142.283	142.367	141.143	132.217
40964_at	82.955	86.698	78.63	86.407	93.319	89.547	75.303	77.096
40965_at	152.598	152.476	174.788	174.257	174.276	162.05	181.349	159.156
40966_at	169.363	189.321	172.661	185.241	176.474	165.693	173.108	153.75
40967_at	88.383	84.191	83.663	81.316	96.771	78.488	81.796	79.763
40968_at	200.581	227.917	201.464	207.289	203.756	202.721	186.448	183.588
40969_at	109.86	107.528	118.356	116.019	124.528	119.115	108.918	113.226
40970_at	49.3	39.938	42.144	42.861	40.605	44.779	37.793	42.463
40971_at	121.476	128.068	119.794	130.343	133.387	120.42	116.287	119.755
40972_at	166.749	173.705	183.421	168.992	195.095	179.117	157.096	159.331
40973_at	70.085	87.026	79.16	84.701	82.221	89.437	72.216	81.82
40974_at	174.383	168.981	180.232	176.179	182.575	174.299	164.806	166.98
40975_s_at	176.399	163.713	176.08	164.764	192.657	170.352	170.087	171.385
40976_at	678.19	563.782	708.876	567.7	603.734	565.182	550.911	520.829
40977_f_at	20.722	15.871	15.531	17.222	24.882	19.912	22.061	17.455
40978_s_at	8.628	9.481	11.707	11.214	8.689	8.355	9.915	8.986
40979_at	226.655	224.289	228.657	230.768	232.788	240.814	227.041	255.475
40980_at	147.983	143.607	130.052	153.856	185.752	171.75	123.919	179.379
40981_at	193.295	168.205	164.718	165.189	200.57	188.891	179.853	175.65
40982_at	88.413	85.1	79.487	87.138	81.922	88.532	90.999	87.374
40983_s_at	101.687	96.011	91.159	97.022	107.232	107.885	95.171	103.232
40984_at	86.879	87.812	90.525	87.593	93.356	85.745	82.739	92.865
40985_g_at	45.728	44.785	44.335	58.132	49.386	45.34	52.038	48.976
40986_s_at	182.59	145.776	152.383	151.549	164.23	164.833	170.336	178.408
40987_at	67.535	66.043	62.796	69.045	68.093	62.087	69.294	60.316
40988_at	161.133	179.376	163.744	197.733	165.615	158.208	195.551	163.136
40989_at	170.074	152.54	150.212	157.237	189.309	162.992	170.842	167.523
40990_at	87.848	88.095	92.954	90.049	84.131	83.34	91.018	82.279
40991_at	46.679	46.157	46.555	49.801	46.755	42.553	51.81	43.899
40992_s_at	29.662	29.675	24.416	31.48	31.355	30.244	29.884	28.989
40993_r_at	8.787	9.113	6.704	8.454	8.906	7.048	6.033	9.905
40994_at	37.7	34.201	37.634	35.549	36.089	37.725	40.748	34.528
40995_at	13.63	14.035	10.953	11.182	13.151	11.629	17.809	14.569
40996_s_at	22.197	15.839	17.131	22.549	20.802	20.281	16.829	21.797
40997_at	193.756	204.024	187.95	193.664	203.465	177.579	211.534	183.354
40998_at	111.269	128.637	126.592	128.44	113.543	119.347	120.924	112.551
40999_at	194.584	191.07	198.173	214.577	218.183	187.301	202.473	181.142
41000_at	63.929	66.601	59.787	64.876	60.787	59.553	57.724	60.122
41001_at	127.705	97.301	116.37	108.947	126.82	119.361	103.511	113.287
41242_at	72.484	87.1	83.583	90.891	68.142	70.404	70.075	63.59
41243_at	121.459	146.412	129.65	135.374	119.645	127.307	121.704	117.472
41244_f_at	141.077	121.787	140.329	125.989	154.209	135.289	149.587	143.411
41245_at	141.532	123.057	166.073	128.502	161.624	150.697	122.53	158.393
41246_at	101.463	111.838	108.131	113.297	111.372	107.914	99.94	110.938
41247_at	85.616	75.107	75.469	68.416	85.817	72.819	75.226	71.76
41248_at	28.093	29.149	25.113	29.747	25.235	30.17	28.689	28.022
41249_at	169.535	162.651	176.033	176.73	170.166	160.289	162.661	171.185
41250_at	118.312	133.707	129.588	141.239	123.718	120.879	121.14	118.02
41251_at	109.998	129.191	129.164	133.479	126.974	120.365	125.74	120.454
41252_s_at	20.239	24.276	25.816	26.296	25.36	26.298	19.336	23.525
41253_s_at	239.181	271.961	297.951	293.706	263.627	249.238	263.13	259.139
41254_at	7.323	12.161	9.724	8.281	10.383	7.847	12.992	7.873
41255_at	145.347	143.464	147.795	157.125	153.691	151.38	130.003	135.672
41256_at	885.083	1010.275	986.249	1000.565	879.907	902.474	932.026	908.298
41257_at	22.622	22.523	22.207	20.533	16.377	20.956	20.782	19.416
41258_at	579.997	572.587	564.304	556.031	567.093	569.421	569.434	624.684
41259_at	199.904	197.719	196.159	178.314	208.438	204.254	195.481	215
41260_at	95.098	98.192	87.069	97.74	94.916	100.509	69.856	97.031
41261_at	85.812	77.175	77.004	82.945	89.925	83.693	82.997	79.814
41262_at	274.255	264.468	249.978	268.975	281.188	269.878	269.617	271.82
41263_at	50.578	52.397	59.938	52.396	54.645	48.045	55.624	57.03
41264_at	408.299	376.353	405.466	385.974	424.494	424.149	382.543	393.316
41265_at	65.804	71.265	66.419	69.127	66.78	72.025	67.108	67.7
41266_at	491.608	533.063	488.524	501.785	486.645	463.149	489.016	465.353
41267_at	159.927	172.073	172.211	186.053	170.156	166.041	173.113	172.516
41268_g_at	368.985	376.056	377.251	366.671	380.543	349.749	366.918	356.872
41269_r_at	4.965	5.65	5.448	6.046	5.465	4.967	3.929	8.673
41270_at	115.181	117.363	95.99	110.656	112.235	116.361	102.81	102.523
41271_at	321.293	302.564	293.515	301.853	328.737	305.903	301.32	278.582
41272_s_at	48.586	48.032	50.836	56.017	44.617	44.53	49.817	48.382
41273_at	359.614	406.589	404.382	423.877	381.177	381.601	427.015	384.893
41274_at	136.182	139.412	150.489	138.712	141.345	138.305	143.9	143.805
41275_at	68.829	72.867	73.392	68.786	73.8	73.177	68.192	70.066
41276_at	176.768	167.364	156.677	166.423	190.128	173.59	166.851	156.771
41277_at	155.676	138.742	143.238	146.857	166.236	144.004	162.872	152.069
41278_at	54.064	66.833	51.841	58.104	58.883	67.206	50.925	64.567
41279_f_at	971.111	983.128	986.21	938.917	970.187	1028.441	1043.297	989.202
41280_r_at	342.726	338.04	380.255	347.265	355.929	339.843	315.942	331.177
41281_s_at	272.67	254.875	264.287	247.698	263.978	261.469	252.553	266.616
41282_s_at	223.101	251.069	229.108	229.32	221.157	215.005	222.877	218.798
41283_at	161.521	179.507	166.035	154.528	168.282	164.175	156.451	158.067
41284_at	92.224	99.393	89.856	96.25	100.557	101.326	85.292	88.686
41285_at	343.837	353.542	399.976	418.734	419.239	353.084	340.824	355.973
41286_at	91.57	129.618	86.978	112.526	95.386	104.643	105.009	94.279
41287_s_at	221.998	221.998	205.484	217.757	172.019	178.734	141.479	163.713
41288_at	227.556	281.627	245.352	268.575	257.317	256.383	258.571	253.167
41289_at	85.653	83.068	80.95	80.798	89.058	79.073	76.134	78.179
41290_at	133.358	114.436	123.334	115.627	123.509	121.713	115.279	109.972
41291_at	501.5	543.708	536.601	567.004	596.451	559.925	495.419	520.783
41292_at	65.109	82.578	75.829	71.456	72.32	76.895	72.854	69.497
41293_at	257.139	258.572	265.25	256.259	264.275	255.06	240.558	235.734
41294_at	117.093	138.651	143.767	154.255	147.004	126.502	143.477	134.164
41295_at	295.168	349.572	305.883	354.191	326.196	326.187	326.178	311.505
41296_s_at	128.895	107.527	114.81	105.046	114.89	127.911	128.789	135.055
41297_at	116.468	120.002	105.317	104.762	110.391	121.769	116.228	106.732
41298_at	66.882	52.383	53.832	49.31	57.063	56.993	61.394	55.231
41299_f_at	65.471	63.497	68.992	64.267	58.263	63.451	57.354	61.296
41300_s_at	571.218	570.766	545.917	565.848	541.879	547.602	555.908	563.669
41301_at	241.778	235.295	237.59	223.71	242.662	247.376	216.837	244.555
41302_at	355.353	385.9	395.093	382.13	367.838	373.1	376.439	400.642
41303_r_at	8.066	9.401	5.402	9.747	5.622	5.99	10.589	7.908
41304_at	154.862	139.77	144.74	139.517	149.675	148.663	156.168	143.026
41305_at	219.339	209.059	232.396	226.625	237.934	226.791	229.725	219.734
41306_at	293.141	308.595	347.544	307.425	334.28	364.716	287.193	355.579
41307_at	200.781	180.08	204.709	205.879	198.875	186.78	201.343	189.996
41308_at	72.232	73.957	66.526	78.716	66.939	71.759	68.038	71.974
41309_g_at	463.23	455.785	481.298	444.472	443.025	457.211	476.423	465.872
41310_f_at	139.797	147.242	145.668	141.31	138.544	140.489	137.292	151.879
41311_f_at	114.024	127.351	115.572	114.754	133.635	130.486	133.917	110.089
41312_r_at	262.656	267.6	265.405	259.475	256.548	258.114	252.092	253.582
41313_at	53.2	62.496	64.748	66.841	64.342	57.937	68.534	63.241
41314_at	207.708	220.511	211.864	230.106	218.156	210.544	220.018	206.533
41315_at	84.984	78.828	70.426	86.309	86.478	79.474	66.404	73.586
41316_s_at	94.386	104.098	95.946	96.181	92.155	91.586	91.284	100.137
41317_at	14.153	16.67	19.389	19.052	16.208	12.301	16.687	16.071
41318_g_at	36.751	39.292	34.873	37.961	41.061	39.24	42.734	31.662
41319_at	166.111	141.386	142.881	137.73	162.062	155.972	164.62	162.227
41320_s_at	20.689	29.394	20.931	27.742	24.861	21.764	25.352	24.179
41321_s_at	539.419	489.408	536.585	532.369	571.506	508.38	524.928	489.206
41322_s_at	224.517	283.497	274.849	303.764	293.732	285.203	278.885	263.155
41323_at	116.718	128.842	117.756	135.179	119.59	119.072	115.945	116.257
41324_g_at	302.465	287.532	281.674	269.81	315.066	286.817	285.642	282.278
41325_at	206.825	228.658	249.546	236.431	218.778	213.508	213.778	201.578
41326_at	105.689	109.039	106.484	110.352	118.275	106.871	101.665	104.997
41327_at	126.308	143.112	148.812	149.283	166.509	155.673	139.937	149.298
41328_s_at	80.229	95.605	87.871	102.004	92.84	83.186	102.827	87.61
41329_at	64.211	64.932	73.306	78.106	69.411	66.102	61.684	70.314
41330_s_at	25.323	24.002	21.766	21.25	25.895	19.923	24.352	24.507
41331_at	142.649	129.218	133.962	127.461	160.896	142.674	132.624	137.122
41332_at	663.59	621.684	696.816	684.202	748.432	728.602	498.098	699.384
41333_at	17.973	23.184	16.406	22.048	23.686	19.308	24.21	20.595
41334_r_at	93.674	110.748	131.707	137.869	115.343	103.005	145.368	120.122
41335_at	67.85	79.779	66.237	70.634	66.14	71.708	63.732	68.701
41336_at	82.546	80.109	82.913	81.947	69.199	85.731	51.083	77.478
41337_at	631.839	607.932	620.414	603.979	590.958	597.545	649.763	621.642
41338_at	467.18	531.588	451.07	498.603	461.961	464.529	448.659	498.015
41339_at	95.753	111.964	108.565	108.559	104.92	105.118	109.041	100.258
41340_at	344.432	323.122	314.625	311.686	338.658	317.401	295.225	329.864
41341_at	140.968	126.751	140.104	130.926	136.838	138.504	141.388	145.594
41342_at	34.008	35.904	34.553	31.906	31.579	29.993	34.586	36.146
41343_at	70.909	64.737	58.983	63.902	70.172	67.163	63.915	74.334
41344_s_at	273.857	252.959	227.467	217.172	316.804	305.461	293.487	305.312
41345_at	235.997	241.389	239.147	221.36	252.948	256.582	218.31	241.828
41346_at	131.34	125.866	129.345	119.172	158.479	140.087	136.496	140.677
41347_at	422.772	421.413	436.82	429.92	458.562	422.932	419.493	410.622
41348_at	125.509	131.519	145.704	129.425	149.057	158.074	145.047	132.127
41349_at	290.817	268.119	282.339	249.467	236.448	267.709	288.855	249.998
41350_at	267.762	252.704	264.898	287.872	281.939	262.203	321.796	256.616
41351_at	118.443	124.057	118.12	120.927	111.309	112.585	112.77	106.662
41352_at	20.982	19.873	20.069	24.831	24.1	21.419	20.27	18.448
41353_at	31.781	20.975	28.855	24.152	25.175	22.071	30.814	27.567
41354_at	76.671	88.041	78.849	81.597	73.963	75.643	68.307	71.804
41355_at	105.884	101.209	115.902	105.896	98.551	103.664	109.688	102.102
41356_at	120.951	120.811	111.445	124.812	135.104	124.124	118.521	121.396
41357_at	82.359	85.309	87.229	88.645	83.519	78.529	77.571	83.498
41358_at	66.753	71.588	74.633	67.149	80.727	68.418	64.707	67.266
41359_at	190.381	189.985	187.978	195.472	194.359	187.861	195.169	187.555
41360_at	21.104	24.64	18.956	17.583	22.079	21.113	23.809	18.232
41361_at	291.889	282.343	292.69	279.352	341.016	301.788	272.516	276.831
41482_at	205.254	238.911	227.926	223.585	245.874	238.529	184.878	202.309
41483_s_at	1307.629	1605.166	1513.816	1660.597	1502.071	1397.854	1539.102	1406.655
41484_r_at	902.221	997.102	1030.84	1015.411	981.033	1014.945	956.119	947.22
41485_at	423.369	509.041	456.681	514.331	503.603	468.998	478.002	454.641
41486_at	48.149	51.873	68.298	70.973	58.239	55.945	79.555	60.39
41487_at	39.951	34.481	37.211	32.25	35.331	39.075	34.043	33.032
41488_at	49.96	59.286	57.484	61.061	52.567	54.47	50.332	49.736
41489_at	121.181	148.361	125.321	137.31	134.08	132.805	122.64	129.889
41490_at	139.074	174.549	163.731	169.44	158.161	149.154	159.652	138.771
41491_s_at	120.556	127.252	132.42	121.257	119.552	115.008	116.772	112.165
41492_r_at	558.268	685.455	582.157	599.327	561.987	570.701	542.521	497.333
41493_at	26.26	32.102	26.548	26.046	28.103	24.921	23.585	25.301
41494_at	140.848	151.884	168.085	162.541	155.43	150.4	165.866	152.289
41495_at	93.534	103.612	89.114	99.434	100.011	94.429	85.673	102.064
41496_at	258.874	244.812	262.301	244.384	277.896	265.463	212.911	251.992
41497_at	183.165	174.359	187.718	170.713	188.198	183.684	163.742	176.877
41498_at	206.161	203.368	198.689	185.077	189.028	209.426	195.461	213.704
41499_at	201.261	216.687	205.623	202.895	222.81	212.936	179.939	203.532
41500_at	240.478	221.191	222.644	223.182	246.132	229.474	219.709	250.391
41501_at	191.808	175.463	180.469	186.81	192.218	204.863	171.013	210.469
41502_at	55.803	50.313	55.501	48.246	57.318	56.899	47.774	50.872
41503_at	118.123	117.162	116.081	111.54	106.159	118.83	122.119	118.24
41504_s_at	97.228	104.085	98.769	101.402	101.175	97.309	103.731	93.219
41505_r_at	53.211	63.147	64.274	67.953	67.004	60.295	70.687	63.444
41506_at	100.584	100.617	101.287	99.087	104.144	96.019	104.231	103.639
41507_at	235.957	226.736	218.978	234.389	253.571	213.861	238.507	223.008
41508_at	90.008	90.151	91.314	80.467	87.952	82.553	82.711	83.924
41509_at	26.841	24.147	24.883	26.616	23.406	25.475	20.316	24.243
41510_s_at	172.672	184.575	159.058	177.609	181.033	161.856	202.879	177.963
41511_at	29.219	26.043	31.123	30.015	23.909	27.186	29.821	25.213
41512_at	79.243	72.952	93.819	84.513	75.852	74.55	87.239	81.612
41513_s_at	139.985	131.722	149.159	133.473	152.387	136.38	133.706	129.834
41514_s_at	228.108	215.697	222.256	222.18	232.485	217.232	209.957	207.474
41515_at	105.841	121.264	100.939	109.084	125.896	110.272	127.447	121.531
41516_at	71.506	66.547	69.826	63.511	64.127	63.837	68.839	65.693
41517_g_at	153.486	144.388	148.047	128.459	124.164	135.045	134.629	128.206
41518_at	46.701	49.424	46.674	49.639	48.573	42.938	44.664	42.625
41519_at	100.368	97.4	104.123	100.855	98.335	99.154	96.073	94.083
41520_at	220.82	282.628	262.309	257.811	233.12	246.57	228.683	217.351
41521_at	173.736	171.062	175.539	170.266	171.044	174.564	164.705	162.342
41522_at	142.003	139.724	133.358	147.827	155.561	144.71	147.139	139.198
41523_at	41.236	46.601	47.163	47.052	43.646	43.562	42.253	40.25
41524_at	163.782	200.229	176.004	177.502	168.032	168.988	154.757	159.013
41525_at	277.056	274.89	294.965	250.157	294.408	281.797	262.065	251.626
41526_at	148.771	148.247	147.704	149.809	149.905	146.774	154.004	142.35
41527_f_at	162.946	150.375	181.026	151.689	136.095	173.733	154.44	151.328
41528_at	133.579	150.315	133.498	140.068	146.078	128.967	149.162	117.612
41529_g_at	101.529	133.889	125.525	132.607	122.833	118.79	121.846	117.178
41530_at	134.863	155.086	146.659	148.375	132.201	142.977	129.848	131.937
41531_at	162.177	192.941	169.706	186.511	147.895	151.668	159.54	149.809
41532_at	211.717	215.509	193.658	241.86	218.162	199.409	203.469	208.443
41533_at	41.846	44.268	47.784	47.023	46.963	44.802	51.527	48.768
41534_at	57.968	59.412	59.042	55.774	61.709	61.37	60.187	54.975
41535_at	274.352	279.614	247.042	237.148	247.464	252.117	258.797	282.365
41536_at	22.505	23.477	21.345	22.24	22.323	20.764	17.864	22.205
41537_r_at	900.583	934.524	995.754	953.348	1002.046	992.294	909.657	952.892
41538_r_at	154.836	170.495	172.129	177.839	193.409	177.78	191.405	178.744
41539_at	49.151	45.135	42.399	50.356	47.828	49.297	46.688	41.895
41540_at	75.172	79.738	74.473	76.66	76.315	76.858	79.065	73.348
41541_at	237.826	224.981	224.828	218.833	264.612	238.506	252.802	229.378
41542_at	239.202	251.821	234.776	243.932	255.38	257.715	199.31	245.982
41543_at	222.631	236.241	241.357	262.104	222.195	242.226	231.54	215.002
41544_at	33.704	38.477	29.93	33.092	28.638	32.145	34.71	29.841
41545_at	269.606	265.858	269.4	254.052	265.905	258.587	247.84	261.019
41546_at	121.807	122.179	124.25	127.151	129.025	119.459	139.959	112.834
41547_at	52.394	56.805	57.914	61.983	58.393	61.973	57.467	57.409
41548_at	52.882	49.962	60.025	53.35	60.966	54.488	55.997	55.192
41549_s_at	62.281	62.179	57.136	63.347	67.133	57.366	72.202	58.273
41550_at	131.276	143.728	119.308	117.409	109.349	119.305	104.275	115.789
41551_at	278.777	297.421	316.882	315.17	307.645	288.5	333.585	291.382
41552_g_at	194.91	213.368	192.885	203.651	194.904	183.668	179.476	189.106
41553_at	124.008	122.402	111.618	122.114	128.545	123.129	119.364	120.995
41554_at	66.51	68.024	59.76	58.413	63.008	64.276	65.986	58.957
41555_at	145.538	164.923	158.183	161.276	148.483	156.676	145.53	132.154
41556_s_at	154.518	169.326	172.352	171.752	159.701	164.007	162.571	161.353
41557_at	53.661	68.748	61.902	57.723	58.843	57.554	54.63	58.841
41558_s_at	36.356	31.004	30.64	32.297	32.808	30.695	36.019	27.049
41559_at	56.414	56.722	60.441	64.497	58.251	54.366	62.911	59.994
41560_at	37.335	44.139	45.067	46.863	40.356	38.795	38.769	42.67
41561_s_at	765.198	954.649	889.4	981.258	849.074	857.047	909.886	858.575
41562_at	94.056	110.021	94.525	103.498	91.99	95.578	103.534	91.887
41563_at	33.688	39.366	38.826	36.772	40.207	36.578	36.101	30.947
41564_at	33.659	27.218	34.17	30.831	38.441	34.786	26.891	29.414
41565_at	357.558	340.239	323.13	338.569	392.91	348.917	353.672	339.218
41566_at	136.554	140.257	140.676	146.445	167.851	140.768	131.125	142.333
41567_at	45.963	48.396	54.084	48.177	58.894	52.598	40.473	49.873
41568_at	268.735	285.367	283.501	264.333	279.092	286.212	225.766	247.4
41569_at	102.573	114.352	106.738	103.828	106.344	96.954	89.418	96.56
41570_at	26.945	27.165	30.626	26.599	25.336	25.838	26.796	20.641
41571_at	239.252	232.143	300.098	242.869	260.794	245.958	254.818	231.258
41572_r_at	32.02	41.56	41.223	46.343	40.56	38.694	52.839	36.095
41573_at	66.26	75.894	74.579	73.211	68.282	72.064	66.807	66.943
41574_at	38.259	45.089	47.524	43.33	44.908	36.306	45.886	39.336
41575_at	103.718	98.3	88.416	97.744	83.863	96.617	100.304	90.174
41576_at	37.108	36.83	42.138	35.865	42.127	45.917	39.6	37.882
41577_at	33.616	32.04	29.866	37	37.877	32.58	30.794	35.996
41578_at	73.204	58.169	52.834	63.824	72.524	67.464	61.748	62.752
41579_s_at	64.733	73.482	69.256	85.492	66.817	63.387	81.657	74.546
41580_at	66.875	65.193	71.128	72.114	63.555	70.476	60.624	74.113
41581_at	50.321	47.747	49.12	49.996	46.034	48.181	50.777	39.61
41582_at	180.54	146.636	161.984	142.73	176.879	171.429	158.459	182.846
41583_at	120.024	122.131	108.939	94.517	106.453	113.124	98.161	105.826
41584_at	258.827	257.404	250.78	239.538	252.403	255.922	229.917	243.901
41585_at	120.189	121.998	110.457	119.106	112.62	122.738	109.496	114.43
41586_at	106.579	102.244	107.11	102.988	110.023	105.108	104.53	96.8
41587_g_at	89.255	84.63	90.685	83.731	82.292	86.863	86.554	90.788
41588_at	105.37	111.131	118.584	126.779	110.68	107.531	127.866	116.782
41589_at	60.411	65.977	65.283	61.427	69.168	66.779	60.222	60.077
41590_at	235.318	217.833	226.068	198.647	218.237	223.945	209.821	207.835
41591_at	74.089	75.758	79.319	80.011	83.769	85.13	86.121	84.031
41592_at	88.291	82.396	87.676	91.083	89.56	86.81	92.927	84.442
41593_at	121.943	120.626	137.361	136.579	129.052	125.728	146.156	136.084
41594_at	241.607	243.634	245.024	243.727	238.524	240.344	253.859	243.529
41595_at	62.886	65.076	65.095	64.155	62.501	59.788	61.51	64.469
41596_s_at	128.083	139.004	137.006	137.146	128.743	136.502	120.431	128.091
41597_s_at	154.39	159.53	141.041	156.867	159.213	148.178	141.932	156.377
41598_at	73.788	82.813	92.781	89.196	84.293	74.096	98.553	80.646
41599_at	71.184	78.659	85.167	88.234	72.595	80.27	87.264	76.895
41600_at	170.788	166.786	160.157	169.077	187.051	170.742	170.743	168.821
41601_at	37.841	38.701	31.937	35.829	35.842	33.268	35.213	35.676
41786_at	189.933	215.987	209.326	231.264	201.414	191.095	193.931	173.985
41787_at	21.15	18.165	21.598	17.31	22.36	20.972	22.451	22.541
41788_i_at	43.395	49.729	41.293	42.472	40.061	46.608	37.755	45.565
41789_r_at	36.103	38.375	35.816	39.862	39.589	37.029	31.077	36.382
41790_at	34.33	44.404	43.344	40.184	38.166	43.708	40.306	36.944
41791_at	21.219	23.791	23.858	25.203	24.168	22.589	24.222	21.212
41792_at	123.219	133.697	128.488	121.692	128.754	126.439	126.472	124.066
41793_at	264.167	254.093	253.789	240.74	256.343	248.474	245.923	228.566
41794_at	20.521	19.338	23.8	22.057	29.434	23.415	22.092	26.399
41795_at	136.559	113.677	124.91	123.421	123.628	127.211	136.277	122.078
41796_at	76.297	90.99	75.54	76.651	80.019	74.68	77.126	71.211
41797_at	136.256	128.458	152.78	146.008	140.623	137.035	139.978	132.135
41798_at	262.407	260.343	264.186	257.312	272.783	253.307	235.511	242.729
41799_at	170.743	164.83	162.057	145.699	168.942	164.076	149.357	168.182
41800_s_at	188.428	185.626	183.484	177.943	207.123	179.992	174.228	176.295
41801_at	12.833	12.012	13.705	15.09	16.092	15.899	10.376	17.596
41802_at	37.866	34.876	42.717	35.3	35.994	38.596	31.537	44.629
41803_g_at	99.876	95.711	86.17	81.053	84.303	93.096	91.67	98.952
41804_at	169.285	154.564	147.407	153.143	146.594	149.18	128.596	157.403
41805_g_at	121.366	91.224	114.16	100.976	126.838	114.998	137.382	120.687
41806_at	20.324	17.713	23.11	18.202	19.828	19.467	18.835	24.337
41807_at	205.561	183.299	213.393	187.373	193.794	205.325	177.283	203.408
41808_at	71.326	74.359	63.001	63.769	60.277	61.887	65.651	57.554
41809_at	79.032	92.178	74.284	85.423	85.297	81.485	80.987	85.421
41810_at	92.269	88.504	98.373	84.964	89.977	99.756	91.186	100.146
41811_f_at	66.748	57.221	60.389	55.709	65.763	55.983	58.548	62.912
41812_s_at	109.676	125.318	110.172	115.174	111.629	112.674	116.561	119.901
41813_at	128.158	130.146	137.134	129.957	165.222	144.692	150.766	144.024
41814_at	288.047	284.937	297.267	289.294	277.328	293.443	289.462	282.04
41815_at	245.453	300.637	305.293	295.493	276.208	272.629	330.213	280.449
41816_at	197.949	189.985	188.086	185.812	184.048	184.836	167.292	183.137
41817_g_at	409.965	436.676	408.959	413.386	426.851	384.448	361.572	390.488
41818_at	133.811	141.355	143.237	127.173	158.366	138.095	132.871	133.305
41819_at	16.297	17.606	13.289	15.799	16.599	20.104	12.038	15.211
41820_s_at	34.602	33.1	38.294	36.437	39.803	42.001	32.339	35.539
41821_at	32.631	37.49	37.88	36.807	30.036	32.812	43.498	28.998
41822_at	204.412	236.64	231.278	232.832	231.625	248.525	207.965	236.534
41823_at	178.917	196.43	191.654	192.65	190.461	190.88	192.036	195.089
41824_at	137.985	147.131	132.732	112.318	145.1	135.397	132.551	120.808
41825_at	261.184	264.083	253.821	279.197	272.206	266.679	252.495	247.855
41826_at	38.994	36.771	40.395	36.717	37.429	34.66	34.18	39.01
41827_f_at	259.169	301.488	282.083	294.73	285.689	284.461	251.268	268.392
41828_at	174.682	200.606	170.875	171.409	170.638	171.817	165.461	151.773
41829_at	119.95	136.295	138.776	151.266	134.231	142.135	133.334	137.523
41830_at	138.081	137.119	137.333	150.404	128.44	125.821	139.32	127.88
41831_at	192.277	171.036	207.778	173.082	225.563	203.104	191.548	211.583
41832_s_at	63.97	61.386	70.778	72.614	74.276	62.566	76.429	68.457
41833_at	755.581	860.203	858.767	868.593	858.632	832.131	822.733	798.722
41834_g_at	225.551	287.608	239.257	252.262	222.494	243.785	296.29	230.355
41835_at	37.267	39.273	40.833	42.635	34.847	35.6	52.386	48.133
41836_at	239.9	256.188	237.475	248.332	219.179	221.252	239.725	204.58
41837_at	102.611	98.911	107.081	101.809	125.263	120.882	93.101	108.822
41838_at	45.483	48.332	48.25	41.17	45.398	44.328	44.682	39.367
41839_at	47.315	58.162	56.901	54.263	61.962	55.518	51.225	58.05
41840_r_at	116.418	93.867	100.173	100.751	126.892	125.446	119.272	131.509
41841_at	108.235	104.531	104.093	91.199	98.096	105.913	90.788	111.306
41842_at	123.346	124.607	117.643	120.158	125.102	125.054	134.786	131.379
41843_r_at	34.983	34.13	28.89	34.858	30.458	31.905	34.709	36.783
41844_at	69.933	69.923	69.83	66.293	67.627	72.103	63.125	68.798
41845_at	446.075	335.728	402.445	373.406	405.155	388.806	527.315	436.105
41846_at	222.246	191.706	205.901	207.424	207.368	201.91	180.37	222.509
41847_at	22.326	17.886	17.586	20.001	18.78	17.438	17.01	21.651
41848_f_at	23.568	26.384	20.597	23.216	26.041	23.944	23.974	22.302
41849_r_at	1.795	6.319	5.61	4.244	1.402	2.435	1.927	1.863
41850_s_at	189.316	191.395	175.372	170.768	171.531	185.183	167.079	173.724
41851_at	191.225	183.851	170.301	173.184	185.275	171.106	173.028	181.243
32502_at	234.574	220.715	204.574	205.762	225.204	218.078	208.326	202.481
32503_at	134.278	116.079	111.049	121.818	90.337	89.027	89.27	93.037
32504_at	110.53	102.296	100.706	101.639	115.228	108.314	100.788	96.544
32505_at	205.093	208.688	232.253	238.581	235.342	213.956	240.761	226.562
32506_at	50.381	49.015	47.494	48.561	44.732	41.605	53.191	43.324
32507_at	114.686	106.474	111.811	95.314	114.695	99.625	92.188	105.228
32508_at	120.889	133.68	123.723	134.643	131.063	120.668	121.903	121.354
32509_at	113.283	119.746	113.964	110.868	116.747	114.838	108.195	115.77
32510_at	232.99	280.759	270.841	280.436	247.649	253.263	254.454	239.78
32511_at	261.129	254.647	252.559	252.867	239.702	267.331	244.281	240.329
32512_at	83.786	104.176	97.62	107.384	101.381	90.076	121.749	112.138
32513_at	225.24	234.963	234.479	216.353	220.291	214.18	222.581	206.094
32514_s_at	56.066	63.061	60.051	64.877	57.381	55.615	55.17	58.414
32515_s_at	84.073	83.886	91.585	85.435	90.383	94.899	82.672	82.342
32516_at	15.389	17.878	20.794	16.827	17.627	17.668	15.784	16.411
32517_at	42.674	48.77	53.898	61.569	54.413	55.246	59.016	55.658
32518_at	144.824	160.903	156.846	169.202	161.698	157.562	152.197	140.921
32519_at	183.484	172.527	181.421	170.601	186.715	200.584	162.314	176.862
32520_at	129.664	120.864	131.687	127.317	134.765	126.058	121.596	116.184
32521_at	67.627	60.935	66.183	72.996	81.802	66.047	64.501	64.748
32522_f_at	65.559	70.935	68.087	60.086	66.048	66.215	63.567	61.009
32523_at	45.273	49.426	46.784	52.646	46.197	48.143	48.451	48.189
32524_s_at	53.128	46.847	50.462	53.216	47.962	44.961	49.013	45.127
32525_r_at	1053.002	1043.106	1059.9	1035.068	1032.981	989.208	902.577	937.798
32526_at	159.688	174.702	175.204	177.114	172.403	174.143	197.084	171.897
32527_at	104.173	106.307	107.181	92.608	112.572	109.525	101.042	109.093
32528_at	207.465	216.668	216.41	209.629	202.636	195.063	192.275	189.631
32529_at	493.429	491.842	471.336	491.605	508.945	514.268	575.989	527.087
32530_at	442.925	457.962	430.216	448.397	455.642	442.949	441.893	461.841
32531_at	63.615	67.107	48.217	54.826	63.682	67.956	45.953	64.985
32532_at	214.563	208.837	211.459	227.254	220.243	214.595	217.358	233.424
32533_s_at	99.563	88.228	94.062	90.804	101.502	92.172	87.868	104.001
32534_f_at	105.236	101.228	116.192	104.104	126.637	117.352	105.55	103.461
32535_at	43.736	47.311	46.225	46.203	42.919	41.775	43.04	41.565
32536_at	105.287	109.164	105.903	110.798	100.098	100.519	111.653	107.516
32537_at	46.85	45.754	45.626	41.663	48.781	41.632	36.942	41.997
32538_at	43.085	52.417	43.755	47.965	43.741	42.273	42.543	44.948
32539_at	148.934	140.001	137.354	132.114	132.967	142.257	140.987	140.29
32540_at	206.936	196.607	214.761	212.685	241.251	236.012	213.882	202.669
32541_at	76.416	78.937	73.344	69.418	70.869	70.052	79.884	82.281
32542_at	138.102	139.651	133.48	149.646	141.041	128.356	135.345	127.873
32543_at	511.902	581.958	559.737	583.448	548.573	554.377	574.18	534.887
32544_s_at	198.145	214.858	220.506	226.779	209.514	204.467	219.291	218.128
32545_r_at	236.332	214.095	231.081	247.107	230.254	228.279	250.609	225.422
32546_at	169.196	187.961	179.121	186.09	168.658	170.422	179.733	166.09
32547_at	396.957	452	447.124	439.634	466.71	475.675	468.837	418.682
32548_at	67.212	79.695	57.205	67.415	66.013	60.408	54.964	68.335
32549_at	92.579	92.229	104.239	104.858	86.037	84.443	98.501	92.775
32550_r_at	263.318	272.192	279.136	276.856	312.684	285.614	252.524	260.431
32551_at	23.645	26.604	27.736	26.882	26.378	29.652	29.013	22.262
32552_at	92.667	97.766	97.296	105.693	106.075	96.266	97.644	95.406
32553_at	1256.524	1185.949	1175.259	1211.552	1222.664	1208.875	1313.269	1283.405
32554_s_at	156.452	149.508	141.885	148.589	133.289	141.356	156.163	136.471
32555_at	89.624	93.719	91.673	102.083	90.493	87.693	99.117	85.679
32556_at	186.584	175.715	186.594	184.373	194.59	190.568	199.16	175.548
32557_at	519.086	573.216	560.794	529.373	559.932	570.939	538.163	525.369
32558_at	111.371	98.933	103.129	113.33	102.663	106.996	111.703	98.88
32559_s_at	176.416	192.915	175.372	183.357	180.937	175.166	188.469	178.966
32560_s_at	373.756	405.671	436.508	425.846	413.502	422.361	380.702	406.19
32561_at	70.872	72.088	65.297	75.217	70.175	68.44	72.536	65.383
32562_at	88.463	98.707	86.68	90.874	88.588	95.581	73.959	82.773
32563_at	151.311	186.729	170.703	198.039	168.598	155.343	165.967	146.595
32564_at	434.337	498.802	469.79	506.053	446.837	418.579	486.864	387.025
32565_at	89.851	98.866	109.337	103.135	137.778	132.242	128.701	126.5
32566_at	436.464	499.174	466.767	488.839	534.771	500.511	433.087	460.79
32567_at	339.815	346.662	373.23	363.247	376.434	358.786	351.973	342.572
32568_at	21.569	20.438	19.695	20.555	25.155	23.343	22.773	20.887
32569_at	149.656	136.656	133.029	131.762	128.304	141.999	140.59	151.943
32570_at	75.747	68.066	63.667	68.313	62.531	65.01	64.924	64.478
32571_at	125.97	147.412	140.611	140.704	129.303	126.925	143.149	126.853
32572_at	124.992	148.155	130.132	142.633	123.005	126.133	137.926	115.812
32573_at	82.029	90.643	73.192	76.855	72.227	81.556	88.792	83.116
32574_at	103.799	87.045	85.459	84.868	81.949	87.103	93.747	81.671
32575_at	263.465	273.116	265.133	261.157	251.506	258.898	273.251	263.728
32576_at	211.009	235.725	231.115	224.958	203.121	216.213	237.994	208.904
32577_s_at	88.371	86.34	76.241	72.869	71.89	88.095	77.241	80.207
32578_at	152.367	165.652	158.852	158.241	135.924	139.82	134.088	132.669
32579_at	53.544	56.533	57.165	53.522	47.807	50.564	56.189	49.593
32580_at	188.759	181.626	190.645	170.792	172.993	175.625	171.711	163.543
32581_at	17.439	12.778	15.594	18.043	17.125	16.826	17.978	12.965
32582_at	62.844	78.828	85.409	91.201	79.544	84.424	87.538	76.159
32583_at	196.157	211.034	204.421	204.537	193.992	184.199	207.201	193.201
32584_at	128.796	126.749	125.177	126.5	128.813	123.012	136.427	125.073
32585_at	78.503	85.19	75.314	82.56	73.177	73.689	72.045	72.074
32586_at	235.535	205.883	206.943	209.138	205.677	217.866	193.962	218.34
32587_at	177.042	204.768	191.826	201.068	168.212	174.732	199.181	175.389
32588_s_at	189.689	236.368	222.336	231.817	193.585	206.276	224.261	195.505
32589_at	222.319	252.973	253.261	220.174	243.292	231.024	207.511	219.72
32590_at	241.76	300.171	224.776	289.357	246.471	236.151	260.392	228.905
32591_at	331.778	315.729	335.047	314.49	354.118	338.396	284.576	333.956
32592_at	82.558	95.331	94.628	101.615	90.858	88.433	88.873	83.698
32593_at	50.064	52.337	52.721	49.583	48.366	50.833	55.751	53.575
32594_at	154.509	152.882	149.951	154.449	160.881	155.585	160.579	148.957
32595_at	74.165	81.809	89.843	84.264	81.563	84.493	88.758	84.88
32596_at	55.966	52.177	60.51	58.184	52.402	52.235	56.124	59.589
32597_at	147.619	187.751	160.176	185.999	152.151	155.704	155.212	137.44
32598_at	164.044	168.546	146.959	175.629	155.427	151.339	144.012	145.254
32599_at	49.435	50.24	59.462	66.035	46.967	46.067	52.244	43.821
32600_at	198.533	202.168	221.884	201.113	211.122	212.192	196.325	224.86
32601_s_at	170.826	176.227	178.678	178.604	168.831	175.012	162.323	153.125
32602_at	68.675	73.276	67.098	78.81	76.402	74.657	68.354	75.118
32603_at	27.342	31.668	27.299	28.613	32.377	24.819	30.528	28.566
32604_s_at	66.197	70.103	65.813	67.001	66.691	63.949	59.771	62.228
32605_r_at	3.425	8.705	6.47	3.614	2.549	5.211	6.671	6.998
32606_at	56.023	51.857	47.424	52.69	43.354	34.576	39.676	37.727
32607_at	50.642	56.998	53.942	61.584	57.436	57.426	51.181	61.05
32608_at	261.457	254.16	259.016	252.28	270.206	262.402	243.278	266.826
32609_at	114.686	122.68	121.152	121.834	111.401	117.437	119.342	128.589
32610_at	265.799	253.467	253.16	241.113	259.156	271.939	261.607	262.595
32611_at	983.717	993.188	1085.074	1036.284	1088.175	1031.648	1077.528	1059.504
32612_at	113.368	130.616	118.904	124.227	106.858	115.064	125.242	113.939
32613_at	42.387	44.632	40.762	35.634	48.319	44.794	59.407	50.386
32614_at	299.225	309.652	314.71	288.098	328.275	293.055	315.857	301.191
32615_at	94.867	98.489	96.235	97.688	100.086	97.43	100.606	90.661
32616_at	168.301	125.779	144.763	135.884	150.678	141.582	146.397	154.377
32617_at	113.857	113.199	103.878	94.895	120.216	117.767	105.067	112.221
32618_at	73.331	73.715	67.394	65.439	67.108	68.463	76.38	66.841
32619_at	109.998	88.54	85.472	97.641	117.512	117.893	93.678	100.527
32620_at	133.483	129.963	119.504	114.97	117.117	123.934	122.958	120.165
33101_g_at	202.048	192.094	192.429	191.206	199.054	185.971	175.766	174.476
33102_at	101.049	124.086	104.597	109.638	97.212	90.26	107.971	91.189
33103_s_at	49.045	52.309	47.093	44.279	51.955	45.215	49.155	52.205
33104_at	74.936	79.6	76.409	85.761	92.8	78.69	68.308	91.292
33105_at	226.461	195.452	202.246	188.137	200.875	207.487	198.947	213.504
33106_at	50.325	47.214	44.371	48.528	46.117	46.783	51.101	44.284
33107_at	116.251	103.218	112.198	105.79	112.549	109.211	102.656	107.734
33108_i_at	106.04	88.602	104.941	99.447	109.671	95.936	94.672	103.629
33109_f_at	232.237	218.367	209.221	206.887	227.315	220.722	210.447	219.562
33110_at	223.481	213.32	221.704	217.398	198.906	207.978	218.891	191.972
33111_at	76.79	73.816	71.351	67.504	76.954	76.131	60.706	75.672
33112_at	97.861	87.786	98.933	104.258	102.96	101.704	112.116	101.149
33113_at	115.488	122.065	125.17	130.339	119.19	117.172	119.24	117.801
33114_f_at	35.575	37.188	45.117	40.154	36.661	42.234	40.88	35.577
33115_at	185.996	170.087	172.642	172.334	170.927	173.451	154.91	159.012
33116_f_at	2929.987	3456.373	3257.613	3490.479	3369.751	3289.979	3238.039	3214.995
33117_r_at	1295.429	1552.93	1440.898	1550.144	1237.829	1166.431	1377.523	1174.811
33118_at	103.392	120.206	107.357	111.474	112.702	109.392	112.167	98.637
33119_at	51.312	54.754	48.451	59.934	63.149	55.582	50.964	50.507
33120_at	32.257	27.68	29.35	27.888	33.631	30.067	25.557	29.157
33121_g_at	60.699	59.703	53.534	50.141	65.003	64.295	51.987	52.616
33122_at	53.519	57.954	53.802	54.243	55.567	50.732	49.594	54.792
33123_at	105.261	120.445	121.832	131.071	114.453	120.305	114.677	110.562
33124_at	83.399	83.513	79.056	79.938	94.889	82.562	77.514	89.384
33125_at	225.108	227.982	236.142	243.792	228.316	235.069	216.255	227.192
33126_at	109.561	116.784	115.306	110.892	110.404	106.82	113.488	97.757
33127_at	69.635	70.641	68.997	66.928	63.62	67.04	66.522	62.261
33128_s_at	61.018	55.843	63.57	65.998	69.193	68.262	56.216	62.343
33129_at	208.51	209.849	224.335	208.239	224.893	218.638	207.38	211.038
33130_at	122.453	91.998	107.897	95.533	109.355	108.04	115.671	121.726
33131_at	118.121	124.442	133.706	127.541	126.812	123.192	125.045	119.188
33132_at	345.615	388.513	351.209	355.796	356.063	343.231	380.824	362.533
33133_at	143.801	136.06	129.119	144.949	141.23	146.217	144.38	152.973
33134_at	249.124	242.64	235.286	257.661	251.874	269.864	280.072	264.154
33135_at	84.381	74.171	87.495	71.359	93.15	80.906	81.55	80.961
33136_at	59.171	58.727	61.528	58.06	60.179	58.115	61.289	59.891
33137_at	637.858	601.13	593.6	587.346	561.23	573.961	580.744	562.507
33138_at	66.934	64.246	65.453	60.478	69.474	72.724	70.144	62.034
33139_s_at	31.209	39.292	39.709	36.979	38.497	33.744	38.342	39.75
33140_at	175.159	169.056	165.698	167.503	177.802	160.053	194.453	168.789
33141_at	474.681	488.234	485.548	477.102	506.935	466.273	420.209	443.453
33142_at	123.887	128.414	124.506	124.732	131.714	131.363	127.028	114.656
33143_s_at	97.286	108.874	115.613	119.263	108.995	109.687	121.747	111.796
33144_at	258.047	240.179	266.347	252.161	326.038	290.489	305.55	306.999
33145_at	173.327	180.228	192.882	161.412	156.581	164.709	163.199	161.965
33146_at	522.371	666.371	631.535	693.754	565.741	541.477	649.547	537.198
33147_at	199	171.75	187.528	177.279	173.334	188.492	186.778	187.209
33148_at	67.107	74.013	72.032	69.373	68.494	64.086	65.767	56.847
33149_at	121.847	118.098	109.161	125.578	131.496	127.969	117.749	122.646
33150_at	25.867	32.117	24.679	28.808	26.368	27.617	28.953	26.344
33151_s_at	135.02	120.278	122.038	127.735	126.317	132.58	124.727	124.559
33152_at	25.775	24.561	26.015	23.62	32.401	27.318	26.956	29.931
33153_at	187.47	198.126	181.506	187.671	188.144	191.624	200.206	184.67
33154_at	167.36	208.012	200.058	206.962	178.77	179.506	190.455	183.53
33155_at	158.024	176.095	188.213	189.607	175.984	183.624	162.175	179.933
33156_at	96.914	100.087	108.966	95.841	86.923	97.461	92.378	82.079
33157_at	132.343	115.531	117.981	115.061	140.324	124.473	116.181	114.605
33158_at	85.821	76.464	90.983	75.105	107.787	97.841	79.794	96.495
33159_at	90.65	91.869	101.088	88.762	89.899	97.147	95.243	92.257
33160_at	85.641	82.466	92.229	90.561	92.229	85.926	96.816	81.973
33161_at	965.315	928.171	878.327	1044.459	995.071	942.966	974.053	984.511
33162_at	190.771	228.456	208.176	209.066	211.693	190.37	201.711	191.451
33163_r_at	80.332	103.696	105.177	95.733	88.444	97.759	77.252	90.835
33164_at	65.374	63.713	69.164	68.385	66.168	68.337	60.091	58.98
33165_at	176.413	177.946	177.257	188.887	191.447	186.448	190.126	172.654
33166_at	90.385	94.206	96.065	95.002	108.355	98.889	87.486	92.449
33167_r_at	21.256	27.01	21.326	27.244	21.509	29.542	21.316	18.284
33168_at	220.837	221.548	216.115	196.732	210.322	213.787	228.151	232.601
33169_at	92.493	86.391	89.607	93.504	88.256	95.132	93.463	92.153
33170_at	90.473	91.64	85.358	87.937	87.273	93.545	90.917	84.62
33171_s_at	30.069	28.829	26.931	27.858	31.032	25.713	25.228	28.152
33172_at	163.31	147.537	156.373	143.198	146.585	149.817	147.189	152.527
33173_g_at	99.135	89.396	83.681	88.445	88.647	88.49	87.138	89.313
33174_s_at	68.909	69.531	63.103	62.12	75.475	71.278	60.053	69.747
33175_at	102.356	103.826	97.784	103.123	114.454	104.061	93.553	98.632
33176_at	152.641	150.083	149.13	138.718	157.482	145.1	139.55	138.195
33177_at	415.653	425.422	401.954	431.273	400.545	418.896	419.419	373.704
33178_at	463.904	432.181	445.2	402.683	417.106	434.429	406.1	436.254
33179_at	91.294	90.847	90.561	80.67	122.275	104.325	87.467	101.074
33180_at	67.165	78.436	69.265	82.105	70.304	77.464	81.995	70.069
33181_at	21.367	28.478	30.684	28.724	31.966	27.514	26.216	22.81
33182_at	150.093	152.972	170.478	155.177	143.385	145.033	166.825	156.804
33183_at	214.828	222.075	214.698	224.708	221.712	199.333	218.404	196.537
33184_at	164.227	157.427	150.035	159.544	173.107	160.891	168.02	155.794
33185_at	69.969	63.602	75.072	65.823	71.953	70.007	68.666	64.409
33186_i_at	26.055	21.369	21.234	20.687	17.815	17.18	17.347	20.29
33187_r_at	8.95	6.845	4.216	6.838	7.637	5.648	5.373	7.661
33188_at	167.267	219.316	199.182	209.57	201.768	217.56	225.254	200.006
33189_at	15.447	18.731	17.18	16.934	16.262	15.601	12.249	12.409
33190_g_at	62.928	58.742	56.175	49.495	65.444	65.764	48.301	67.189
33191_at	55.523	51.777	56.817	54.366	62.141	61.679	48.539	51.655
33192_g_at	36.326	33.461	32.701	34.841	39.91	39.177	30.364	37.539
33193_at	26.937	29.38	27.012	28.195	27.684	28.454	27.321	23.36
33194_at	39.414	34.385	28.334	30.936	42.767	33.362	24.581	33.336
33195_at	102.066	97.989	90.768	79.249	103.933	105.523	93.165	103.551
33196_at	151.065	159.142	144.453	146.697	164.932	150.203	152.239	146.443
33197_at	202.134	226.161	251.876	232.317	239.763	361.403	238.73	259.473
33198_at	416.81	404.482	403.405	402.519	468.778	415.337	392.162	431.546
33199_at	39.509	43.651	46.602	49.481	48.787	45.499	40.007	46.984
33200_at	354.522	342.737	350.865	364.106	349.297	349.098	358.123	325.513
33201_at	229.704	226.912	241.528	225.871	257.543	247.735	210.288	227.128
33202_f_at	64.005	65.831	67.624	60.4	67.249	64.531	58.267	62.539
33203_s_at	637.581	548.019	565.014	543.446	585.437	564.724	539.164	516.053
33204_at	102.698	114.963	114.042	120.871	115.035	118.82	107.335	106.669
33205_at	135.791	166.378	132.527	158.264	163.717	131.279	127.254	124.787
33206_at	85.496	85.537	95.105	101.269	92.488	82.674	95.412	88.707
33207_at	186.01	199.564	204.564	210.568	204.564	198.804	196.751	202.82
33208_at	63.541	65.01	63.759	67.596	69.08	66.519	56.124	67.232
33209_at	52.865	46.596	44.998	47.17	46.641	50.566	45.269	49.091
33210_at	37.912	31.802	32.413	37.641	35.507	41.086	33.902	38.517
33211_at	386.37	362.528	366.522	352.865	384.76	379.088	356.325	402.731
33212_at	355.366	411.971	336.539	400.717	350.46	335.265	395.257	369.581
33213_g_at	1051.922	1144.007	1178.169	1169.452	1027.89	1032.315	1199.093	1097.938
33214_at	224.348	229.092	221.638	206.941	216.561	202.496	199.631	211.922
33215_g_at	685.404	640.195	647.048	641.072	718.55	662.505	678.85	654.415
33216_at	118.829	119.214	122.018	125.106	108.134	110.725	105.188	115.296
33217_at	46.714	45.318	41.33	40.163	38.898	41.253	44.314	41.6
2084_s_at	702.588	716.244	734.747	692.424	726.649	693.99	640.829	691.092
2085_s_at	214.543	249.943	243.757	237.264	165.309	202.478	257.744	200.462
2086_s_at	42.004	43.977	47.612	45.333	42.29	43.497	41.357	41.264
2087_s_at	36.956	29.896	29.782	31.869	35.286	30.611	32.786	29.805
2088_s_at	99.284	110.001	103.325	110.347	113.494	106.022	101.801	94.031
2089_s_at	103.232	105.849	109.599	108.026	119.206	105.67	97.094	104.663
2090_i_at	789.943	769.951	783.338	775.003	829.243	813.225	805.438	786.706
2091_at	181.318	178.669	182.869	181.54	207.679	187.021	168.021	189.887
2092_s_at	375.225	419.649	375.768	412.892	357.407	348.027	394.695	361.756
2093_s_at	280.076	239.832	282.245	270.256	319.941	313.318	260.238	306.568
2094_s_at	242.596	266.522	256.028	272.137	270.943	256.879	274.739	256.123
2080_s_at	28.063	25.621	26.785	31.147	32.531	29.77	27.884	28.287
2081_s_at	30.677	32.833	29.628	32.969	28.758	32.083	26.039	31.416
2082_s_at	162.074	174.67	154.332	170.561	161.676	161.471	166.607	145.39
2083_at	60.988	60.877	66.141	54.515	60.263	58.432	58.385	59.002
2061_at	15.285	15.446	17.962	18.915	15.903	14.867	13.374	17.985
2062_at	453.432	523.073	441.506	505.649	495.928	467.424	460.673	454.778
2063_at	18.901	27.799	18.098	20.076	20.107	24.185	20.646	19.989
2064_g_at	180.354	203.111	185.455	195.812	192.172	166.991	169.152	162.916
2065_s_at	61.249	69.856	66.8	74.006	71.696	65.363	75.531	69.969
2066_at	168.574	186.608	175.407	165.346	187.554	184.425	179.283	170.041
2067_f_at	59.69	53.891	51.428	57.035	58.592	60.4	55.117	53.779
2068_s_at	98.436	97.144	103.314	96.506	99.867	103.116	91.228	84.883
2069_s_at	137.239	144.985	147.004	153.426	176.33	173.877	162.669	153.594
2070_i_at	1.327	2.262	1.414	2.914	4.831	6.52	4.124	6.8
2071_s_at	172.832	171.575	164.17	195.358	167.659	150.784	130.031	148.574
2072_at	140.728	115.873	127.073	123.002	137.336	120.801	143.038	122.563
2073_s_at	28.723	31.058	27.146	26.554	28.174	28.073	29.928	27.892
2074_at	50.64	48.569	47.306	45.283	52.994	47.165	46.485	45.795
2075_s_at	143.873	149.702	148.346	146.135	147.967	143.359	152.716	135.698
2076_s_at	87.121	88.157	79.304	83.304	85.472	80.352	91.764	76.288
2077_at	135.506	130.602	140.864	140.584	167.232	158.792	117.952	149.37
2078_s_at	287.872	205.14	259.575	198.068	247.151	228.836	197.976	230.523
2079_s_at	177.793	191.105	180.154	197.264	183.901	185.577	186.242	181.09
2060_at	139.978	141.76	142.941	130.732	154.89	149.815	147.07	145.902
2038_g_at	243.898	248.182	235.547	235.18	231.578	257.325	227.388	248.68
2039_s_at	114.387	109.679	96.406	106.755	120.494	112.681	114.16	117.849
2040_s_at	163.02	168.92	181.951	165.056	168.986	168.703	166.767	163.755
2041_i_at	78.176	76.138	86.844	101.463	98.139	78.584	100.975	82.744
2042_s_at	60.53	64.885	75.036	77.654	69.811	62.72	93.415	70.409
2043_s_at	204.1	202.55	228.388	179.333	197.485	227.954	183.454	196.165
2044_s_at	50.415	57.033	54.554	58.878	58.44	53.647	54.403	53.117
2045_s_at	81.787	77.284	78.667	82.043	69.729	68.36	86.019	76.983
2046_at	215.85	212.232	212.698	219.972	195.848	209.662	227.653	205.979
2047_s_at	581.594	590.063	565.619	567.848	585.635	541.177	571.855	557.458
2048_s_at	82.402	81.377	88.023	72.842	85.451	86.793	79.698	85.036
2049_s_at	110.55	104.474	108.945	106.359	104.96	107.319	106.066	102.846
2050_s_at	271.426	280.735	292.306	323.187	291.652	267.694	307.791	291.236
2051_at	215.307	199.45	195.271	199.38	215.907	214.307	200.145	210.335
2052_g_at	82.639	87.353	87.909	90.603	80.429	85.085	90.726	81.684
2053_at	64.176	66.151	68.096	72.966	65.673	66.597	63.917	62.896
2054_g_at	6.781	3.659	6.698	5.843	5.509	4.905	6.455	6.534
2055_s_at	40.904	38.766	41.814	44.802	46.365	40.714	36.368	36.605
2056_at	290.434	328.888	303.997	334.697	296.762	296.41	312.577	297.375
2057_g_at	451.921	562.028	562.221	571.289	490.472	490.689	542.785	470.085
2058_s_at	98.678	114.406	112.873	114.46	107.685	104.488	101.079	99.334
2059_s_at	375.891	386.661	390.52	383.145	440.975	426.242	368.214	408.171
2035_s_at	604.551	683.554	732.786	696.927	729.798	686.906	697.352	650.648
2036_s_at	52.637	55.63	54.439	56.706	52.689	55.79	51.544	49.775
2037_s_at	67.112	72.266	66.44	69.743	74.327	69.595	59.533	73.118
2016_s_at	3688.386	4198.913	4106.996	4397.197	4011.637	4125.944	4189.174	3959.522
2017_s_at	110.103	114.575	104.232	113.103	121.054	118.444	103.027	110.441
2018_at	106.147	99.618	106.52	92.179	108.882	100.353	91.132	98.875
2019_s_at	100.99	100.993	97.955	100.344	102.776	103.934	95.88	97.014
2020_at	265.453	291.385	277.57	296.853	299.593	283.6	289.019	280.485
2021_s_at	76.513	76.888	78.414	75.881	87.488	72.968	82.932	75.078
2022_at	70.033	68.063	77.111	64.658	87.279	71.653	70.984	63.082
2023_g_at	63.872	64.472	68.768	68.238	65.63	61.858	68.204	65.816
2024_s_at	54.845	52.411	54.863	52.839	53.789	49.863	50.908	50.994
2025_s_at	233.705	238.152	264.086	248.088	263.814	249.559	256.58	237.721
2026_at	35.968	29.393	34.149	31.917	37.231	36.022	35.656	34.049
2027_at	284.493	308.591	317.767	319.812	321.449	333.678	302.545	319.247
2028_s_at	73.467	71.498	76.337	65.867	75.558	77.82	74.648	74.539
2029_at	33.68	25.008	31.949	33.029	34.989	33.954	28.822	35.938
2030_at	354.655	353.643	362.03	340.076	343.921	371.613	326.098	365.065
2031_s_at	767.047	700.485	788.498	745.077	880.751	842.529	847.54	864.387
2032_s_at	582.344	533.241	542.625	517.02	545.148	577.74	494.948	599.933
2033_s_at	67.492	70.565	69.741	63.567	61.745	68.037	59.979	72.734
2034_s_at	120.761	119.713	116.957	105.079	137.434	124.62	107.875	121.486
2015_s_at	15.913	22.078	17.989	21.848	15.807	18.889	17.501	14.724
1993_s_at	87.843	83.846	72.298	78.033	81.835	77.434	74.576	69.682
1994_at	47.494	44.222	41.276	37.498	52.469	56.135	36.684	49.042
1995_at	286.74	325.574	327.484	307.893	258.775	294.082	303.775	277.101
1996_s_at	205.371	189.495	165.366	183.303	188.065	177.38	185.646	172.064
1997_s_at	143.946	146.287	148.168	150.829	157.31	139.638	143.734	146.946
1998_i_at	184.188	197.398	209.633	210.936	225.532	204.471	209.338	224.977
1999_s_at	66.359	86.415	74.033	77.451	79.037	76.073	76.184	78.593
2000_at	87.143	89.351	84.631	73.04	89.053	89.42	85.638	92.589
2001_g_at	77.841	71.465	67.457	68.085	77.986	66.435	66.38	73.464
2002_s_at	22.058	19.998	18.752	20.648	18.944	20.981	22.186	17.448
2003_s_at	64.292	79.953	74.476	73.771	60.889	64.46	71.592	59.306
2004_at	24.859	22.94	20.879	22.578	24.666	24.865	27.727	22.506
2005_s_at	187.649	184.255	190.156	178.456	188.15	181.304	175.255	173.734
2006_at	195.344	218.883	225.04	210.269	211.26	227.255	194.781	202.403
2007_g_at	188.074	188.601	179.124	185.904	196.754	193.838	191.584	189.343
2008_s_at	38.842	31.791	30.109	31.963	40.825	38.864	34.176	33.755
2009_at	90.196	88.02	85.566	92.924	96.196	92.083	84.496	89.508
2010_at	177.154	185.671	174.304	185.492	187.193	182.832	210.73	173.877
2011_s_at	125.901	120.334	125.306	119.978	138.176	129.644	118.019	129.252
2012_s_at	17.659	17.411	14.94	16.32	17.968	16.556	18.45	20.534
2013_at	412.394	446.189	437.579	449.824	491.059	479.876	406.844	447.334
2014_s_at	71.284	81.441	87.342	94.438	89.852	81.491	91.251	83.654
1989_at	3.744	4.747	4.553	3.543	5.387	3.478	2.735	5.131
1990_g_at	32.888	32.151	26.768	30.888	32.411	27.535	27.315	26.873
1991_s_at	329.547	304.879	314.653	311.422	352.56	348.143	306.892	318.389
1992_at	123.614	113.789	127.654	119.769	133.142	123.26	111.648	113.691
1971_g_at	324.234	336.956	357.661	348.159	366.145	384.038	343.302	344.667
1972_s_at	115.092	117.277	120.887	127.342	117.715	112.529	114.202	107.96
1973_s_at	226.546	243.722	265.528	267.581	268.666	253.323	243.894	260.09
1974_s_at	46.248	54.63	48.396	54.629	52.607	49.627	52.719	48.178
1975_s_at	320.167	354.191	385.405	334.69	370.465	352.623	325.045	320.938
1976_s_at	287.02	284.552	397.038	351.789	359.006	342.182	318.227	303.787
1977_s_at	96.962	86.044	90.362	86.863	105.783	98.233	94.951	99.306
1978_at	56.006	65.056	64.061	61.588	59.596	61.719	63.385	66.749
1979_s_at	121.006	117.443	132.167	115.943	124.846	141.295	117.316	133.666
1980_s_at	734.463	771.879	719.436	768.283	725.623	694.616	763.064	734.415
1981_s_at	75.143	85.144	80.318	76.013	67.457	77.77	69.49	79.883
1982_s_at	341.142	304.965	288.376	280.942	305.44	302.521	271.274	333.441
1983_at	318.941	351.314	322.078	340.858	308.843	303.964	284.693	263.916
1984_s_at	97.504	94.952	100.279	93.395	104.967	98.82	98.383	103.343
1985_s_at	213.854	214.838	204.487	218.425	200.41	205.596	210.287	216.83
1986_at	64.46	71.73	67.012	67.924	60.899	57.361	61.278	64.891
1987_at	129.733	101.878	95.248	102.706	137.744	133.087	115.65	130.87
1988_at	1614.304	1698.83	1607.056	1709.249	1631.218	1549.673	1439.554	1391.197
1968_g_at	91.062	91.736	95.161	90.663	102.061	101.004	82.008	90.572
1969_s_at	33.044	35.082	32.829	36.558	34.101	31.711	32.957	31.429
1970_s_at	102.663	110.144	110.629	106.195	97.617	98.015	97.104	92.692
1949_at	34.939	36.77	36.89	36.68	39.014	38.971	36.449	29.688
1950_s_at	129.693	129.501	133.047	125.63	118.732	119.773	108.721	123.64
1951_at	100.208	95.121	91.516	91.98	108.827	96.821	91.592	96.513
1952_s_at	27.383	26.755	20.732	20.241	32.626	26.93	30.314	30.728
1953_at	410.939	410.691	429.551	438.148	420.474	424.698	439.697	414.316
1954_at	46.359	47.193	47.255	53.213	44.972	55.687	48.753	50.533
1955_s_at	72.36	77.656	72.388	77.232	67.097	70.671	72.391	61.263
1956_s_at	143.569	108.719	113.822	128.526	136.686	116.299	162.052	115.783
1957_s_at	76.637	60.943	62.279	56.521	68.878	68.999	65.345	65.824
1958_at	44.3	37.729	40.643	34.553	41.305	39.228	37.453	34.179
1959_at	54.695	75.145	54.902	69.325	59.782	55.544	65.25	56.964
1960_at	54.507	51.567	53.671	43.607	53.191	55.885	42.296	50.033
1961_f_at	74.947	74.2	73.604	76.27	77.182	69.619	78.899	72.084
1962_at	15.965	23.282	14.074	15.834	14.442	15.041	15.49	16.721
1963_at	85.091	84.498	90.707	89.245	93.665	81.305	75.2	82.334
1964_g_at	59.301	63.08	62.671	63.326	57.038	62.897	65.927	59.35
1965_s_at	159.214	171.468	176.204	167.141	163.717	173.746	178.86	161.561
1966_i_at	671.82	666.33	684.6	738.178	692.341	611.629	671.054	579.621
1967_f_at	347.253	360.219	372.383	344.232	367.218	353.125	342.185	332.833
1948_f_at	44.751	40.517	45.611	46.358	44.65	43.165	43.228	41.82
1926_at	426.77	451.83	455.441	422.655	458.333	440.274	402.402	386.999
1927_s_at	41.045	35.108	38.199	39.94	36.581	39.352	33.321	32.485
1928_s_at	31.702	29.853	25.42	32.247	32.69	33.262	33.24	30.063
1929_at	52.876	47.172	48.623	47.665	63.239	53.476	50.253	56.275
1930_at	80.201	88.037	88.079	92.955	85.954	88.296	87.506	83.063
1931_at	41.858	40.68	43.953	42.806	46.634	40.802	40.948	43.021
1932_at	237.361	228.625	225.785	219.597	229.553	239.442	232.164	243.601
1933_g_at	120.962	111.682	110.56	101.302	122.717	114.944	109.243	118.859
1934_s_at	57.802	56.954	55.33	65.456	62.277	67.119	55.541	54.393
1935_at	31.024	27.68	28.163	26.161	32.146	32.408	24.679	33.715
1936_s_at	502.563	530.689	534.43	515.807	551.689	526.354	487.023	493.182
1937_at	51.041	50.889	53.839	54.015	62.336	53.004	51.967	56.197
1938_at	471.7	396.968	400.861	389.932	430.261	404.867	394.735	421.788
1939_at	97.942	104.7	97.992	98.416	100.915	96.903	100.656	99.879
1940_at	120.383	142.86	104.136	133.923	108.695	105.195	121.519	105.244
1941_at	42.683	42.631	42.25	44.528	43.679	40.277	41.079	42.031
1942_s_at	210.193	201.137	202.099	199.811	217.682	200.834	210.877	205.819
1943_at	80.838	66.155	55.253	56.495	71.732	59.241	66.392	69.738
1944_f_at	234.184	226.218	242.699	234.796	270.835	252.724	246.985	283.595
1945_at	79.436	68.129	79.588	70.371	71.809	78.321	66.597	71.58
1946_at	113.932	103.071	114.158	94.96	120.938	113.781	102.557	122.072
1947_g_at	107.996	99.76	100.465	108.765	110.323	110.134	97.627	97.956
1923_at	109.445	124.015	116.223	117.474	101.331	101.637	125.462	103.323
1924_at	125.513	136.597	139.222	139.858	138.44	128.001	130.277	126.259
1925_at	482.889	466.716	481.913	470.288	527.847	516.922	423.671	502.793
1904_at	125.262	146.282	145.397	142.807	151.025	139.852	127.46	139.035
1905_s_at	63.082	63.283	60.331	67.684	69.116	59.1	75.162	73.244
1906_at	88.923	81.851	92.226	95.166	92.798	82.594	75.775	84.729
1907_at	84.489	81.387	91.131	70.001	86.88	98.762	79.895	85.299
1908_at	208.919	221.048	226.266	217.097	237.169	243.116	220.108	211.787
1909_at	33.465	33.991	31.1	30.585	32.465	30.807	32.776	32.718
1910_s_at	372.617	319.611	304.75	331.577	359.81	333.91	316.564	309.817
1911_s_at	85.455	80.018	92.83	92.779	101.444	99.64	86.397	96.779
1912_s_at	103.15	100.746	97.481	98.1	104.794	97.569	92.429	93.513
1913_at	88.569	83.268	101.056	97.291	101.952	89.218	79.925	87.107
1914_at	96.424	95.021	102.653	86.435	96.585	91.633	87.11	93.346
1915_s_at	186.606	241.25	206.439	218.764	207.866	201.812	195.988	198.061
1916_s_at	152.637	201.952	159.818	191.64	157.6	158.958	150.127	153.701
1917_at	148.745	159.968	159.102	155.222	147.619	154.944	148.109	145.511
1918_at	93.306	77.924	83.827	77.64	88.414	89.465	83.664	87.102
1919_at	151.928	158.385	156.695	138.11	152.504	153.942	132.065	140.031
1920_s_at	49.63	62.98	55.679	59.518	58.486	58.751	59.864	60.876
1921_at	39.85	44.356	44.452	33.992	46.18	36.304	41.062	40.759
1922_g_at	88.944	92.336	91.584	92.759	91.225	84.06	94.668	77.321
1903_at	63.314	73.095	69.498	77.572	65.497	69.961	55.44	64.242
1881_at	81.684	89.799	81.496	87.186	82.091	76.927	76.475	71.312
1882_g_at	95.421	102.211	103.235	105.812	101.036	92.428	105.006	105.235
1883_s_at	73.584	69.402	63.78	54.425	67.239	76.006	64.439	72.395
1884_s_at	76.059	75.118	65.979	74.674	63.651	70.315	81.987	72.678
1885_at	178.26	202.466	184.823	204.433	171.309	176.196	153.192	173.971
1886_at	310.216	268.656	276.361	257.392	303.173	306.208	288.41	321.02
1887_g_at	298.94	279.1	285.305	257.947	262.646	279.838	280.78	247.953
1888_s_at	56.246	53.62	58.963	48.572	60.085	52.085	49.381	54.554
1889_s_at	94.208	85.477	96.467	89.387	91.491	95.02	82.548	93.396
1890_at	1315.505	1365.531	1323.075	1442.107	1382.02	1329.405	1509.307	1399.732
1891_at	14.729	16.968	18.352	16.854	16.783	14.146	18.857	17.072
1892_s_at	419.495	418.563	437.483	403.449	411.43	426.23	393.397	385.35
1893_s_at	50.73	45.755	45.118	45.941	50.933	49.482	49.306	47.848
1894_f_at	152.912	154.116	146.241	155.519	152.524	151.896	148.973	146.442
1895_at	148.265	178.02	185.761	177.29	161.694	167.15	184.409	158.223
1896_s_at	105.123	96.391	100.942	87.992	97.662	94.647	94.864	96.055
1897_at	54.531	54.293	52.23	49.7	54.524	52.95	48.724	45.875
1898_at	104.096	99.885	106.632	101.596	102.686	104.855	105.31	102.179
1899_s_at	20.829	19.667	20.172	17.629	21.245	18.109	19.019	22.221
1900_at	21.411	19.115	23.697	18.632	26.22	21.721	19.717	19.509
1901_s_at	119.328	112.644	116.768	117.657	126.605	111.533	106.498	104.785
1902_at	220.022	218.35	229.391	212.266	235.583	232.291	240.625	243.124
1878_g_at	409.881	373.43	413.348	356.484	413.203	411.352	384.906	394.911
1879_at	139.643	138.721	139.356	139.015	155.14	143.115	128.072	142.593
1880_at	18.834	20.166	22.037	24.682	19.832	19.757	23.088	20.752
1859_s_at	72.468	57.555	68.483	56.317	65.312	61.094	59.274	65.955
1860_at	152.977	157.625	155.215	160.456	160.879	169.374	136.086	161.667
1861_at	44.178	47.873	53.449	50.749	44.535	47.625	45.569	49.044
1862_at	106.733	94.929	92.252	94.526	110.351	92.656	106	100.717
1863_s_at	95.423	86.921	87.23	96.192	100.307	103.44	89.348	90.513
1864_at	319.223	349.219	385.392	315.313	371.601	384.691	291.457	348.502
1865_at	5.11	7.798	7.164	3.86	7.043	4.871	6.717	7.55
1866_g_at	26.498	23.251	23.693	27.037	21.786	26.938	25.415	26.67
1867_at	99.994	105.306	105.639	118.487	105.254	101.991	99.126	99.364
1868_g_at	62.729	63.179	65.781	60.613	64.817	67.871	64.243	68.396
1869_at	370.538	346.141	392.873	375.132	388.925	384.285	360.019	361.021
1870_at	48.946	48.253	46.976	50.987	57.962	61.017	49.737	54.894
1871_g_at	30.594	26.915	27.704	26.97	36.561	28.017	25.954	30.248
1872_at	42.375	32.856	31.669	38.86	34.626	36.276	36.664	32.43
1873_at	138.966	144.112	142.837	151.108	148.298	138.127	145.41	126.008
1874_at	213.739	214.014	217.51	210.579	222.183	212.912	188.744	207.36
1876_at	26.832	24.315	28.008	28.635	27.342	24.464	27.142	29.856
1877_g_at	23.428	24.572	23.435	25.227	21.371	19.367	22.181	21.561
1837_at	28.813	26.956	26.325	30.617	27.137	26.817	28.939	28.982
1838_g_at	110.368	103.795	102.12	106.609	107.846	109.882	113.778	108.383
1839_at	174.684	197.16	201.767	198.114	184.888	188.867	176.406	180.766
1840_g_at	203.973	210.858	213.093	225.15	198.641	196.897	206.007	217.57
1841_s_at	57.341	51.907	59.546	59.185	56.839	55.069	55.901	57.584
1842_at	1008.259	967.86	813.101	966.837	1102.18	950.653	1040.873	984.155
1843_at	100.165	91.621	94.817	99.665	110.443	107.057	109.086	107.627
1844_s_at	58.031	69.418	55.984	68.903	59.56	65.991	56.646	60.333
1845_at	118.644	128.487	114.414	113.835	112.96	123.151	126.1	116.321
1846_at	95.314	99.216	92.175	106.742	108.224	102.427	103.15	96.309
1847_s_at	130.301	118.785	108.066	118.744	126.79	125.889	115.416	117.484
1848_at	61.199	62.007	58.923	57.358	59.497	58.992	54.413	54.696
1849_s_at	49.814	55.72	58.57	47.352	51.755	46.625	48.38	51.156
1850_at	201.488	221.57	214.358	199.713	233.737	226.86	183.304	215.602
1851_s_at	93.817	81.282	83.984	80.294	94.39	81.599	78.94	81.698
1852_at	85.051	71.922	79.065	70.51	80.679	84.834	72.194	79.495
1853_at	102.67	106.176	108.207	118.453	108.219	106.881	108.621	99.552
1854_at	62.357	59.342	55.461	57.972	64.487	57.671	58.6	56.95
1855_at	288.154	289.885	283.108	279.673	279.847	274.667	267.173	278.281
1856_at	41.825	31.639	29.272	36.081	33.911	23.798	32.744	31.678
1857_at	53.42	55.875	57.096	58.205	59.814	54.134	60.724	52.231
1858_at	63.619	66.569	70.128	54.892	60.537	61.392	59.183	64.773
1834_at	48.17	52.837	48.699	57.478	57.001	48.687	56.352	57.622
1875_f_at	123.877	123.219	123.82	123.038	125.331	118.69	130.872	133.929
1836_at	353.422	408.523	373.123	417.785	373.489	378.906	434.085	372.892
1814_at	202.027	215.541	227.332	225.475	210.196	209.075	234.945	212.266
1815_g_at	167.392	196.563	155.614	205.428	162.421	171.884	192.348	159.564
1816_at	50.852	55.275	58.681	60.24	62.052	52.826	45.463	47.809
1817_at	546.372	651.866	619.016	612.588	584.777	565.228	631.036	564.129
1818_at	124.853	115.718	133.197	123.401	125.863	104.259	120.833	110.757
1819_at	93.686	115.986	111.693	102.079	102.351	101.792	105.748	103.026
1820_g_at	79.621	75.107	85.585	82.294	85.79	77.323	84.273	74.093
1821_at	139.295	143.617	141.532	132.011	142.654	141.349	118.126	124.906
1822_at	59.673	64.403	67.671	56.846	60.291	71.438	62.009	63.243
1823_g_at	101.035	171.686	176.929	158.672	159.206	158.236	137.705	132.471
1824_s_at	205.806	246.321	233.051	242.632	232.619	241.083	205.202	233.337
1825_at	152.673	151.208	152.773	147.935	155.081	151.588	148.836	155.004
1826_at	255.454	237.94	235.463	231.056	249.528	255.57	234.7	254.359
1827_s_at	439.442	409.922	408.637	410.159	458.731	437.774	399.336	431.825
1828_s_at	130.656	120.943	111.633	113.424	106.391	115.266	113.13	113.203
1829_at	261.914	248.163	245.576	237.895	258.851	257.067	232.812	265.374
1830_s_at	139.566	141.089	136.34	142.748	130.257	139.901	120.302	126.653
1831_at	76.3	71.615	73.273	63.482	66.458	77.059	63.799	72.006
1832_at	45.481	39.405	44.651	40.097	43.355	38.496	36.651	41.108
1833_at	35.544	36.695	35.743	33.184	39.112	35.045	30.853	30.552
1792_g_at	354.717	334.452	330.693	344.604	347.87	353.566	313.54	342.214
1793_at	136.595	135.416	130.25	136.032	148.812	140.675	123.849	132.989
1794_at	246.654	236.886	241.325	234.323	251.809	254.384	238.007	239.466
1795_g_at	316.261	329.126	336.957	326.729	363.104	331.476	333.543	314.78
1796_s_at	542.565	566.372	542.991	536.818	557.676	517.861	529.67	556.204
1797_at	79.096	76.879	85.117	74.197	79.025	77.449	82.946	82.209
1798_at	65.068	75.158	61.505	60.728	59.624	63.689	64.953	59.241
1799_at	114.333	108.791	115.084	100.388	102.707	110.103	101.779	114.934
1800_g_at	125.561	111.979	113.797	109.953	109.664	108.942	102.727	105.527
1801_at	30.657	29.348	34.47	28.768	28.531	34.683	34.602	32.104
1802_s_at	164.245	160.016	173.932	161.002	178.908	169.489	149.572	160.224
1803_at	120.585	109.106	109.764	103.058	119.329	105.459	116.585	109.689
1804_at	237.649	221.383	228.214	211.815	275.194	250.561	219.655	238.035
1805_g_at	48.908	46.253	46.153	51.497	55.006	54.779	52.412	49.132
1806_at	4.229	5.944	5.112	7.224	5.381	5.186	6.211	5.798
1807_g_at	51.052	54.286	55.462	52.909	55.842	50.711	54.005	50.813
1808_s_at	177.176	177.227	164.026	169.526	176.656	183.377	174.4	178.852
1809_at	26.468	27.455	25.308	27.315	30.702	25.458	24.861	25.646
1810_s_at	154.762	155.212	158.709	156.964	172.008	156.477	171.956	153.316
1811_at	142.44	141.659	140.599	126.607	142.326	145.861	143.894	131.934
1812_s_at	38.52	36.935	39.221	40.505	42.964	38.059	35.952	35.57
1813_at	235.044	273.01	273.629	259.053	263.23	266.437	235.283	243.817
1790_s_at	417.093	445.775	444.474	422.755	444.06	422.841	390.419	403.883
1791_s_at	46.902	50.566	52.06	44.98	47.861	48.033	44.49	43.434
1770_at	13.187	10.491	10.076	15.06	12.979	13.612	9.881	13.028
1771_s_at	152.135	144.561	170.928	160.721	165.34	166.442	150.45	152.343
1772_s_at	64.203	77.161	61.377	74.619	68.131	59.482	55.88	59.544
1773_at	190.509	204.863	174.104	197.432	186.003	169.163	185.599	182.705
1774_at	106.666	97.229	97.972	91.727	103.972	94.909	106.803	102.189
1775_at	61.351	55.839	58.821	63.773	74.105	58.338	59.726	63.222
1776_at	87.27	82.821	89.341	80.868	93.021	84.147	89.47	95.576
1777_at	604.156	618.581	546.586	625.277	617.182	560.775	524.84	548.381
1778_g_at	41.976	45.528	55.048	57.2	51.525	53.708	53.593	55.67
1779_s_at	332.037	322.406	329.659	328.911	331.812	321.409	293.944	353.57
1780_at	163.586	159.108	159.34	155.845	155.565	171.55	150.877	167.309
1781_at	334.19	301.805	313.414	273.27	280.278	277.238	305.507	312.1
1782_s_at	123.756	122.088	123.694	123.527	123.197	123.996	114.292	119.439
1783_at	49.023	41.978	51.274	43.169	57.212	51.717	47.366	56.19
1784_s_at	40.74	36.413	37.217	36.663	37.539	38.682	34.762	39.74
1785_at	43.153	43.673	46.684	53.435	47.372	50.159	59.184	49.283
1786_at	145.561	144.417	141.669	127.287	151.695	151.687	154.047	148.465
1787_at	140.679	151.526	150.593	152.423	143.707	163.899	131.75	158.767
1788_s_at	199.648	232.508	218.785	226.2	205.949	212.232	219.83	212.494
1789_at	92.479	113.768	94.308	101.668	96.441	95.867	107.733	98.118
1765_at	65.313	62.832	64.706	67.319	74.562	63.277	55.592	60.408
1766_g_at	200.054	189.123	208.906	198.906	189.983	188.769	173.028	197.435
1767_s_at	96.38	112.503	106.352	108.83	100.29	99.678	99.396	99.688
1768_s_at	286.541	270.213	276.44	262.3	294.863	277.785	277.338	278.579
1769_at	450.445	532.042	512.301	530.017	433.99	484.796	498.812	461.594
1747_at	126.819	130.224	118.366	130.404	128.464	127.087	134.435	125.767
1748_s_at	329.386	326.576	361.574	329.459	350.162	344.793	311.354	335.299
1749_at	81.199	74.981	78.847	75.312	90.619	85.618	76.994	82.664
1750_at	273.177	289.626	277.355	281.002	261.361	268.691	263.887	249.086
1751_g_at	62.126	67.124	63.126	60.421	56.056	62.058	56.1	59.696
1752_at	113.619	128.503	133.101	130.857	125.344	123.922	130.948	134.69
1753_s_at	105.501	117.94	117.433	115.037	104.364	112.001	108.675	106.222
1754_at	64.163	63.931	62.554	60.949	56.057	63.391	60.896	59.419
1755_i_at	47.511	41.83	46.823	45.987	45.311	48.776	45.553	41.022
1756_f_at	106.299	101.975	98.236	100.312	109.67	107.832	101.416	94.128
1757_i_at	1.444	3.361	3.199	4.516	4.444	3.835	6.058	3.043
1758_r_at	3.229	7.459	5.543	5.026	2.818	3.125	2.056	2.352
1759_f_at	42.801	44.171	49.93	43.698	49.841	51.752	47.6	43.575
1760_s_at	168.107	167.92	184.023	168.657	170.088	175.502	156.972	158.904
1761_at	47.722	53.903	53.303	49.434	52.664	48.604	46.602	46.651
1762_at	80.894	80.568	78.551	84.331	87.194	84.21	66.717	77.471
1763_at	142.49	124.12	113.475	121.806	149.694	122.703	126.101	111.104
1764_s_at	112.401	105.025	112.697	108.66	132.872	119.307	123.972	113.015
1743_s_at	14.645	14.741	12.03	17.292	11.953	11.812	13.01	12.074
1744_at	136.83	140.241	159.362	141.764	165.7	151.615	149.811	137.698
1745_at	45.08	51.23	49.522	52.022	53.439	45.242	56.514	54.534
1746_s_at	258.57	272.973	267.109	263.605	265.139	245.738	259.125	231.042
1725_s_at	43.723	52.42	41.092	48.845	48.93	43.397	37.766	46.172
1726_at	253.74	223.547	213.599	195.261	206.08	222.967	215.376	221.689
1727_at	28.017	21.925	23.869	25.906	25.202	28.412	25.677	28.775
1728_at	281.808	281.963	266.006	274.643	274.48	272.468	278.059	290.649
1729_at	376.144	342.57	342.767	334.709	342.001	367.182	351.816	386.491
1730_s_at	304.26	279.872	275.965	271.365	329.693	310.541	344.739	338.751
1731_at	20.911	22.935	19.458	24.86	21	25.726	19.508	25.989
1732_at	45.473	32.117	38.085	36.498	37.002	33.45	35.783	31.825
1733_at	140.499	133.471	115.593	137.442	138.934	148.134	143.35	143.523
1734_at	43.411	39.855	44.491	38.616	42.661	42.051	43.323	39.312
1735_g_at	512.083	563.131	572.629	594.263	616.451	589.068	652.437	577.593
1736_at	74.653	76.352	76.403	78.76	75.12	73.025	77.074	74.99
1737_s_at	176.655	198.439	198.863	207.809	185.176	179.195	199.875	176.213
1738_at	326.813	337.336	319.1	314.986	353.656	318.622	319.8	299.54
1739_at	52.805	40.743	48.549	39.284	51.691	54.198	43.991	47.836
1740_g_at	73.529	77.059	89.275	89.8	88.11	78.931	93.682	76.316
1741_s_at	276.768	364.563	334.706	352.419	301.944	301.361	348.919	293.599
1742_at	338.13	317.099	327.212	306.831	335.906	328.578	309.213	316.399
1723_g_at	64.57	62.25	59.148	60.878	64.662	61.403	62.694	58.017
1724_at	194.526	188.658	193.876	186.753	194.779	195.677	186.408	184.698
1703_g_at	173.36	167.203	180.385	170.071	160.76	157.018	153.443	151.369
1704_at	205.659	205.966	220.148	230.854	222.119	202.554	217.225	189.923
1705_s_at	137.281	164.891	151.55	152.217	153.983	156.969	153.773	154.921
1706_at	180.821	185.535	203.691	189.849	181.788	190.092	192.162	184.219
1707_g_at	996.851	1091.196	1103.691	1048.115	1070.27	1124.788	1068.836	1077.711
1708_at	3248.469	3163.083	3119.119	3290.306	4020.662	3608.433	3856.189	3546.5
1709_g_at	50.473	55.472	50.86	57.272	56.657	58.022	52.065	54.263
1710_s_at	31.709	33.189	33.507	28.912	27.13	33.079	28.75	31.334
1711_at	196.055	176.136	167.033	177.859	196.24	167.178	173.883	167.156
1712_s_at	53.719	41.33	44.013	45.783	50.44	44.092	50.22	44.125
1713_s_at	24.622	22.396	21.381	26.421	23.522	26.908	21.876	20.42
1714_at	58.13	65.03	60.256	66.075	64.016	64.284	54.17	54.947
1715_at	49.052	58.459	54.615	58.662	55.471	53.4	47.641	51.277
1716_at	278.599	278.072	276.233	280.888	286.293	270.165	246.941	272.807
1717_s_at	31.388	30.008	29.04	32.844	32.481	30.865	26.499	28.896
1718_at	356.007	424.327	380.469	411.626	367.74	363.392	415.493	369.322
1719_at	25.841	31.581	28.784	36.242	30.84	31.836	29.243	28.335
1720_at	25.816	26.674	21.66	21.691	22.783	23.755	22.852	20.053
1721_g_at	14.13	12.138	10.775	6.003	8.731	10.241	13.329	10.711
1722_at	45.005	46.988	54.213	53.66	48.134	45.523	48.836	47.346
1698_g_at	194.155	206.329	194.818	206.929	199.231	196.68	196.709	184.667
1699_at	142.024	119.528	124.578	109.971	130.491	130.441	129.263	136.751
1700_at	440.352	455.585	404.67	441.997	493.53	435.823	362.848	398.373
1701_at	118.73	102.208	99.973	107.791	112.97	103.865	127.278	106.144
1702_at	25.622	27.313	24.656	23.529	30.385	26.784	22.314	27.971
1681_at	124.678	126.701	126.588	112.908	125.214	119.465	122.003	117.826
1682_s_at	98.132	96.7	93.618	81.911	88.128	98.37	98.364	87.782
1683_at	184.022	182.859	182.644	182.408	208.351	193.724	186.376	186.1
1684_s_at	148.353	167.776	153.352	165.29	138.947	147.068	162.534	131.291
1685_at	39.877	37.81	41.077	36.516	39.237	42.534	39.857	42.708
1686_g_at	91.287	81.949	76.717	82.655	92.865	85.587	89.576	85.907
1687_s_at	153.358	157.931	160.899	148.712	149.876	171.561	138.258	156.556
1688_s_at	67.031	63.385	70.497	56.738	64.312	63.304	61.725	60.028
1689_at	395.547	385.204	406.632	395.036	451.206	405.128	415.476	386.479
1690_at	46.297	44.506	36.665	34.097	42.585	40.639	37.301	36.424
1691_at	97.345	104.032	104.515	113.078	90.949	90.946	103.892	85.582
1692_s_at	87	83.559	92.618	89.841	88.741	90.714	87.659	91.11
1693_s_at	318.291	400.65	385.185	387.285	315.768	339.694	323.812	324.402
1694_s_at	100.221	100.109	96.477	98.745	100.075	92.745	94.999	107.54
1695_at	284.504	294.296	311.921	294.273	303.894	313.869	310.842	312.865
1696_at	26.667	28.501	26.233	29.717	27.213	28.504	29.086	26.537
1697_s_at	27.291	25.819	23.508	21.614	24.625	22.838	24.583	21.401
1679_at	24.725	23.442	26.694	22.558	33.758	24.362	26.85	27.117
1680_at	285.308	290.207	289.605	280.837	296.803	287.806	286.968	285.724
1657_at	43.17	43.005	42.92	37.67	47.886	45.106	41.356	40.037
1658_g_at	57.451	50.163	69.392	49.066	67.599	65.611	52.555	66.722
1659_s_at	208.502	217.973	210.766	228.772	239.23	207.364	278.766	225.679
1660_at	98.266	90.185	96.871	88.956	102.226	96.064	102.167	98.23
1661_i_at	160.88	157.463	169.334	155.224	174.238	175.139	146.099	166.234
1662_r_at	1171.683	1016.006	1221.215	1182.532	1299.774	1254.259	1187.55	1195.571
1663_at	245.362	209.962	217.087	209.955	238.414	206.724	218.911	204.559
1664_at	213.985	211.402	227.206	214.586	240.391	219.629	211.521	224.805
1665_s_at	215.141	219.514	252.297	221.639	226.628	230.393	223.43	215.839
1666_at	53.518	52.146	56.536	52.632	55.989	56.918	48.924	59.041
1667_s_at	446.682	493.048	470.326	472.552	475.206	479.427	459.333	446.909
1668_s_at	107.363	112.831	111.634	101.503	113.284	117.276	108.181	112.217
1669_at	69.098	61.174	54.952	57.979	61.071	59.406	56.373	56.75
1670_at	44.885	51.795	50.253	45.324	47.917	53.444	51.692	48.912
1671_s_at	60.465	60.843	66.023	57.812	69.084	61.874	57.25	61.956
1672_f_at	23.849	18.687	22.948	17.259	20.176	18.409	23.878	21.527
1673_at	678.422	690.205	744.986	703.548	744.206	692.339	660.435	688.566
1674_at	108.194	109.196	86.456	88.985	101.514	104.829	106.319	109.993
1675_at	119.577	119.073	123.134	121.029	125.274	119.975	119.502	116.496
1676_s_at	1959.958	2063.329	1973.296	1997.365	2032.794	1883.883	2001.692	1973.425
1677_at	75.025	83.081	84.902	97.723	87.557	85.064	90.013	90.539
1678_g_at	19.731	19.849	16.752	20.643	19.696	18.037	19.091	19.339
1653_at	3393.067	3493.585	3221.941	3341.075	3258.847	3106.438	3283.98	3148.313
1654_at	272.559	250.777	282.099	288.359	298.928	300.592	386.1	309.023
1655_s_at	41.305	40.406	39.83	33.467	42.454	45.619	34.881	41.21
1656_s_at	82.38	76.925	80.001	82.82	82.554	81.713	80.157	81.773
1635_at	154.212	165.274	146.962	150.199	162.51	157.178	157.665	158.84
1636_g_at	300.81	299.082	298.701	300.922	308.358	301.14	321.527	308.38
1637_at	148.648	167.888	171.926	170.978	160.604	158.102	168.81	159.848
1638_at	51.704	50.525	42.842	52.707	46.221	46.182	43.319	54.492
1639_s_at	54.3	53.897	47.901	50.869	59.725	55.686	49.787	52.858
1640_at	221.352	259.157	223.667	241.219	222.828	237.991	232.704	224.921
1641_s_at	174.896	178.568	184.206	176.69	159.346	185.555	186.424	178.864
1642_at	442.285	433.883	471.238	465.046	500.897	445.86	456.764	447.025
1643_g_at	106.131	117.138	106.737	121.375	94.667	93.954	123.401	96.001
1644_at	112.285	127.258	124.571	128.757	107.538	111.456	118.526	103.236
1645_at	85.791	79.099	80.903	82.631	90.896	88.673	80.192	90.569
1646_at	27.447	24.776	27.981	32.992	28.522	30.102	28.271	26.339
1647_at	235.085	251.983	233.058	248.155	230.887	234.599	226.419	235.101
1648_at	43.112	33.758	37.381	32.347	43.537	38.88	36.794	39.927
1649_at	164.36	183.027	186.105	177.794	173.843	178.002	167.29	170.204
1650_g_at	853.667	925.771	837.581	893.123	908.484	1024.877	935.575	933.158
1651_at	180.79	192.269	199.125	197.604	197.111	192.134	167.16	170.574
1652_at	214.586	207.049	228.41	207.277	229.88	228.894	216.153	196.44
1633_g_at	80.872	86.339	88.075	93.626	100.298	87.287	98.542	89.037
1634_s_at	63.562	70.652	66.997	68.9	62.348	71.784	50.08	60.503
1612_s_at	1488.563	1783.39	1744.574	1857.878	1727.091	1688.241	1512.553	1584.981
1613_s_at	54.131	56.966	59.324	67.634	60.517	56.252	57.21	61.511
1614_s_at	64.883	65.086	68.432	75.255	69.513	70.322	61.161	67.883
1615_at	142.098	153.446	150.411	145.946	147.813	141.368	125.581	141.481
1616_at	51.475	45.129	49.8	45.527	58.551	43.374	41.164	49.699
1617_at	102.122	98.362	92.646	93.288	101.228	102.959	90.493	92.521
1618_at	11.844	13.054	14.006	14.803	16.243	14.984	14.105	13.031
1619_g_at	141.222	147.333	127.089	131.537	133.051	137.189	118.712	118.838
1620_at	55.091	52.068	54.073	48.971	55.848	53.87	50.027	50.405
1621_at	34.212	40.44	40.797	38.585	36.616	34.62	34.988	36.65
1622_at	237.115	264.699	277.315	256.241	258.949	258.108	274.617	236.756
1623_s_at	33.614	27.288	34.015	30.354	34.633	33.73	32.251	33.252
1624_at	52.492	52.856	48.533	53.813	53.771	53.366	51.795	57.645
1625_at	23.359	30.93	23.967	22.754	24.146	23.09	30.058	24.738
1626_at	104.141	107.781	107.188	104.216	104.009	98.456	97.779	95.438
1627_at	510.861	406.42	390.254	388.435	512.377	459.009	412.006	462.986
1628_at	130.386	126.698	120.936	114.942	130.658	140.118	109.373	125.288
1629_s_at	49.789	51.87	45.019	41.152	41.622	45.881	43.339	46.96
1630_s_at	130.446	126.509	131.899	122.034	128.321	122.969	131.118	122.416
1631_at	214.337	195.263	211.131	207.694	185.263	207.303	201.796	194.657
1632_at	293.908	325.677	329.729	323.219	306.723	280.686	312.388	293.545
1608_at	100.782	93.972	97.905	93.02	99.015	102.053	91.427	99.947
1609_g_at	97.365	97.033	96.458	98.691	103.343	92.736	104.238	100.319
1610_s_at	28.2	30.924	28.313	26.037	28.761	24.37	27.195	24.781
1611_s_at	21.544	24.304	23.435	24.987	25.782	23.361	26.042	23.163
1590_s_at	76.489	74.597	72.468	74.039	70.883	75.925	68.764	70.368
1591_s_at	84.442	81.226	85.521	80.53	88.865	91.137	74.432	85.948
1592_at	282.309	258.585	257.104	278.181	356.021	295.299	282.24	323.339
1593_at	21.509	16.467	19.839	17.339	20.97	20.904	23.058	21.166
1594_at	191.563	198.99	189.652	201.186	174.239	179.798	196.225	174.994
1595_at	149.873	146.074	128.425	133.417	143.597	139.157	138.442	127.435
1596_g_at	40.804	45.367	42.904	39.786	38.942	41.835	44.212	44.394
1597_at	203.388	209.068	204.865	211.828	231.747	209.548	199.061	212.013
1598_g_at	556.834	602.57	548.414	556.864	556.654	564.693	556.46	553.928
1599_at	48.341	45.93	46.563	49.232	50.993	49.388	51.389	48.925
1600_at	45.756	40.517	45.547	39.83	44.245	53.605	37.808	42.652
1601_s_at	52.58	60.347	59.412	60.484	57.928	63.519	56.101	52.122
1602_at	24.492	29.342	25.02	24.587	26.689	25.695	20.928	27.589
1603_g_at	52.191	57.62	49.158	56.537	48.643	50.638	57.336	46.368
1604_at	40.284	42.096	41.101	43.422	36.903	35.677	43.498	39.76
1605_g_at	49.774	48.618	58.942	54.745	56.927	56.024	58.925	49.278
1606_at	171.72	166.951	179.034	169.288	185.503	152.556	162.299	148.022
1607_at	106.436	104.741	112.748	97.069	110.295	104.037	98.678	102.166
1588_at	158.599	164.061	158.28	172.682	166.179	154.242	152.545	145.93
1589_s_at	33.35	37.175	30.718	37.06	35.383	34.867	32.44	33.771
1568_s_at	11.831	8.801	10.292	12.008	10.882	10.959	8.37	11.055
1569_r_at	195.055	183.86	191.549	194.024	201.362	194.675	194.767	181.462
1570_f_at	43.574	41.791	40.127	40.974	38.157	38.35	38.065	40.788
1571_f_at	22.145	19.859	19.289	23.002	20.344	21.047	21.195	24.959
1572_s_at	161.198	165.857	171.466	167.45	187.808	178.6	160.813	163.106
1573_at	261.887	235.703	239.402	236.074	259.119	257.758	243.58	249.233
1574_s_at	154.877	196.064	137.429	187.877	145.893	147.262	130.376	144.517
1575_at	35.512	30.789	32.716	32.708	37.497	39.629	37.066	35.324
1576_g_at	52.252	44.112	50.419	51.08	51.511	51.641	51.246	52.305
1577_at	115.12	109.471	106.007	97.065	111.022	115.635	90.183	115.304
1578_g_at	130.973	147.352	142.686	133.873	143.384	151.139	139.493	144.102
1579_at	97.051	98.097	94.56	88.544	98.533	99.472	82.252	98.622
1580_f_at	68.88	52.837	58.21	53.02	72.663	61.386	65.291	69.659
1581_s_at	40.358	41.312	34.714	35.498	47.322	43.888	37.707	46.883
1582_at	75.509	70.847	70.448	59.051	84.962	75.382	61.581	67.227
1583_at	178.602	160.712	156.738	148.375	174.291	173.397	144.951	164.988
1584_at	40.548	44.608	40.833	39.873	33.878	42.203	41.652	43.645
1585_at	130.428	153.409	153.984	171.087	158.121	151.834	161.489	135.636
1586_at	75.871	78.872	887.296	70.672	78.235	68.751	76.9	70.639
1587_at	320.954	302.95	319.466	305.559	317.094	330.459	315.213	326.54
1563_s_at	249.682	245.868	269.305	249.731	266.467	257.632	251.481	246.113
1564_at	219.209	243.313	223.752	230.139	229.02	228.435	218.159	215.551
1565_s_at	85.958	81.571	81.352	84.882	81.373	83.825	93.907	86.902
1566_at	69.55	70.434	62.048	70.42	80.011	74.127	67.513	65.927
1567_at	142.651	143.877	127.483	147.007	161.336	141.715	136.21	127.56
1545_g_at	40.018	37.221	35.713	37.996	38.371	41.392	38.149	39.877
1546_at	45.752	40.939	44.621	37.832	51.481	46.385	38.76	40.944
1547_at	287.935	319.18	308.975	307.121	319.619	297.108	275.523	278.046
1548_s_at	216.71	187.474	204.495	192.156	241.978	209.539	190.569	189.75
1549_s_at	75.631	60.673	62.563	64.058	71.998	75.568	67.709	70.912
1550_at	78.579	86.252	85.635	86.529	92.965	86.199	74.973	87.035
1551_g_at	464.207	487.384	483.868	519.918	502.115	454.436	438.829	448.252
1552_i_at	354.117	322.287	324.346	322.375	366.67	337.937	351.141	354.795
1553_r_at	341.965	333.596	384.32	359.384	402.377	373.12	346.575	348.017
1554_f_at	404.06	357.773	362.838	356.246	475.376	430.974	333.285	410.989
1555_f_at	139.982	138.073	149.944	137.798	152.732	131.698	138.914	134.456
1556_at	163.066	182.727	176.937	172.51	171.055	180.593	168.8	172.574
1557_at	101.819	106.708	110.73	116.178	109.97	106.048	104.172	93.38
1558_g_at	92.296	90.511	91.908	80.018	91.944	82.382	80.366	76.171
1559_at	281.075	262.833	289.621	305.206	295.473	264.993	315.2	276.755
1560_g_at	35.195	33.289	32.325	35.925	35.62	36.921	32.307	35.546
1561_at	197.115	219.271	224.923	212.699	236.952	238.32	208.033	203.729
1562_g_at	100.59	92.605	95.574	96.296	103.779	103.14	101.953	99.921
1543_at	58.939	60.783	54.279	58.151	59.342	51.312	48.136	49.67
1544_at	38.445	33.537	35.278	34.339	40.666	38.747	32.694	31.986
1522_at	151.96	150.225	141.869	162.277	151.469	135.444	147.528	134.653
1523_g_at	207.074	219.653	220.964	205.357	207.914	190.081	197.022	177.103
1524_at	118.891	115.956	106.242	103.303	119.587	110.327	117.462	104.61
1525_s_at	181.099	166.597	157.723	165.007	165.891	159.682	169.737	164.623
1526_i_at	95.605	73.686	87.462	66.912	73.361	75.945	72.968	75.932
1527_s_at	49.024	47.64	46.398	45.136	46.745	47.331	46.054	45.761
1528_at	97.514	90.294	88.699	87.134	106.038	96.473	101.503	93.6
1529_at	78.218	78.261	69.958	78.457	94.02	93.661	77.392	100.364
1530_g_at	25.266	28.59	21.207	23.275	22.369	30.365	27.102	29.063
1531_at	194.75	169.564	196.137	158.876	184.195	189.681	215.184	184.41
1532_g_at	93.436	104.018	91.355	94.623	98.343	98.265	91.845	100.186
1533_at	41.734	35.996	39.601	33.493	44.999	44.038	36.629	41.59
1534_at	15.321	13.143	17.531	17.95	16.603	16.935	14.606	14.253
1535_at	194.109	172.819	189.058	166.343	178.565	192.481	172.453	194.55
1536_at	24.17	23.641	27.413	26.834	28.739	33.827	25.162	27.915
1537_at	105.605	104.624	97.558	96.101	101.282	107.839	95.153	98.527
1538_s_at	18.565	17.641	19.967	21.374	18.962	16.64	17.273	20.737
1539_at	43.266	44.404	40.18	37.527	44.534	41.515	38.874	38.663
1540_f_at	32.505	28.734	30.397	29.794	30.744	28.679	22.82	24.325
1541_f_at	92.199	89.19	91.21	89.281	101.868	97.757	88.218	97.031
1542_at	222.869	222.422	243.91	237.896	226.31	224.604	239.989	227.414
1521_at	167.607	212.051	204.063	205.461	180.921	183.83	215.579	184.925
1500_at	44.845	43.6	44.203	42.952	51.027	43.753	46.831	42.431
1501_at	26.782	25.205	30.955	30.231	27.747	29.814	33.152	30.485
1502_s_at	34.47	40.074	33.206	31.684	31.555	30.841	28.203	29.379
1503_at	40.062	33.348	40.879	31.348	42.978	46.376	35.745	37.678
1504_s_at	39.704	44.523	46.434	44.733	36.766	45.312	39.929	38.336
1505_at	72.681	68.163	72.972	61.555	75.426	66.46	75.989	62.335
1506_at	233.937	230.666	265.971	243.849	259.247	238.38	217.292	235.792
1507_s_at	107.073	100.505	96.652	100.606	126.943	109.501	102.297	110.463
1508_at	64.13	64.396	69.357	59.661	63.648	62.264	54.843	62.21
1509_at	34.257	33.272	41.924	35.773	37.091	37.927	32.145	36.765
1510_g_at	91.483	94.86	94.173	95.151	95.735	91.206	93.171	94.219
1511_at	197.846	218.14	229.77	232.678	233.568	239.26	215.002	222.592
1512_at	85.01	108.715	96.132	99.238	97.167	87.971	88.367	83.418
1513_at	401.227	441.566	428.498	419.267	430.884	433.081	427.639	388.47
1514_g_at	92.036	85.3	89.933	83.788	98.044	91.882	92.643	91.278
1515_at	176.776	161.179	144.693	149.434	186.337	164.615	163.914	167.182
1516_g_at	176.648	158.746	161.929	160.035	178.745	169.643	153.742	160.527
1517_at	389.037	383.404	401.141	369.126	384.619	387.172	385.716	343.356
1518_at	394.925	377.708	449.261	407.761	410.596	450.958	375.891	465.328
1519_at	64.491	67.32	66.493	70.311	61.189	62.628	62.202	57.923
1520_s_at	231.402	247.566	229.215	283.682	251.374	250.938	253.167	242.318
1497_at	646.755	581.538	609.695	613.752	572.507	577.449	675.244	552.686
1498_at	312.675	264.519	282.004	280.107	307.672	299.502	279.46	281.155
1499_at	335.655	366.669	313.963	368.179	376.55	347.891	324.76	367.169
1478_at	16.135	16.823	13.47	13.441	12.582	17.378	16.325	17.549
1479_g_at	16.213	22.687	19.764	17.275	17.099	17.009	21.477	20.956
1480_at	49.354	54.769	50.375	50.349	53.37	47.77	51.024	55.05
1481_at	49.011	43.896	39.203	38.5	46.426	45.843	39.834	42.184
1482_g_at	38.216	33.629	35.383	33.997	38.985	32.928	33.854	31.388
1483_at	339.914	350.38	364.091	365.547	362.251	370.064	360.162	314.609
1484_at	22.466	19.355	18.971	17.184	20.136	16.42	18.385	19.215
1485_at	8.581	9.419	7.914	6.236	7.76	9.663	9.296	3.773
1486_at	228.752	230.141	224.006	216.157	235.392	218.304	236.849	218.959
1487_at	390.357	404.882	415.394	384.88	381.454	412.505	398.259	407.315
1488_at	175.312	192.434	186.511	178.875	167.941	175.151	180.776	184.36
1489_s_at	425.43	385.648	413.837	402.482	443.414	419.661	404.651	429.763
1490_at	136.2	129.741	121.393	129.182	127.412	124.875	138.141	127.558
1491_at	30.499	33.12	28.862	32.885	34.355	34.806	34.665	34.498
1492_f_at	118.1	121.224	126.743	122.026	135.05	120.332	110.834	114.1
1493_r_at	117.617	123.079	137.455	136.567	146.082	119.88	148.312	133.582
1494_f_at	95.356	88.081	82.973	88.194	96.721	98.835	91.623	93.837
1495_at	99.591	95.761	94.515	94.983	107.75	112.669	101.676	104.793
1496_at	51.102	58.06	53.673	50.303	58.967	55.897	54.819	52.441
1477_s_at	208.056	199.6	197.985	224.462	220.123	209.241	225.812	211.904
1455_f_at	68.445	53.993	54.413	54.942	63.98	56.958	58.253	55.047
1456_s_at	43.676	48	47.317	49.08	53.414	47.461	47.674	42.167
1457_at	96.317	111.757	113.683	112.887	104.859	103.503	95.818	94.818
1458_at	115.476	127.324	112.819	126.437	139.765	115.669	127.368	125.827
1459_at	62.508	67.147	59.135	60	64.608	66.719	63.619	66.582
1460_g_at	54.309	52.749	52.221	50.164	52.826	50.931	52.689	49.078
1461_at	272.055	308.466	283.101	309.375	290.685	276.381	308.751	277.64
1462_s_at	281.34	286.307	273.497	274.957	278.908	274.048	250.109	250.901
1463_at	62.566	68.092	68.599	64.568	60.247	63.96	55.427	50.525
1464_at	193.659	194.577	207.749	189.122	211.355	210.349	186.815	187.904
1465_s_at	35.803	38.017	35.939	42.832	44.629	41.01	33.42	32.318
1466_s_at	18.012	16.446	15.95	22.083	17.799	21.173	18.158	15.073
1467_at	56.013	65.348	56.718	63.002	57.874	57.214	64.332	58.629
1468_at	190.981	227.231	220.3	222.446	224.003	211.683	224.762	219.462
1469_at	701.396	696.964	740.652	663.463	770.271	774.431	673.76	696.199
1470_at	394.492	422.913	406.961	436.187	400.012	374.385	402.622	349.489
1471_at	17.003	16.604	26.633	20.364	19.869	13.844	17.22	16.457
1472_g_at	120.029	103.892	103.685	102.582	115.784	112.046	115.088	132.472
1473_s_at	7.734	11.683	10.414	11.548	10.577	9.933	10.256	10.133
1474_s_at	39.864	29.864	35.003	32.643	36.992	33.483	35.82	33.472
1475_s_at	111.302	106.984	101.364	101.681	107.438	111.888	102.002	100.873
1476_s_at	118.638	117.88	115.862	116.239	130.219	123.324	106.007	113.289
1452_at	138.696	140.512	131.244	134.621	123.854	131.884	136.771	141.726
1453_at	129.016	111.145	122.761	113.625	132.707	117.276	114.454	116.757
1454_at	161.31	160.626	161.317	152.005	153.425	165.415	150.49	149.802
1433_g_at	84.74	89.353	81.482	90.513	86.176	76.917	83.918	80.098
1434_at	27.477	26.108	32.115	27.597	28.223	30.073	29.112	31.738
1435_f_at	71.68	62.585	64.091	59.979	71.892	70.018	60.963	68.856
1436_at	150.636	156.172	148.814	184.78	170.069	165.803	193.842	169.666
1437_at	104.688	104.089	103.78	105.736	108.828	108.757	84.696	98.309
1438_at	164.195	157.249	151.519	155.398	144.937	155.768	159.01	147.947
1439_s_at	75.991	71.763	75.24	70.497	75.829	78.593	76.097	71.749
1440_s_at	25.315	23.817	21.495	21.792	23.813	28.462	21.883	23.466
1441_s_at	2.149	6.534	4.838	33.977	3.863	2.975	3.631	5.924
1442_at	291.679	300.911	302.594	295.248	332.43	324.458	286.003	323.311
1443_at	79.042	77.882	77.478	68.66	88.303	85.62	84.442	76.676
1444_at	127.694	143.588	132.079	141.533	136.555	133.099	129.279	134.502
1445_at	93.926	90.688	90.664	86.591	92.705	91.671	83.489	96.287
1446_at	149.269	190.606	176.741	186.42	170.554	172.155	188.764	155.105
1447_at	446.118	515.41	523.514	516.861	515.05	491.565	471.393	487.539
1448_at	99.402	122.901	112.519	122.975	105.079	103.858	109.411	105.894
1449_at	173.029	193.399	184.817	209.127	171.682	172.283	187.939	173.622
1450_g_at	149.122	157.694	150.437	139.616	146.407	138.804	142.664	141.213
1451_s_at	16.274	17.278	15.847	15.828	16.326	15.222	15.5	13.71
1432_s_at	198.559	187.982	209.055	197.661	198.167	194.497	178.476	183.33
1411_at	132.161	120.425	121.741	115.842	128.849	116.81	109.543	123.243
1412_g_at	217.468	220.325	248.926	233.452	231.048	237.624	200.104	222.457
1413_at	35.868	28.364	31.532	29.764	37.984	33.403	38.632	32.664
1414_at	102.078	87.805	97.377	95.975	102.801	92.197	93.593	93.739
1415_at	738.275	722.838	725.956	743.533	765.235	753.382	702.77	695.51
1416_g_at	36.16	37.266	48.037	38.204	41.799	36.202	38.558	41.256
1417_at	21.412	20.097	23.62	21.201	24.251	22.355	20.631	23.335
1418_at	133.831	125.105	151.592	132.432	148.186	137.381	122.094	144.234
1419_g_at	212.379	205.212	186.277	191.581	202.914	194.656	186.573	185.747
1420_s_at	1264.968	1461.402	1341.265	1459.598	1283.616	1225.351	1342.371	1265.193
1421_at	4.112	5.359	4.666	5.646	5.495	7.818	4.836	9.338
1422_g_at	41.665	33.919	33.86	38.426	38.386	38.484	34.927	36.003
1423_at	81.468	80.926	86.706	83.419	80.011	78.979	79.205	85.607
1424_s_at	481.841	473.731	479.481	486.379	481.614	465.348	543.736	484.871
1425_at	49.589	41.222	44.179	41.567	48.682	49.399	35.22	52.112
1426_at	314.339	243.239	288.99	239.483	250.292	272.763	284.613	308.627
1427_g_at	67.3	66.425	59.011	61.113	59.782	62.733	70.653	59.854
1428_at	50.973	52.725	47.206	47.739	49.669	52.339	49.294	57.412
1429_at	190.051	181.681	189.323	176.448	199.794	179.948	186.555	187.182
1430_at	581.066	590.281	581.17	572.168	593.681	560.602	593.252	572.17
1431_at	55.328	58.268	53.076	57.81	50.396	52.288	49.142	51.24
1408_at	52.728	41.659	48.715	42.518	45.127	47.738	38.489	55.508
1409_at	238.17	252.294	270.459	247.433	264.106	252.053	215.182	230.814
1410_at	75.685	73.694	71.564	69.223	74.41	77.087	65.87	72.638
1388_g_at	52.261	51.601	40.506	42.181	44.689	45.534	41.019	43.774
1389_at	235.222	208.354	219.99	209.213	226.713	219.094	225.027	224.229
1390_s_at	100.133	102.157	103.834	110.17	104.974	108.254	82.704	99.496
1391_s_at	98.199	83.319	83.295	82.495	94.875	83.197	77.067	83.923
1392_at	655.871	668.375	708.032	646.282	639.837	679.196	608.784	660.217
1393_at	44.209	40.982	45.292	38.977	40.368	40.181	42.104	39.182
1394_at	286.211	284.774	274.981	296.258	298.503	291.065	291.22	290.289
1395_at	341.519	357.628	341.452	353.544	355.277	341.924	370.711	344.191
1396_at	143.021	149.315	145.415	145.74	157.036	150.975	135.437	156.36
1397_at	95.734	92.294	104.287	98.647	94.729	89.566	97.511	91.002
1398_g_at	211.799	213.295	205.945	205.543	209.884	208.483	214.439	204.692
1399_at	191.153	236.318	208.845	235.646	209.729	201.667	213.596	204.594
1400_at	243.502	254.363	227.333	229.85	250.547	223.464	223.302	211.976
1401_g_at	107.241	115.648	105.16	121.613	110.937	98.899	110.303	88.923
1402_at	148.961	163.249	161.737	159.038	143.93	156.827	135.079	123.332
1403_s_at	119.9	121.937	122.618	123.147	126.384	124.75	121.435	120.663
1404_r_at	8.342	10.724	15.78	9.028	9.667	12.447	12.19	10.393
1405_i_at	57.726	58.67	53.554	53.227	64.848	67.389	54.283	55.19
1406_at	173.749	174.417	184.653	180.487	211.686	192.174	160.422	176.822
1407_g_at	49.06	49.14	39.914	49.023	53.866	44.709	36.495	40.898
1387_at	89.218	88.469	90.773	74.732	96.537	103.339	81.724	80.435
1365_at	63.378	67.221	60.434	71.194	73.1	60.205	62.892	65.625
1366_i_at	987.509	1259.249	1017.077	1159.63	1061.324	1041.844	989.293	958.107
1367_f_at	1121.944	1418.072	1246.119	1406.465	1343.563	1268.239	1124.932	1233.623
1368_at	147.076	180.142	160.504	188.995	167.387	156.237	151.218	155.652
1369_s_at	134.432	130.986	117.131	113.145	149.218	129.904	133.352	121.909
1370_at	115.902	102.621	120.595	110.868	119.676	114.014	112.073	105.024
1371_s_at	112.359	119.527	112.172	120.434	115.607	112.822	106.642	104.01
1372_at	51.581	40.964	44.929	42.841	55.059	46.711	43.74	45.293
1373_at	46.846	48.415	45.087	44.506	46.164	48.288	54.097	52.364
1374_g_at	484.285	444.983	488.517	445.307	453.042	494.378	413.816	489.877
1375_s_at	125.349	118.671	121.625	121.746	118.465	123.719	109.881	125.51
1376_at	226.936	198.769	197.468	210.591	233.082	231.576	225.812	241.212
1377_at	49.415	52.928	50.69	51.733	55.569	55.216	51.753	57.69
1378_g_at	127.552	118.495	131.362	122.073	126.347	130.526	119.245	124.533
1379_at	131.481	134.229	139.471	128.569	126.738	132.065	110.426	135.414
1380_at	22.217	21.037	23.622	19.932	23.676	21.289	24.087	19.121
1381_at	106.987	119.077	118.06	115.917	108.541	112.466	117.966	108.308
1382_at	42.038	53.078	48.042	48.69	42.362	46.305	43.821	43.297
1383_at	133.724	127.392	133.226	126.578	132.344	134.113	135.723	138.317
1384_at	69.232	75.35	72.185	71.243	75.733	70.94	52.896	68.069
1385_at	157.25	148.747	144.441	148.318	144.754	143.009	127.756	143.996
1386_at	48.849	40.738	44.709	39.472	43.587	40.531	41.604	49.106
1362_s_at	51.042	43.935	45.392	46.376	43.888	47.544	48.368	47.396
1363_at	143.129	153.938	164.269	174.001	151.205	162.941	158.254	163.536
1364_at	17.364	16.304	11.64	18.128	11.221	15.87	16.123	19.626
1343_s_at	11.069	11.719	11.812	9.026	11.217	10.227	11.259	11.459
1344_at	121.788	119.587	127.62	123.182	126.732	125.882	115.699	122.095
1345_s_at	102.804	102.991	99.974	101.216	93.203	98.342	89.614	88.743
1346_at	471.874	486.254	481.506	481.4	456.964	489.935	441.846	440.493
1347_at	205.684	215.529	208.218	194.631	223.277	207.384	188.167	208.327
1348_s_at	100.563	103.897	81.173	105.541	95.143	88.427	92.694	91.629
1349_at	31.703	32.191	28.579	29.263	33.4	28.398	28.09	32.403
1350_at	142.772	144.53	145.024	146.699	138.128	119.492	130.817	122.728
1351_at	174.531	168.338	166.935	171.516	174.246	162.024	174.43	156.816
1352_at	153.843	150.436	155.276	141.833	152.045	145.947	125.286	134.25
1353_g_at	70.664	64.831	70.161	72.058	71.5	71.023	68.457	66.031
1354_at	74.912	102.112	85.948	97.182	77.909	93.933	72.778	81.317
1355_g_at	132.726	142.002	135.471	137.663	148.452	132.697	106.485	128.713
1356_at	220.471	243.383	239.813	236.314	222.886	233.133	219.78	220.743
1357_at	52.654	61.01	61.795	52.604	59.042	64.535	56.357	53.785
1358_s_at	160.759	165.85	160.145	163.539	157.466	156.5	160.399	146.615
1359_at	94.344	92.329	96.648	86.628	88.878	93.921	87.543	89.43
1360_at	49.548	44.363	46.403	47.252	53.734	50.312	44.711	49.267
1361_at	127.791	137.308	134.129	142.317	124.188	118.02	137.921	125.092
1342_g_at	18.275	15.36	14.495	18.944	14.93	15.47	19.208	13.65
1321_s_at	191.47	205.933	221.268	213.223	239.16	217.153	229.404	221.933
1322_at	226.503	260.146	256.548	255.249	258.895	219.293	279.008	210.192
1323_at	1319.562	1541.859	1447.597	1494.405	1400.819	1352.13	1391.122	1375.845
1324_at	235.668	215.775	231.159	220.668	227.412	259.758	194.559	260.332
1325_at	63.138	57.051	50.128	57.188	52.686	58.457	54.821	59.112
1326_at	123.09	111.796	116.122	116.791	116.541	128.555	109.406	118.107
1327_s_at	142.489	147.704	129.3	125.607	129.352	123.897	130.716	136.061
1328_at	34.12	30.42	32.177	29.842	30.321	33.279	27.471	39.425
1329_s_at	129.579	121.014	126.364	126.334	129.228	121.777	115.206	117.499
1330_at	169.975	184.933	193.211	171.04	205.935	184.878	177.106	183.573
1331_s_at	98.319	104.209	98.148	91.823	87.462	92.333	92.041	90.441
1332_f_at	201.998	197.952	207.785	202.617	227.296	202.717	186.506	221.749
1333_f_at	198.643	200.64	183.581	174.09	177.846	181.653	187.87	180.244
1334_s_at	377.094	362.449	378.628	372.526	406.003	372.183	341.995	394.923
1335_at	122.081	118.238	128.169	139.062	125.434	128.447	123.818	115.765
1336_s_at	62.765	63.252	61.001	69.635	64.105	65.466	55.927	64.531
1337_s_at	226.519	184.859	240.387	175.114	163.784	188.92	163.96	177.453
1338_s_at	37.558	34.207	38.969	34.79	38.308	37.861	39.876	32.385
1339_s_at	123.187	110.386	140.141	126.617	168.202	145.709	147.191	151.182
1340_s_at	74.029	74.325	75.853	71.341	73.498	72.702	69.686	64.316
1341_at	63.921	60.116	61.862	61.444	67.755	54.441	63.641	52.82
1316_at	80.695	74.15	82.882	83.761	81.755	71.334	84.619	77.323
1317_at	160.669	167.261	159.201	163.713	156.139	151.332	141.611	153.768
1318_at	59.785	56.267	55.966	52.005	66.239	59.549	63.695	59.036
1319_at	81.653	80.587	89.463	79.505	113.052	90.274	68.775	98.826
1320_at	76.284	74.343	66.782	70.748	84.459	80.432	81.667	82.423
1298_at	33.996	31.462	34.999	37.115	38.479	36.359	29.307	37.241
1299_at	17.416	22.258	17.353	17.069	20.741	20.089	17.945	16.315
1300_at	11.27	9.839	7.38	5.379	8.325	10.588	11.219	10.842
1301_s_at	210.335	195.76	205.285	217.786	193.646	199.473	197.836	177.249
1302_s_at	135.031	139.39	143.686	132.91	152.072	133.892	136.102	127.253
1303_at	49.703	51.821	44.376	46.306	45.579	42.593	39.827	39.503
1304_at	39.08	37.621	36.067	39.009	38.441	40.931	29.835	33.594
1305_s_at	137.923	143.8	155.225	152.05	148.493	145.058	129.734	142.449
1306_at	212.69	243.416	263.712	264.569	234.308	207.287	241.25	208.157
1307_at	26.477	31.926	33.661	34.792	28.913	30.259	30.444	34.798
1308_g_at	99	115.973	117.84	119.601	101.226	111.065	101.167	94.623
1309_at	227.484	268.13	224.567	266.351	268.629	230.862	226.041	216.482
1310_at	183.366	208.666	204.134	213.237	196.672	185.467	201.95	189.913
1311_at	187.744	222.671	207.213	226.311	217.618	207.665	202.665	202.873
1312_at	226.54	276.278	262.052	275.956	262.316	250.757	275.726	245.798
1313_at	132.656	159.266	138.659	145.514	139.308	132.548	142.319	139.977
1314_at	157.489	161.231	163.133	153.886	138.066	153.988	142.148	154.516
1315_at	1500.209	1684.036	1695.529	1725.568	1687.552	1610.633	1735.766	1621.013
1296_at	200.67	209.937	190.428	203.987	228.768	199.012	183.66	210.677
1297_at	62.96	72.271	77.621	73.673	73.681	68.101	58.816	65.338
1276_g_at	209	224.935	190.306	218.317	213.882	193.698	215.209	214.494
1277_at	117.064	104.91	114.805	110.758	111.708	103.771	106.814	109.131
1278_at	70.692	63.601	73.147	66.32	69.497	69.989	67.99	70.451
1279_s_at	68.824	67.161	70.485	75.498	61.522	74.285	71.369	67.09
1280_i_at	164.909	156.64	163.999	157.065	151.071	158.41	156.174	145.131
1281_f_at	81.611	75.771	73.097	74.319	88.333	82.007	79.67	81.502
1282_s_at	51.271	41.898	41.541	41.677	41.458	46.592	44.023	39.73
1283_at	42.199	39.575	40.559	41.676	37.734	39.816	45.38	50.074
1284_at	112.481	118.509	115.195	113.056	132.549	108.225	103.351	109.888
1285_at	51.692	41.928	46.224	45.84	48.541	44.648	45.932	41.059
1286_s_at	23.791	26.06	19.653	25.892	28.191	23.351	20.897	20.823
1287_at	169.157	190.452	174.181	179.513	190.804	179.324	162.857	172.378
1288_s_at	5584.576	5770.67	5647.305	5731.923	5633.809	5464.007	5588.684	5395.302
1289_at	319.98	327.375	363.845	334.06	376.733	359.326	293.858	339.807
1290_g_at	225.986	225.988	202.774	218.517	251.138	227.227	226.709	207.566
1291_s_at	530.357	534.352	609.958	508.648	578.37	588.259	513.42	548.11
1292_at	201.323	193.178	218.466	198.472	213.481	197.895	182.99	190.582
1293_s_at	74.861	64.316	72.624	59.808	72.247	71.31	57.602	70.73
1294_at	139.682	134.625	138.86	141.764	143.402	120.999	142.225	127.251
1295_at	166.333	190.904	185.465	181.8	178	182.662	185.226	177.334
1271_g_at	329.791	337.799	297.599	328.646	353.025	346.68	321.761	330.715
1272_at	45.744	41.368	39.614	44.812	40.401	40.172	35.732	43.079
1273_r_at	458.259	494.782	529.859	494.198	500.349	490.724	490.288	456.459
1274_s_at	120.256	134.363	120.281	139.35	125.602	129.907	124.169	121.615
1275_at	48.838	47.057	45.272	48.345	49.089	47.706	40.115	46.177
1253_at	121.519	117.933	111.942	120.127	123.534	120.724	117.734	113.437
1254_at	201.221	205.65	201.573	204.769	209.999	202.098	182.388	193.716
1255_g_at	59.577	54.667	48.863	52.365	64.537	51.848	58.644	56.484
1256_at	94.522	100.495	85.836	95.788	104.656	87.46	87.992	85.16
1257_s_at	277.305	273.546	268.66	268.788	254.581	250.003	247.727	241.597
1258_s_at	41.439	44.674	43.993	42.546	49.483	43.734	46.222	45.599
1259_at	59.579	54.339	61.371	58.466	64.615	60.95	59.525	56.227
1260_s_at	381.684	469.353	452.603	455.036	450.34	422.316	475.913	401.606
1261_i_at	1325.071	1589.379	1682.572	1862.411	1672.439	1533.879	1732.969	1603.958
1262_s_at	91.212	86.625	78.762	93.8	91.579	78.453	98.752	76.579
1263_at	185.45	199.358	180.858	194.857	217.333	207.194	187.954	190.702
1264_at	23.685	31.349	39.462	39.643	34.206	40.491	41.402	34.995
1265_g_at	15.953	15.217	14.573	12.21	12.16	18.35	14.404	13.282
1266_s_at	89.502	82.161	98.335	82.955	85.082	90.451	97.229	83.863
1267_at	213.156	229.555	228.226	221.471	230.765	237.952	180.076	210.954
1268_at	300.879	321.015	303.346	311.546	327.664	307.995	324.028	328.047
1269_at	31.143	35.015	31.598	34.736	27.507	32.376	25.266	28.964
1270_at	492.411	526.077	514.692	508.373	506.367	514.896	492.724	496.735
1251_g_at	413.783	418.469	403.513	413.203	383.365	394.811	400.378	407.525
1252_at	357.566	403.909	383.359	396.493	369.744	348.233	382.002	372.544
1231_at	86.738	87.505	89.319	85.403	82.167	90.305	91.358	92.622
1232_s_at	87.999	78.18	70.958	69.681	79.885	79.603	74.838	85.328
1233_s_at	982.503	920.224	1049.69	945.926	985.374	1057.474	886.32	992.266
1234_at	52.101	53.756	54.233	53.132	57.878	54.004	49.846	55.794
1235_at	294.795	319.951	320.766	338.444	328.046	300.135	321.005	311.66
1236_s_at	105.761	100.428	109.433	99.063	111.079	98.33	93.449	104.942
1237_at	603.844	642.812	588.348	641.937	614.754	572.593	693.161	591.988
1238_at	233.481	259.139	255.959	248.412	254.806	255.923	225.888	255.891
1239_s_at	34.586	36.759	35.853	36.941	34.517	34.695	39.767	30.693
1240_at	84.213	80.664	76.821	68.695	76.54	76.257	83.993	71.482
1241_at	144.853	171.107	169.366	174.076	148.101	162.671	160.874	151.205
1242_at	362.918	373.15	382.942	379.683	356.237	378.957	396.888	368.279
1243_at	187.326	212.134	220.69	207.988	213.106	181.851	200.101	174.416
1244_at	252.401	240.577	233.94	240.287	264.497	254.318	238.231	249.254
1245_i_at	9.682	12.434	10.303	15.673	9.522	13.189	13.937	12.196
1246_at	272.96	249.338	262.788	264.087	262.304	260.009	251.984	251.662
1247_g_at	51.189	58.337	52.252	57.157	55.028	52.387	48.329	52.118
1248_at	256.047	267.281	253.948	282.678	257.346	242.763	271.447	272.145
1249_at	35.611	37.583	34.862	36.057	37.685	34.241	34.991	35.369
1250_at	35.394	40.494	34.735	32.969	35.309	34.967	35.663	34.274
1226_at	18.66	18.097	16.944	17.263	17.225	16.771	13.41	15.197
1227_g_at	75.874	74.49	72.508	71.56	71.914	74.616	61.053	67.483
1228_s_at	191.518	222.106	191.281	226.745	204.481	208.971	209.642	194.089
1229_at	46.206	41.482	42.923	44.312	46.063	48.812	37.23	43.535
1230_g_at	98.89	93.336	91.48	91.512	95.411	106.678	96.459	97.048
1209_at	76.541	75.123	75.797	84.036	75.785	77.54	80.471	70.577
1210_s_at	184.077	178.037	177.729	168.707	173.052	167.346	166.721	155.548
1211_s_at	56.872	69.249	61.616	63.275	61.096	58.974	59.455	61.281
1212_at	128.776	134.479	137.947	140.958	140.907	129.896	138.428	128.818
1213_at	39.901	41.232	34.962	39.251	43.172	47.007	39.334	43.261
1214_s_at	77.101	64.341	61.665	63.067	73.314	70.725	59.537	65.581
1215_at	87.728	83.182	89.085	87.584	86.598	82.6	72.236	74.983
1216_at	37.808	41.907	31.815	30.36	36.521	42.548	41.701	36.021
1217_g_at	71.851	64.454	62.402	58.454	67.102	64.727	63.307	62.245
1218_at	134.95	145.04	136.049	138.516	131.891	137.463	145.217	130.349
1219_at	171.229	137.058	145.496	140.44	158.751	157.437	146.065	212.816
1220_g_at	176.827	158.184	167.221	150.437	146.518	155.977	151.835	151.671
1221_at	134.049	183.489	143.561	156.923	131.816	139.54	150.387	139.362
1222_at	24.339	21.658	17.618	23.663	24.346	21.47	21.729	22.154
1223_at	70.509	69.109	68.283	71.108	68.535	68.98	61.203	64.958
1224_at	127.523	131.041	131.418	142.459	156.198	145.789	150.001	160.231
1225_g_at	143.381	136.192	149.913	146.119	151.917	146.898	143.126	141.019
1206_at	143.496	149.777	169.203	146.495	189.697	170.419	135.632	167.202
1207_at	179.535	185.943	181.481	176.367	169.268	178.898	147.266	178.904
1208_at	242.531	224.788	209.028	230.064	209.542	217.635	228.211	212.445
1187_at	299.971	276.757	308.437	290.106	335.412	317.264	355.066	317.587
1188_g_at	104.962	99.203	105.046	107.6	106.122	102.428	108.167	108.165
1189_at	126.841	127.03	122.469	122.521	113.298	119.381	119.64	122.594
1190_at	61.261	66.092	55.184	44.651	59.569	62.547	57.505	63.204
1191_s_at	91.127	92.986	97.593	100.999	94.296	97.792	102.606	106.208
1192_at	54.394	61.354	48.96	59.934	60.04	53.218	63.69	55.356
1193_at	136.526	132.313	139.56	126.105	150.311	139.034	137.53	132.553
1194_g_at	73.629	56.181	57.107	59.844	71.089	67.063	65.314	61.143
1195_s_at	24.029	26.575	24.58	21.711	25.92	23.283	24.865	20.736
1196_at	147.102	136.853	134.103	131.041	142.76	136.517	141.694	134.876
1197_at	53.365	62.26	57.341	63.54	59.195	53.218	63.866	57.311
1198_at	37	33.555	45.549	36.065	40.005	40.831	33.542	41.777
1199_at	521.877	624.061	574.599	660.042	533.272	546.376	597.165	551.18
1200_at	113.789	120.032	110.443	126.624	122.876	123.396	107.659	115.779
1201_at	49.88	47.726	41.387	39.853	45.97	41.364	38.837	40.632
1202_g_at	138.211	126.262	131.708	126.903	139.333	127.792	117.65	109.909
1203_at	29.239	29.606	30.457	25.741	26.65	29.074	24.688	35.488
1204_at	122.379	138.376	144.737	140.597	135.488	139.581	126.219	134.029
1205_at	29.202	33.51	32.458	29.785	30.032	30.635	32.414	29.698
1182_at	14.047	14.563	13.434	16.673	14.374	14.079	16.809	15.187
1183_at	133.503	150.64	143.042	138.423	131.319	131.941	116.394	119.33
1184_at	277.431	303.967	286.64	312.903	306.482	302.768	290.855	282.978
1185_at	289.053	246.937	253.723	237.617	290.865	268.405	299.325	248.549
1186_at	46.843	49.375	45.851	50.37	45.33	45.899	48.412	47.38
1165_at	37.683	39.158	34.71	37.839	39.268	40.027	33.813	35.906
1166_at	309.362	326.675	313.356	312.629	327.7	316.339	299.651	307.67
1167_s_at	480.896	501.592	516.297	500.245	530.776	535.407	488.309	509.13
1168_at	37.166	36.294	37.041	36.926	37.771	37.206	37.809	41.457
1169_at	121.8	113.385	120.973	112.319	124.134	121.654	111.68	115.991
1170_at	208.96	201.668	197.011	206.762	205.382	197.18	208.012	186.467
1171_s_at	151.271	141.372	144.185	126.065	128.681	147.994	123.789	150.35
1172_at	141.354	110.755	112.777	108.382	125.654	119.247	120.116	103.927
1173_g_at	596.512	673.261	638.674	671.357	640.429	615.895	707.27	667.819
1174_at	53.269	49.739	56.369	53.375	53.86	50.183	46.611	55.935
1175_s_at	82.16	75.548	71.302	76.653	84.551	86.669	76.128	80.226
1176_at	170.525	137.125	141.614	121.038	153.003	136.475	146.278	155.85
1177_at	59.429	59.729	63.991	58.984	72.606	66.858	56.325	66.31
1178_at	145.243	126.26	115.886	134.026	141.783	134.861	155.928	148.838
1179_at	166.627	201.601	164.16	190.8	170.164	163.803	141.427	155.858
1180_g_at	1246.907	1136.333	1318.115	1165.509	1469.131	1350.299	1292.945	1391.785
1181_at	182.694	166.335	173.768	164.054	167.288	175.554	162.653	167.085
1162_g_at	90.393	101.719	122.81	95.65	103.027	98.548	102.683	97.736
1163_at	67.21	60.415	66.007	61.678	68.603	58.632	66.414	65.24
1164_at	49.255	41.846	47.1	43.913	42.138	42.203	43.962	39.437
1142_at	105.376	109.759	107.272	100.728	114.606	105.778	102.535	100.841
1143_s_at	37.38	38.156	40	42.329	39.831	44.12	41.184	44.179
1144_at	166.964	171.45	170.953	185.146	173.681	175.222	155.091	172.159
1145_g_at	60.156	54.006	55.731	59.951	52.851	55.478	52.629	56.205
1146_at	109.247	105.528	116.351	115.305	101.709	98.912	105.411	92.702
1147_at	45.48	43.947	43.707	49.048	61.562	47.387	49.391	50.175
1148_s_at	152.132	157.795	183.921	164.538	161.118	173.369	139.213	156.206
1149_at	73.368	71.305	87.3	87.766	77.016	75.701	88.39	74.286
1150_at	116.206	106.158	109.417	101.79	131.928	110.656	106.998	107.778
1151_at	705.116	843.662	771.943	830.101	732.582	748.775	758.082	710.689
1152_i_at	42.659	45.604	41.047	47.235	45.155	42.067	41.647	37.541
1153_f_at	759.782	823.996	901.427	838.658	838.766	878.839	896.137	883.199
1154_at	175.079	184.058	189.845	191.029	199.347	180.558	181.573	183.102
1155_at	264.133	262.28	280.283	268.788	291.623	280.452	232.675	252.857
1156_at	199.567	186.887	175.963	178.605	212.79	201.715	196.434	206.284
1157_s_at	30.231	30.047	30.48	34.847	26.91	28.218	34.575	28.35
1158_s_at	463.273	532.585	444.069	498.677	526.056	504.209	474.941	458.593
1159_at	19.889	18.975	17.26	17.302	19.753	15.745	19.273	19.81
1160_at	125.41	156.031	145.885	149.928	148.023	141.428	162.751	149.356
1161_at	585.825	710.368	668.147	727.64	690.308	677.375	687.291	657.522
1119_at	85.858	84.922	85.86	84.689	84.146	81.61	76.622	75.161
1120_at	123.278	138.336	150.028	149.988	145.887	139.76	160.683	143.201
1121_g_at	96.205	89.479	101.99	96.133	103.135	95.578	88.977	95.074
1122_f_at	769.789	797.015	898.689	813.321	877.853	828.616	886.555	849.096
1123_at	178.15	156.917	157.483	158.967	175.053	176.859	160.047	169.648
1124_at	77.946	75.357	76.907	75.821	83.633	88.506	77.268	74.661
1125_s_at	94.681	98.365	99.486	86.701	99.677	90.941	87.574	91.038
1126_s_at	32.368	38.056	29.622	32.423	26.871	31.672	34.434	29.003
1127_at	372.945	347.352	334.868	375.583	364.399	335.597	399.903	355.964
1128_s_at	220.626	208.841	223.611	215.343	225.897	213.616	203.29	200.346
1129_at	93.99	96.38	94.175	87.55	103.684	97.472	90.21	96.091
1130_at	319.641	290.871	305.008	288.348	305.589	302.13	320.273	294.119
1131_at	379.996	361.056	356.137	389.302	381.784	377.786	402.079	381.709
1132_s_at	520.039	522.583	537.027	524.387	521.314	499.099	488.133	490.649
1133_at	75.168	78.524	77.649	69.687	78.807	82.084	69.667	77.576
1134_at	206.56	207.116	204.154	220.193	200.666	200.166	196.808	194.111
1135_at	49.185	55.898	54.14	56	52.782	55.636	47.31	53.945
1136_at	287.283	245.097	258.954	242.603	301.454	247.352	295.957	254.87
1137_at	122.692	102.725	100.715	111.485	122.983	112.741	115.317	124.22
1138_at	527.591	543.703	563.019	538.963	539.689	502.215	497.096	492.231
1139_at	39.218	37.742	37.927	39.516	35.113	42.427	38.688	34.216
1140_at	79.4	86.754	78.902	92.171	76.207	78.124	87.963	81.709
1141_at	114.33	106.67	110.002	111.517	105.935	105.314	105.817	100.626
1117_at	109.161	105.138	108.989	103.024	110.431	107.035	90.6	104.317
1118_at	56.359	59.196	54.497	61.632	69.448	62.565	62.835	64.376
1097_s_at	161.943	166.711	181.596	181.033	190.341	181.027	162.08	179.765
1098_at	72.355	75.509	77.031	86.086	80.749	78.718	74.018	79.653
1099_s_at	69.666	72.916	67.864	67.717	74.049	66.502	75.219	70.637
1100_at	178.089	197.912	204.887	213.585	201.815	192.746	208.007	195.999
1101_at	40.557	38.631	41.812	37.13	45.445	41.607	43.239	43.842
1102_s_at	58.137	57.463	54.961	57.111	69.781	58.585	61.07	59.657
1103_at	107.285	114.352	129.054	123.503	119.469	124.695	113.399	122.621
1104_s_at	376.809	467.922	438.707	461.523	374.428	369.834	398.236	361.668
1105_s_at	138.549	133.555	148.871	134.069	147.872	149.682	134.658	148.803
1106_s_at	161.97	156.344	168.282	157.524	177.255	165.744	149.645	163.402
1107_s_at	251.202	250.103	268.297	259.021	247.047	251.759	202.001	225.172
1108_s_at	288.836	257.625	273.74	278.722	286.661	257.066	254.483	249.401
1109_s_at	148.865	141.422	149.494	144.415	152.087	149	146.627	151.97
1110_at	195.429	183.174	168.552	196.121	194.94	174.563	157.003	146.001
1111_at	91.291	91.422	97.606	86.553	90.385	94.853	70.424	90.693
1112_g_at	199.734	196.693	227.631	203.438	234.684	226.525	190.728	203.712
1113_at	61.887	54.471	56.056	59.139	60.373	61.574	60.463	58.215
1114_at	422.755	394.887	452.857	385.161	449.92	423.104	360.733	401.774
1115_at	44.322	36.964	39.908	39.384	36.918	38.359	35.22	34.943
1116_at	76.906	75.259	65.525	67.866	70.886	69.066	67.626	72.299
1096_g_at	234.655	198.059	222.503	208.431	192.408	241.924	204.587	219.276
1074_at	117.674	118.489	119.453	116.333	121.218	118.794	120.838	125.204
1075_f_at	126.261	123.086	122.781	112.215	114.944	122.221	95.352	121.977
1076_at	17.596	18.061	18.419	18.85	22.901	19.494	20.529	21.039
1077_at	21.101	17.93	19.399	17.481	19.921	20.145	18.405	20.549
1078_at	81.279	66.545	68.495	66.308	89.3	82.004	78.283	81.977
1079_g_at	61.693	54.792	62.994	53.332	70.025	65.924	58.848	56.295
1080_s_at	78.257	70.887	69.709	76.677	68.499	70.884	71.606	70.201
1081_at	215.961	214.478	220.291	223.697	213.339	210.699	232.545	224.395
1082_at	104.77	100.593	110.309	110.294	75.259	67.41	71.064	71.105
1083_s_at	238.714	259.278	275.971	262.994	265.434	257.805	271.175	244.454
1084_at	121.32	108.51	108.667	116.186	136.1	125.569	126.61	125.684
1085_s_at	213.698	209.302	203.024	196.349	208.175	207.255	211.221	201.357
1086_at	391.561	352.58	388.437	375.866	429.898	398.801	373.276	418.685
1087_at	107.151	109.258	109.564	104.735	109.897	105.402	116.185	111.832
1088_at	38.843	32.147	33.259	35.926	39.309	31.915	30.269	29.335
1089_i_at	151.019	145.206	152.291	133.984	136.628	135.742	142.655	133.758
1090_f_at	71.141	76.924	74.29	71.5	73.362	81.051	66.268	67.341
1091_at	6025.188	6554.844	6699.541	6496.702	8554.495	9020.896	8626.963	8717.315
1092_at	661.324	656.194	658.577	648.352	690.346	660.974	646.407	649.356
1093_at	39.625	31.606	19.943	32.514	36.821	32.565	46.957	28.848
1094_g_at	162.657	174.295	170.146	170.708	181.418	183.264	153.767	165.126
1095_s_at	4.494	4.789	6.37	5.526	4.658	4.958	4.815	5.008
1070_at	140.907	140.695	131.005	135.031	136.248	137.064	143.691	143.974
1071_at	216.987	210.415	223.447	217.498	222.775	213.909	200.512	198.826
1072_g_at	159.882	167.63	185.436	162.865	171.688	167.767	148.931	155.82
1073_at	199.129	238.845	218.97	239.103	231.236	214.659	226.823	224.126
1052_s_at	389.455	439.966	423.916	456.669	457.368	428.634	462.086	418.465
1053_at	64.501	72.66	71.621	65.278	71.952	71.622	64.782	69.272
1054_at	135.963	133.278	118.905	123.757	120.793	123.963	132.739	108.333
1055_g_at	43.303	44.884	45.727	47.671	43.614	47.122	50.995	46.196
1056_s_at	28.952	33.776	33.531	32.718	34.85	32.22	40.165	29.512
1057_at	205.723	215.54	226.621	213.784	207.857	205.945	213.367	193.233
1058_at	23.32	27.719	24.651	25.5	25.08	25.101	22.764	27.318
1059_at	17.862	14.565	14.714	14.256	15.205	13.706	13.352	12.75
1060_g_at	267.086	261.106	284.777	269.794	334.943	280.434	250.308	285.231
1061_at	109.285	105.548	102.625	107.401	103.782	103.948	95.778	100.369
1062_g_at	55.6	54.31	58.743	59.282	59.955	50.608	56.802	53.243
1063_s_at	435.217	409.386	410.717	409.64	442.001	420.428	386.889	433.189
1064_at	83.568	83.717	82.052	84.826	78.219	78.347	81.085	80.652
1065_at	184.581	161.175	171.274	153.068	189.538	189.401	149.771	189.255
1066_at	87.012	69.988	69.218	70.69	67.446	79.898	73.185	78.285
1067_at	31.772	30.104	33.203	28.466	29.371	29.305	25.949	31.905
1068_g_at	283.856	248.516	262.921	244.4	278.619	265.547	267.447	260.393
1069_at	41.833	42.815	38.777	42.295	36.093	40.41	34.426	35.484
1050_at	15.947	13.239	13.714	16.688	12.939	9.547	12.653	11.803
1051_g_at	131.309	125.228	136.547	126.47	142.96	142.593	130.875	141.982
1029_s_at	38.146	36.223	34.906	32.629	35.482	34.316	31.122	35.783
1030_s_at	186.198	197.769	177.62	206.661	211.326	194.374	222.828	204.254
1031_at	66.464	76.838	74.902	75.042	70.499	73.554	73.132	73.163
1032_at	1894.612	1988.288	1761.987	2007.792	272.449	230.139	256.532	240.497
1033_g_at	123.566	123.687	117.031	104.126	130.518	135.845	118.387	130.193
1034_at	398.362	371.669	345.965	342.006	421.621	391.311	392.076	396.883
1035_g_at	79.544	84.646	77.797	84.64	89.741	80.105	81.231	81.123
1036_at	19.109	18.876	16.526	16.66	19.857	16.26	12.259	21.151
1037_at	35.344	27.354	28.721	32.581	34.714	30.859	32.783	34.568
1038_s_at	37.85	38.334	36.21	40.259	37.212	32.761	41.089	41.943
1039_s_at	218.576	249.575	251.966	272.457	290.189	247.889	258.869	238.631
1040_s_at	76.439	77.383	87.934	83.711	82.899	81.219	77.833	88.297
1041_at	48.594	49.571	40.634	48.806	59.136	57.323	52.492	53.8
1042_at	18.984	13.352	15.25	17.385	13.164	13.628	13.853	16.501
1043_s_at	83.151	70.191	75.971	68.576	76.515	69.412	79.776	68.805
1044_s_at	63.776	63.008	62.75	65.117	64.288	63.293	59.636	59.036
1045_s_at	84.088	57.889	62.939	70.015	73.363	68.017	65.445	59.202
1046_at	43.169	47.09	51.998	46.459	52.11	49.68	45.846	44.24
1047_s_at	247.326	280.697	275.026	283.496	249.606	244.346	267.882	249.768
1048_at	52.798	53.368	49.966	48.429	55.661	46.549	50.849	46.319
1049_g_at	229.241	231.036	223.13	216.716	239.326	232.685	208.201	221.795
1026_s_at	264.388	268.951	262.125	271.292	271.113	276.374	240.619	262.104
1027_at	52.626	52.897	45.979	45.787	52.943	51.315	48.135	47.099
1028_at	85.901	93.116	100.781	94.833	94.07	88.585	85.711	92.338
1007_s_at	178.182	208.365	197.691	191.629	188.559	183.177	194.827	176.931
1008_f_at	652.754	661.014	639.689	628.114	615.034	628.984	633.809	621.453
1009_at	719.846	856.078	829.049	850.556	843.402	792.34	818.766	754.158
1010_at	215.224	219.385	221.764	217.774	229.833	201.866	214.257	188.693
1011_s_at	110.565	133.334	121.817	122.796	123.842	119.436	112.93	105.53
1012_at	41.985	44.163	40.716	40.949	60.646	58.595	47.845	54.411
1013_at	7.564	8.301	6.2	8.6	9.084	8.199	32.619	10.22
1014_at	251.47	259.077	258.658	243.753	263.311	258.057	216.27	269.215
1015_s_at	116.008	108.771	121.449	113.638	104.907	120.936	106.924	107.159
1016_s_at	58.853	52.695	53.404	49.716	51.741	53.018	55.814	54.358
1017_at	29.772	26.383	28.432	25.101	26.423	29.454	27.258	29.431
1018_at	146.209	136.398	139.713	129.78	153.748	138.211	141.862	138.971
1019_g_at	426.9	370.716	397.576	345.31	355.312	396.888	429.871	370.453
1020_s_at	391.139	403.633	413.259	399.459	371.898	376.285	406.401	388.803
1021_at	89.104	89.969	82.259	79.3	83.04	85.889	83.223	79.373
1022_f_at	59.056	43.253	53.585	48.158	48.619	57.543	45.697	52.421
1023_at	134.841	144.747	129.189	133.521	152.788	130.867	130.741	134.797
1024_at	243.207	241.149	251.358	264.257	356.047	373.851	395.907	354.413
1025_g_at	247.77	219.794	261.154	244.464	298.735	272.846	239.684	256.509
1006_at	80.021	67.863	71.368	67.893	73.651	79.196	76.554	70.719
985_s_at	295.211	297.521	285.462	308.284	250.256	243.811	280.639	232.773
986_at	93.825	81.121	82.078	95.708	94.3	87.399	96.135	79.782
987_g_at	87.326	88.678	94.027	83.292	89.888	88.135	95.611	90.338
988_at	92.154	84.968	94.651	93.714	108.147	102.186	115.984	110.518
989_at	49.991	53.467	54.136	60.552	73.889	64.074	56.914	68.701
990_at	30.467	38.309	40.087	38.044	38.312	36.01	33.572	35.765
991_g_at	112.83	118.749	120.242	116.239	107.588	112.411	113.943	106.419
992_at	117.053	107.791	126.654	113.806	114.36	108.448	102.48	108.342
993_at	143.613	166.846	160.895	172.594	164.353	151.094	160.668	146.621
994_at	94.647	98.093	113.792	107.533	104.999	102.822	96.689	102.222
995_g_at	28.866	32.958	31.54	33.854	29.355	28.389	30.981	27.025
996_at	171.574	168.422	146.563	162.43	162.599	188.702	176.75	177.63
997_at	251.934	262.52	265.956	253.537	279.376	265.205	231.078	244.947
998_s_at	127.319	122.628	111.235	124.587	126.772	111.664	118.141	106.173
999_at	137.453	144.696	145.147	134.97	137.912	138.95	143.494	130.238
1000_at	191.611	207.498	205.695	198.975	193.896	205.805	180.89	181.064
1001_at	82.592	85.353	87.852	82.57	86.18	84.827	85.121	74.087
1002_f_at	82.285	83.708	89.098	86.623	89.449	83.066	79.224	73.021
1003_s_at	169.21	190.007	190.739	180.517	177.345	178.565	189.295	172.084
1004_at	105.387	84.524	105.404	96.523	97.569	92.953	109.303	83.24
1005_at	245.581	295.197	280.948	292.293	256.994	266.323	269.601	245.475
981_at	95.614	90.329	97.965	98.946	110.817	107.006	91.297	91.632
982_at	65.765	67.095	61.361	70.444	69.043	61.165	67.023	61.598
983_at	22.983	25.111	29.53	26.859	28.4	28.167	21.276	23.281
984_g_at	176.224	186.553	183.934	193.676	205.409	184.627	165.756	159.879
962_at	58.444	54.582	54.458	60.042	63.303	60.737	60.995	61.915
963_at	33.049	35.59	42.604	40.194	43.351	37.2	48.399	37.229
964_at	191.402	188.518	182.19	186.257	197.334	197.793	179.212	199.653
965_at	84.989	72.391	72.31	71.976	71.55	78.094	74.015	78.232
966_at	180.732	179.789	187.292	174.768	173.286	167.858	174.641	174.439
967_g_at	132.369	142.507	126.355	140.735	123.141	126.694	123.277	113.151
968_i_at	25.742	27.656	25.68	25.48	29.127	28.094	25.092	31.24
969_s_at	30.069	42.879	39.213	38.323	38.349	38.128	38.661	36.212
970_r_at	1326.05	1363.704	1418.357	1376.913	1340.54	1334.646	1356.34	1265.867
971_s_at	45.136	38.831	36.674	35.619	37.1	37.666	35.974	36.908
972_s_at	114.832	110.732	113.602	111.358	106.878	113.311	108.51	121.231
973_at	309.82	315.887	318.908	319.285	326.611	304.154	290.506	293.121
974_at	120.073	119.239	121.794	105.733	122.192	123.936	109.06	111.365
975_at	113.59	93.602	80.168	89.173	114.754	94.727	112.325	92.703
976_s_at	59.407	53.44	54.596	52.961	67.717	54.777	55.905	56.789
977_s_at	271.005	311.927	275.17	299.517	272.527	275.054	298.542	276.209
978_at	55.679	49.58	50.605	47.464	49.169	51.8	47.712	47.818
979_g_at	36.513	41.793	45.868	41.87	40.363	36.462	46.192	37.125
980_at	153.902	156.169	168.734	148.153	159.92	160.667	152.789	142.96
961_at	16.879	18.055	15.765	16.749	16.686	25.878	19.717	20.01
940_g_at	42.727	43.442	43.181	50.197	50.502	44.472	46.583	38.832
941_at	338.99	359.918	345.735	368.704	361.664	346.448	369.414	372.116
942_at	126.958	141.68	138.738	131.313	127.004	133.762	121.417	133.129
943_at	144.619	131.219	132.104	123.099	137.304	129.127	134.962	129.445
944_s_at	67.115	61.53	60.532	62.125	65.464	62.251	62.64	61.25
945_at	70.761	85.549	77.885	77.21	71.868	70.399	69.132	66.511
946_at	180.173	225.722	210.062	192.145	190.056	194.752	197.405	179.059
947_at	139.647	153.16	157.204	157.266	155.018	152.422	158.223	146.686
948_s_at	42.697	52.62	50.261	48.236	47.309	43.519	46.138	47.681
949_s_at	56.469	75.239	66.115	68.037	61.714	59.957	72.08	58.935
950_at	106.691	116.647	74.934	115.554	93.712	95.408	111.719	97.273
951_at	49.228	57.493	48.609	50.331	48.332	52.206	49.713	48.31
952_at	134.168	131.543	139.969	144.237	160.458	146.09	136.456	131.413
953_g_at	170.033	169.8	147.775	151.41	168.284	153.848	127.412	157.798
954_s_at	305.292	327.068	330.146	335.138	309.61	314.1	319.802	299.87
955_at	362.2	417.753	424.302	421.23	407.865	397.129	402.009	363.805
956_at	756.027	806.16	835.439	839.246	866.701	855.452	867.153	853.591
957_at	121.569	117.328	116.472	110.083	130.532	126.407	112.291	113.92
958_s_at	147.229	155.958	159.921	158.424	153.939	149.782	140.415	138.401
959_at	38.056	40.368	39.653	40.653	40.312	38.793	38.994	37.578
960_g_at	122.694	132.402	128.857	118.761	133.838	141.052	130.924	122.357
936_s_at	65.86	57.348	70.635	61.579	76.003	68.132	63.302	60.249
937_at	322.446	332.262	291.931	307.51	381.271	364.095	335.564	357.779
938_at	177.377	166.893	155.553	180.086	178.298	187.244	162.506	175.373
939_at	152.189	179.097	156.46	156.801	162.163	159.151	152.006	156.064
918_at	130.837	132.847	125.427	132.64	133.223	123.67	132.617	129.305
919_at	284.662	248.782	261.885	250.362	326.903	303.734	268.272	302.164
920_at	143.303	138.522	125.282	105.303	126.594	112.083	115.591	125.951
921_s_at	286.931	283.776	261.772	265.521	268.726	271.593	222.772	259.026
922_at	233.538	246.715	249.602	243.197	248	243.467	244.799	252.249
923_at	73.523	58.258	62.421	58.395	70.514	64.69	61.496	64.666
924_s_at	95.471	111.768	87.4	96.217	89.299	93.901	104.558	89.195
925_at	136.263	151.519	131.598	145.896	138.957	144.999	124.602	136.554
926_at	3200.132	3497.869	3628.544	3735.111	3607.318	3419.04	3388.655	3345.921
927_s_at	683.009	755.315	778.028	810.616	702.778	676.997	777.894	687.857
928_at	27.566	26.446	24.501	28.746	29.913	28.594	26.78	22.083
929_at	87.627	85.229	89.705	82.873	92.553	93.7	90.598	84.551
930_at	53.58	46.061	49.635	50.674	40.473	52.886	46.694	43.594
931_at	15.088	20.567	17.686	18.667	18.01	17.42	14.845	15.73
932_i_at	207.567	246.827	212.659	232.841	200.276	207.737	186.404	193.824
933_f_at	47.216	47.347	42.199	49.949	52.496	53.204	43.323	41.28
934_at	61.653	66.243	79.601	63.905	75.359	67.489	63.834	69.938
935_at	262.732	259.834	252.682	283.307	272.836	270.824	271.345	271.661
916_at	428.015	437.702	410.144	429.512	440.825	433.782	389.116	396.614
917_g_at	273.241	248.935	273.798	249.894	259.678	251.867	280.215	246.667
895_at	619.575	747.253	730.007	762.723	712.366	730.969	840.353	733.076
896_at	141.448	130.694	135.888	143.839	145.087	137.864	136.191	131.778
897_at	347.974	360.576	345.624	340.607	361.831	360.048	331.159	331.696
898_s_at	391.71	388.159	421.805	405.477	361.921	393.965	398.229	318.283
899_at	95.104	101.092	107.504	97.731	105.61	107.418	98.183	95.644
900_at	12.684	9.639	13.467	15.174	15.402	11.764	11.706	9.463
901_g_at	22.581	20.833	19.346	22.351	22.787	22.704	21.826	21.925
902_at	31.615	35.172	35.221	35.246	42.042	34.527	37.756	31.13
903_at	242.248	260.879	250.911	245.73	248.545	260.185	229.95	231.574
904_s_at	35.322	38.677	35.958	33.159	37.583	43.191	41.776	34.899
905_at	297.052	359.388	335.941	351.536	302.656	308.608	340.982	296.482
906_at	142.312	151.441	166.505	151.875	176.588	169.328	169.418	165.894
907_at	80.435	69.916	72.719	68.633	67.595	68.919	78.433	60.251
908_at	34.436	32.237	36.464	38.78	37.145	29.704	29.515	36.712
909_g_at	81.466	80.357	78.898	77.079	79.327	82.305	73.888	76.97
910_at	100.38	112.266	102.35	104.755	94.621	94.412	100.68	93.594
911_s_at	680.332	838.422	722.653	786.378	726.979	690.698	762.067	672.018
912_s_at	11121.301	11023.456	10804.747	10854.644	11171.094	11085.013	10723.291	11081.331
913_at	225.829	198.789	217.049	199.331	199.146	217.706	209.317	233.195
914_g_at	18.192	18.922	16.837	18.713	16.603	18.642	21.215	20.022
915_at	115.201	114.366	118.403	118.234	124.393	119.161	114.663	120.439
873_at	31.552	23.576	25.231	27.669	24.39	25.557	23.467	27.233
874_at	79.531	68.971	76.781	68.654	78.184	77.681	71.657	76.009
875_g_at	208.254	216.41	198.1	204.624	229.269	209.062	216.542	209.215
876_at	27.996	32.983	31.398	37.389	28.866	34.938	33.922	35.503
877_at	46.432	43.247	49.418	42.273	56.183	52.093	47.694	54.053
878_s_at	103.107	102.121	103.795	100.435	104.138	106.846	91.619	98.399
879_at	154.647	143.788	156.487	154.362	145.961	161.247	151.6	161.397
880_at	267.454	283.102	262.103	280.317	265.109	273.436	290.88	272.55
881_at	82.595	82.224	82.997	83.035	76.714	79.466	82.07	75.856
882_at	2810.357	2816.046	2924.634	2776.618	2901.389	3112.499	2613.04	2951.786
883_s_at	363.583	378.075	414.303	371.872	390.14	408.076	351.159	395.283
884_at	252.585	249.128	264.981	236.848	248.03	256.437	251.47	253.039
885_g_at	117.566	120.783	122.785	124.959	127.651	126.126	120.915	132.735
886_at	18.564	21.559	15.784	19.921	19.488	23.271	17.525	18.583
887_at	409.833	436.785	395.488	415.692	475.027	453.551	463.336	426.215
888_s_at	367.98	345.963	403.244	387.787	399.25	375.714	387.105	354.761
889_at	17.488	18.01	13.799	16.086	15.6	18.963	11.757	17.108
890_at	155.595	163.106	151.739	156.524	152.874	157.559	142.798	149.57
891_at	83.413	97.971	90.361	95.652	83.312	93.815	93.131	92.271
892_at	342.21	396.347	376.57	404.746	390.702	366.842	348.115	374.244
893_at	68.403	70.32	80.24	73.252	81.227	75.68	70.403	73.286
894_g_at	157.894	165.462	158.753	147.086	170.311	155.937	142.321	158.231
870_f_at	1368.764	1622.511	1570.826	1512.4	1496.031	1471.513	1544.862	1484.386
871_s_at	126.906	111.012	111.4	103.893	123.594	121.598	102.451	111.902
872_i_at	13.85	18.067	17.791	16.492	13.213	20.095	11.668	17.353
850_r_at	7.95	8.896	8.029	12.294	12.663	10.545	13.589	10.817
851_s_at	30.092	35.526	36.431	36.573	35.487	34.004	30.938	29.883
852_at	56.775	56.802	67.451	59.626	68.981	65.999	46.6	58.848
853_at	124.496	127.785	115.728	135.041	140.166	130.208	130.924	120.575
854_at	99.478	95.623	100.544	95.279	102.77	101.133	108.951	94.517
855_at	83.106	80.264	86.272	77.272	79.713	80.394	77.358	78.886
856_at	63.662	60.179	66.612	58.093	72.146	65.823	51.956	70.23
857_at	61.502	76.633	59.481	65.204	63.25	64	57.793	63.622
858_at	153.178	143.799	154.904	150.774	161.711	152.825	142.317	142.666
859_at	30.971	33.718	30.77	34.497	30.5	33.008	31.048	28.986
860_at	37.532	40.312	40.057	38.894	33.621	36.24	35.881	34.982
861_g_at	28.071	31.066	28.854	30.864	32.1	33.982	26.626	27.675
862_at	78.931	69.748	76.682	70.033	82.245	70.856	61.879	73.417
863_g_at	225.525	187.412	204.382	209.969	243.93	225.989	222.993	224.455
864_at	71.567	73.587	73.92	68.723	78.385	74.726	72.164	75.39
865_at	47.024	54.274	51.608	48.764	54.23	56.492	55.025	58.387
866_at	183.621	178.863	172.342	156.995	160.436	165.879	168.689	152.939
867_s_at	305.139	262.268	271.743	272.259	295.651	274.963	258.204	266.228
868_at	161.304	163.04	166.981	160.912	169.292	172.125	174.641	162.122
869_at	187.184	201.354	208.309	215.493	187.311	201.034	199.396	178.744
845_at	71.848	71.974	67.766	72.604	85.355	71.522	72.354	74.767
846_s_at	208.699	202.028	213.018	208.649	205.071	213.861	204.724	194.455
847_at	200.328	204.276	213.452	200.701	209.03	227.355	205.061	202.856
848_at	156.092	165.731	152.138	163.426	160.36	144.857	144.441	157.447
849_g_at	161.727	135.24	161.735	159.639	209.061	195.38	159.415	180.824
828_at	14.342	13.49	19.476	13.685	15.158	18.267	15.818	17.362
829_s_at	693.432	793.641	759.736	770.423	723.806	710.074	823.237	722.431
830_at	82.309	84.058	91.816	81.933	87.506	85.409	94.941	80.642
831_at	106.457	97.28	111.277	104.148	106.65	103.635	104.346	98.571
832_at	184.476	194.75	197.369	196.006	200.303	188.583	197.535	185.007
833_at	44.547	42.441	41.417	43.214	46.57	41.773	43.691	40.124
834_at	131.382	125.026	119.611	123.407	134.52	131.598	126.867	115.145
835_at	188.84	195.256	190.172	189.683	191.531	193.265	187.493	173.188
836_at	412.022	474.249	425.053	484.586	506.376	472.155	442.483	434.699
837_s_at	73.773	76.147	70.413	73.672	73.428	76.513	72.8	74.438
838_s_at	244.395	244.379	251.618	265.061	262.117	247.583	268.548	253.56
839_at	6.078	8.781	6.906	8.649	7.791	8.378	5.378	7.531
840_at	128.004	112.966	108.087	115.18	141.738	129.891	128.018	121.29
841_at	57.807	64.948	58.351	58.657	63.428	67.603	53.22	60.486
842_at	48.064	47.845	46.519	50.942	52.767	44.638	47.831	52.112
843_at	295.677	339.013	336.045	363.423	345.273	359.129	292.724	329.177
844_at	183.844	209.56	199.011	209.772	200.466	197.635	184.563	196.089
825_at	47.019	50.684	53.403	47.034	50.516	47.45	48.248	45.226
826_at	67.153	75.857	68.401	78.913	70.352	76.901	82.341	78.936
827_s_at	91.082	89.838	93.258	94.751	108.948	97.594	80.096	88.94
805_at	117.378	112.787	117.604	111.724	125.371	116.187	122.488	118.592
806_at	540.877	608.298	542.07	539.259	622.44	586.189	577.689	567.849
807_at	36.247	39.081	38.762	39.921	33.636	32.708	31.695	30.979
808_at	23.218	15.246	17.565	16.412	18.319	17.749	15.67	19.574
809_at	20.233	21.285	24.831	18.489	23.486	19.739	17.125	24.37
810_at	163.994	173.669	162.161	183.086	182.592	168.581	176.336	167.398
811_at	99.212	109.328	111.658	113.611	110.181	107.584	113.119	101.561
812_at	29.225	34.051	28.918	29.543	31.379	34.47	34.717	33.311
813_at	35.557	33.371	29.425	36.831	38.157	35.366	35.528	33.385
814_s_at	25.182	24.241	22.588	22.937	20.856	21.983	24.931	18.844
815_at	123.702	130.99	124.29	119.627	132.694	127.647	129.393	123.405
816_g_at	259.371	240.445	246.532	233.756	254.412	253.821	245.655	258.543
817_at	8.799	7.311	8.123	5.81	11.295	10.612	12.712	6.074
818_s_at	119.509	141.626	110.694	129.573	110.586	112.267	114.679	107.175
819_at	33.374	31.918	32.412	29.602	34.98	36.912	34.99	34.166
820_at	309.041	323.077	307.348	329.603	304.788	305.762	330.846	311.058
821_s_at	33.664	34.961	35.691	36.095	35.994	32.957	44.011	36.004
822_s_at	242.477	229.805	239.385	207.428	205.872	237.247	218.716	219.238
823_at	135.676	126.765	156.713	145.866	148.151	134.174	146.264	129.325
824_at	240.494	270.92	263.706	256.945	256.21	244.158	245.271	259.274
782_at	235.139	213.62	187.747	221.318	243.795	214.443	184.369	211.893
783_at	60.486	69.73	55.004	71.377	59.327	70.61	59.689	59.597
784_g_at	22.466	22.825	21.556	23.129	21.547	24.534	20.317	19.6
785_at	101.932	96.942	97.915	94.407	103.714	103.461	98.233	92.414
786_at	96.982	91.629	106.943	95.295	99.637	112.354	77.27	97.794
787_at	117.415	114.275	113.531	111.791	113.034	111.13	103.892	110.938
788_s_at	291.143	358.969	305.664	310.183	321.993	288.35	300.801	287.932
789_at	212.025	239.296	223.61	218.743	241.315	227.242	228.916	222.357
790_at	195.864	191.199	195.054	188.289	184.988	193.282	179.944	166.396
791_g_at	43.091	43.609	46.505	45.199	47.368	41.74	39.067	42.904
792_s_at	460.586	502.931	493.206	526.636	539.705	469.414	448.054	399.028
793_at	99.031	94.35	97.288	99.179	105.521	101.727	105.65	95.874
794_at	144.87	150.098	141.439	144.578	151.817	145.665	128.97	140.235
795_s_at	59.46	58.76	57.315	54.225	61.571	57.665	54.016	51.093
796_i_at	45.996	42.975	48.15	52.856	49.041	47.255	47.135	37.291
797_at	90.513	105.296	108.18	109.268	111.1	98.022	103.918	100.415
798_at	76.028	53.339	72.09	72.929	79.294	74.703	70.34	67.161
799_at	346.316	332.976	334.433	344.047	322.459	321.742	319.123	295.832
800_g_at	511.338	561.701	490.512	529.94	544.845	519.576	490.416	484.877
801_at	82.501	84.943	90.695	85.187	91.047	90.235	89.363	85.3
802_at	77.728	86.426	90.034	104.827	92.353	84.513	81.95	77.561
803_at	12.06	14.649	14.252	10.087	13.899	16.666	10.855	11.327
804_s_at	611.252	726.9	684.988	674.04	677.064	667.18	561.134	569.368
780_at	124.381	125.218	121.363	129.605	128.868	122.184	113.347	116.744
781_at	150.929	175.353	178.07	195.997	163.509	163.79	172.491	160.054
760_at	24.77	29.047	27.149	31.058	24.853	28.473	32.307	25.205
761_g_at	196.74	177.405	175.766	174.693	179.356	170.124	149.378	166.252
762_f_at	81.384	80.408	78.648	76.159	80.888	77.311	80.631	74.591
763_at	81.782	79.331	80.915	74.332	72.863	78.478	79.971	78.916
764_s_at	54.115	52.582	51.713	51.712	50.167	53.507	54.701	48.213
765_s_at	120.61	120.994	106.826	115.363	117.744	121.471	119.594	111.868
766_at	314.525	312.72	319.566	317.011	344.276	315.518	303.444	289.564
767_at	183.869	220.405	212.034	221.761	200.21	207.642	193.489	205.546
768_at	40.874	37.431	39.107	39.551	40.005	52.089	39.393	41.605
769_s_at	1911.42	1939.981	2096.414	2049.154	2062.05	2018.425	2131.574	2174.691
770_at	231.376	243.691	228.969	245.803	237.364	244.467	241.148	235.333
771_s_at	98.607	112.015	112.768	106.252	98.026	91.07	96.167	89.848
772_at	157.042	143.896	155.187	140.528	158.945	156.307	145.904	161.286
773_at	71.455	57.791	55.988	59.779	68.691	60.575	63.791	60.468
774_g_at	83.535	76.175	84.547	72.863	93.714	78.629	76.869	77.831
775_at	154.582	175.892	134.572	155.104	164.52	151.88	135.192	143.214
776_at	207.004	219.91	242.542	216.932	217.991	210.417	216.116	194.222
777_at	127.147	145.885	142.922	149.917	141.285	145.688	139.763	137.068
778_s_at	165.24	160.448	161.715	164.689	164.662	156.942	158.719	150.46
779_at	84.651	61.065	68.12	64.864	91.239	86.985	85.915	90.341
755_at	48.993	51.23	49.078	52.381	51.054	50.876	50.238	45.455
756_at	56.984	55.956	47.665	42.506	65.337	46.782	44.481	47.962
757_at	64.957	65.182	67.325	67.036	65.706	65.364	64.117	60.907
758_at	140.891	126.769	131.741	132.717	141.299	140.005	139.41	137.643
759_at	92.04	93.736	88.394	92.543	87.066	82.709	91.927	80.559
738_at	89.613	94.937	79.732	103.733	109.417	94.752	101.652	91.352
739_at	55.702	51.964	60.789	56.835	66.749	62.695	50.733	58.905
740_at	134.356	133.854	142.45	129.843	162.929	149.391	128.321	133.164
741_g_at	123.815	115.092	125.661	112.224	123.213	124.268	115.99	120.354
742_at	103.045	110.973	122.584	121.228	116.525	112.517	106.581	105.618
743_at	20.689	18.836	18.895	18.518	19.904	18.911	25.105	21.076
744_at	224.223	238.203	259.44	245.894	244.828	250.635	265.975	214.028
745_at	113.083	114.148	116.146	109.992	114.496	124.373	101.11	103.23
746_at	19.826	22.78	19.601	22.568	20.176	24.153	29.472	19.454
747_at	206.51	195.88	203.434	198.052	223.691	204.418	175.396	197.89
748_s_at	76.194	68.904	68.92	69.863	68.884	66.469	59.351	71.434
749_at	107.071	124.455	118.783	123.193	110.963	117.493	108.561	113.307
750_at	34.986	27.814	30.282	26.037	30.742	31.099	43.59	25.886
751_at	288.782	274.057	261.779	270.654	275.972	276.816	245.366	244.976
752_s_at	174.951	197.145	190.762	198.377	193.64	182.317	179.536	189.8
753_at	35.423	38.346	36.551	36.791	34.237	36.517	36.572	41.607
754_s_at	301.314	287.949	298.444	299.797	318.822	319.091	293.979	296.165
736_f_at	378.395	362.279	378.376	359.985	395.788	412.197	338.516	388.755
737_at	105.419	97.768	100.929	98.589	90.236	98.264	101.505	94.26
715_s_at	310.343	264.937	267.05	266.766	279.625	262.558	255.909	257.239
716_at	278.754	247.046	249.477	229.798	287.558	254.95	257.768	259.996
717_at	145.332	162.096	130.526	152.335	166.143	155.35	150.882	141.861
718_at	193.047	189.211	180.784	169.826	186.57	193.708	168.182	192.486
719_g_at	208.284	220.803	189.595	201.567	195.967	192.832	205.67	207.876
720_at	385.692	387.631	391.825	380.095	354.259	393.675	393.423	374.711
721_g_at	139.056	144.797	135.226	142.163	145.18	140.099	146.884	130.218
722_at	64.239	65.143	64.862	62.877	78.02	70.154	59.59	66.402
723_s_at	206.353	222.263	219.078	225.619	218.815	213.941	218.988	227.884
724_at	57.832	54.435	53.2	52.726	72.697	66.974	58.461	63.196
725_i_at	84.16	94.833	97.771	98.517	93.747	86.022	103.212	90.127
726_f_at	65.878	71.603	78.877	68.018	74.328	76.067	60.823	78.716
727_at	233.995	252.519	246.226	237.981	228.023	241.103	217.284	216.162
728_at	117.518	99.81	101.165	109.187	120.819	98.889	105.442	106.588
729_i_at	917.168	830.991	763.174	804.318	1087.85	940.086	959.47	962.376
730_r_at	147.486	142.802	152.869	139.812	165.009	162.12	140.872	154.94
731_f_at	267.741	277.22	266.79	270.602	297.61	266.937	252.428	243.079
732_f_at	92.405	77.969	77.141	70.648	92.12	84.981	74.563	83.545
733_at	60.182	57.089	60.846	65.362	72.395	63.235	68.876	60.193
734_at	128.229	117.798	121.106	113.27	122.909	118.79	113.598	117.976
735_s_at	171.575	175.614	187.983	183.444	187.299	180.918	181.163	181.774
711_at	233.756	288.149	252.347	285.878	249.527	262.05	238.802	253.415
712_s_at	62.248	64.227	62.463	60.797	68.469	58.992	54.295	57.513
713_at	209.483	220.23	232.94	235.437	236.318	219.391	243.165	211.674
714_at	115.654	109.3	129.732	113.609	109.093	103.076	119.222	94.128
693_g_at	37.686	38.915	44.734	42.868	41.181	35.082	46.582	40.345
694_at	118.794	107.854	117.387	112.837	116.764	119.333	115.165	110.977
695_at	54.8	54.673	60.361	56.263	61.347	59.765	53.347	58.461
696_at	51.214	42.547	45.775	41.466	48.825	44.644	53.181	46.93
697_f_at	396.561	426.407	405.423	421.769	436.404	417.516	395.702	354.19
698_f_at	55.024	55.981	64.504	61.253	61.388	60.216	59.243	55.072
699_s_at	105.932	90.116	102.646	96.53	124.918	112.254	94.755	110.603
700_s_at	391.539	461.439	486.227	465.993	425.719	425.876	445.393	419.162
701_s_at	231.143	225.917	217.775	222.325	224.789	228.5	226.008	224.4
702_f_at	67.244	69.169	73.661	69.423	75.298	70.056	70.463	68.904
703_at	349.635	320.814	296.956	340.272	358.44	312.466	308.434	290.884
704_at	100.243	116.178	114.746	119.275	107.825	101.916	94.832	95.185
705_at	68.522	75.596	73.195	68.042	64.734	73.278	62.646	66.419
706_at	109.983	110.484	106.448	108.643	117.218	107.757	116.731	93.059
707_s_at	256.116	232.625	242.007	227.184	243.765	316.178	242.149	231.309
708_at	89.899	91.271	92.464	91.291	77.756	84.187	85.155	86.611
709_at	224.591	211.977	235.655	227.728	252.258	224.563	221.84	227.999
710_at	144.015	135.529	141.282	133.964	145.452	130.333	137.838	126.939
691_g_at	2670.57	2811.336	3007.096	2840.343	2826.439	2844.428	2855.298	2754.985
692_s_at	435.476	457.979	460.439	462.713	464.548	472.238	492.711	471.25
671_at	124.057	136.765	129.86	118.439	126.332	125.519	134.893	119.862
672_at	487.474	436.372	447.38	444.964	416.022	423.243	483.715	429.447
673_at	140.774	143.517	148.564	142.104	150.075	141.412	158.414	133.77
674_g_at	90.329	92.124	82.667	90.772	91.134	88.697	76.077	78.797
675_at	373.259	426.687	415.031	463.127	437.148	407.323	409.998	409.426
676_g_at	1355.823	1470.908	1485.583	1488.771	1473.846	1379.443	1404.799	1435.996
677_s_at	274.942	292.856	302.282	296.207	367.411	294.56	252.858	254.382
678_at	97.401	103.797	105.446	91.93	104.563	95.937	108.344	102.075
679_at	73.13	88.102	79.069	87.808	75.789	70.876	73.851	73.616
680_s_at	108.627	95.299	106.646	102.077	116.996	110.807	94.815	98.728
681_at	21.79	19.379	22.548	17.756	18.475	19.972	19.928	16.757
682_at	29.064	33.129	33.936	28.558	34.618	31.401	32.451	29.05
683_at	92.434	101.483	95.604	92.3	93.49	100.473	81.55	92.265
684_at	9728.438	10143.138	10251.696	9943.194	83.229	75.938	75.107	74.362
685_f_at	145.471	162.153	160.633	150.47	145.815	150.905	155.65	141.604
686_s_at	46.617	40.382	40.705	36.616	36.914	38.872	36.391	36.394
687_at	119.303	129.072	131.378	118.949	132.694	132.347	120.949	123.228
688_at	341.43	316.506	314.538	324.042	316.129	296.933	322.184	297.085
689_at	147.94	143.383	145.337	127.556	137.369	139.463	135.929	124.847
690_s_at	27.048	27.315	33.269	32.686	30.494	32.627	30.126	30.455
669_s_at	247.692	245.551	257.414	245.954	278.538	259.723	242.718	246.703
670_s_at	25.306	23.298	21.165	26.433	23.627	26.734	24.811	24.183
649_s_at	127.071	143.491	146.402	139.514	151.911	150.699	128.31	150.812
650_s_at	223.55	228.67	219.616	227.24	218.7	209.264	224.691	207.141
651_at	65.709	73.935	65.914	69.468	67.969	65.731	62.333	61.872
652_g_at	113.51	113.342	115.724	115.101	111.165	113.537	114.425	111.826
653_at	35.488	28.897	29.123	29.703	39.075	32.627	37.524	31.171
654_at	269.094	279.095	315.565	302.348	316.128	311.424	248.173	289.452
655_at	42.1	33.839	39.544	38.789	44.444	52.141	41.391	42.854
656_at	655.177	622.599	676.241	705.475	673.248	609.311	677.039	567.34
657_at	300.951	318.588	302.651	334.313	315.936	315.297	285.425	288.497
658_at	25.071	22.21	25.253	23.574	28.323	28.482	23.968	29.374
659_g_at	98.946	100.903	107.033	104.388	58.014	60.929	54.13	58.757
660_at	14.189	9.028	11.154	11.651	10.906	8.587	12.912	13.963
661_at	336.84	262.286	298.91	247.538	237.476	274.807	272.888	266.254
662_at	156.09	175.637	174.119	169.665	131.47	149.122	158.592	142.242
663_at	206.775	217.509	204.977	220.304	207.611	211.24	219.623	223.309
664_at	14.937	15.752	14.937	13.406	14.43	15.15	13.688	13.735
665_at	23.236	28.439	26.732	33	28.973	21.697	24.492	26.359
666_at	114.736	106.843	109.681	106.369	120.599	113.053	116.83	120.247
667_at	188.105	200.698	196.9	195.937	192.964	190.177	182.862	199.826
668_s_at	185.295	180.517	185.644	181.007	216.067	195.36	206.354	210.746
645_at	52.95	54.631	59.585	55.697	49.722	49.19	51.176	45.969
646_s_at	138.399	149.829	135.687	146.447	141.765	144.787	136.95	142.237
647_at	36.664	37.906	40.438	39.828	37.776	43.667	39.479	38.339
648_at	370.283	339.737	349.945	319.887	335.067	328.823	341.141	331.989
627_g_at	178.992	161.648	178.535	159.565	182.89	179.008	168.248	172.304
628_at	92.929	87.931	104.07	88.529	87.818	110.071	89.744	85.682
629_at	68.156	65.903	76.437	68.907	73.44	75.631	62.858	77.92
630_at	102.811	114.056	101.161	103.149	113.851	102.265	100.903	102.212
631_g_at	148.021	160.204	155.885	155.71	162.454	139.033	143.348	134.69
632_at	509.934	512.093	501.438	493.421	488.351	513.269	509.537	511.076
633_s_at	121.081	114.873	115.304	106.62	121.733	114.801	133.754	117.265
634_at	387.633	373.393	387.726	370.285	397.341	363.554	348.839	344.334
635_s_at	217.32	239.859	226.992	234.801	269.231	237.268	212.74	237.073
636_at	76.931	64.589	63.965	59.039	72.378	68.881	77.85	76.177
637_at	58.621	49.509	62.139	49.59	62.623	62.597	60.09	56.404
638_at	15.63	15.442	15.129	17.657	17.875	15.845	13.295	15.432
639_s_at	98.288	106.43	96.284	93.926	97.546	93.732	92.266	91.111
640_at	99.78	104.254	99.747	110.34	110.882	100.179	99.782	90.591
641_at	167.574	210.913	175.625	200.952	162.944	186.226	183.521	176.275
642_s_at	62.622	74.683	66.586	72.345	60.918	67.66	58.748	54.33
643_at	142.827	147.969	150.794	158.336	150.474	145.347	139.582	142.9
644_at	80.726	74.244	72.974	73.829	76.725	79.641	76.41	69.91
625_at	117.251	117.707	113.089	111.197	114.841	125.447	107.976	108.65
626_s_at	165.511	194.177	187.389	184.311	183.096	184.211	190.515	186.632
604_at	15.146	12.352	11.843	12.89	13.46	14.768	13.826	13.367
605_at	310.276	310.459	300.309	306.159	304.488	289.983	301.246	281.302
606_at	83.122	83.902	85.899	91.806	94.956	91.708	71.228	90
607_s_at	66.375	72.342	68.137	63.807	72.07	66.363	66.286	66.49
608_at	332.977	353.112	350.955	361.351	365.126	345.542	266.675	313.278
609_f_at	2338.368	2463.057	2395.315	2379.252	2377.273	2542.738	2455.544	2424.05
610_at	50.432	50.104	54.596	58.101	55.693	52.505	52.182	51.342
611_at	190.852	162.794	166.781	154.252	188.889	179.622	164.964	170.854
612_s_at	104.977	95.921	92.588	97.844	103.018	99.997	102.934	105.363
613_at	146.815	138.437	134.503	134.091	139.805	128.321	126.273	141.909
614_at	138.024	124.864	125.348	117.879	128.743	130.535	114.581	129.57
615_s_at	44.673	38.328	39.595	36.239	47.11	47.713	40.584	46.798
616_s_at	227.094	222.403	222.857	222.872	224.744	227.232	209.574	229.863
617_at	41.469	35.93	31.205	36.363	38.026	40.666	33.274	34.09
618_at	4.293	4.349	4.336	6.334	7.081	3.861	4.012	5.059
619_s_at	90.748	80.616	81.874	76.95	88.702	76.594	80.543	82.154
620_at	151.848	144.757	155.343	141.178	147.332	146.637	151.166	151.249
621_at	46.58	58.355	55.511	60.509	54.989	52.282	66.509	56.156
622_at	82.509	85.953	86.342	82.814	87.065	79.797	62.523	70.618
623_s_at	46.207	51.718	51.297	52.545	48.542	49.484	45.935	49.529
624_at	58.63	59.444	57.943	57.596	57.56	59.226	58.724	59.129
600_at	26.547	22.191	20.849	23.656	24.038	20.638	21.636	18.116
601_s_at	110.447	98.128	103.603	97.389	122.243	111.573	101.735	104.348
602_s_at	93.821	96.349	97.181	91.052	92.073	84.029	95.524	92.797
603_at	31.982	34.237	34.023	34.846	35.529	34.08	35.463	33.952
582_g_at	65.54	56.308	53.103	61.801	61.069	56.308	67.381	56.397
583_s_at	37.573	37.596	37.76	29.48	35.04	32.992	33.038	29.271
584_s_at	110.472	116.96	100.337	121.976	105.425	105.501	120.196	117.444
585_at	176.48	211.342	212.907	251.169	231.777	211.488	216.176	201.691
586_s_at	104.573	115.297	119.612	116.144	104.43	115.334	102.076	108.395
587_at	19.839	21.935	24.078	17.752	22.053	20.88	18.694	19.935
588_at	179.676	186.591	195.134	197.217	188.88	192.041	194.809	183.321
589_at	173.591	154.574	161.069	146.83	176.451	165.767	156.038	167.829
590_at	141.398	133.439	137.403	130.009	148.238	142.284	137.218	136.002
591_s_at	180.697	183.318	190.595	180.414	196.551	204.483	181.604	185.203
592_at	135.947	166.018	172.678	167.808	162.81	164.053	169.546	171.338
593_s_at	134.568	145.776	130.88	134.856	150.585	136.578	132.892	128.489
594_s_at	134.189	139.149	148.714	137.885	140.147	135.929	140.04	125.038
595_at	104.276	116.207	113.52	129.761	106.844	110.928	114.666	107.984
596_s_at	146.443	146.988	165.056	164.589	165.973	155.477	168.53	166.98
597_at	15.378	15.53	17.608	15.955	16.589	19.289	14.155	25.301
598_at	233.001	245.545	243.727	237.325	232.954	231.783	217.628	222.432
599_at	145.635	172.117	168.803	171.959	161.682	162.409	143.243	170.149
580_at	49.995	50.891	56.732	56.259	53.308	47.345	48.123	48.694
581_at	93.982	106.487	114.094	106.577	110.977	114.466	94.199	95.927
560_s_at	79.309	76.237	76.797	72.966	77.515	71.689	66.103	69.071
561_at	50.363	46.829	46.735	51.578	50.341	50.187	39.875	45.88
562_g_at	135.316	95.977	113.423	90.335	123.682	121.438	109.202	112.745
563_at	27.47	27.347	29.361	27.2	25.654	26.21	25.453	26.532
564_at	229.054	222.648	212.721	226.604	218.232	206.294	233.719	198.595
565_at	13.226	13.948	14.128	15.552	12.627	20.314	15.894	15.748
566_at	224.953	236.405	239.259	225.031	230.015	224.668	219.193	233.017
567_s_at	356.871	322.85	344.09	295.134	343.124	346.122	323.099	329.756
568_at	162.17	154.963	159.077	149.922	167.337	161.043	151.436	152.035
569_g_at	147.951	150.82	139.38	147.531	129.953	135.557	130.375	128.135
570_at	70.626	72.603	68.933	62.753	69.597	61.567	68.57	71.597
571_at	205.46	230.968	217.849	227.305	215.905	228.778	216.369	218.279
572_at	22.972	16.9	22.261	18.421	18.061	23.222	17.388	22.653
573_at	648.954	693.239	709.318	716.618	720.723	714.788	699.971	682.857
574_s_at	60.573	56.306	55.686	55.775	63.02	58.189	49.94	57.86
575_s_at	352.504	444.476	360.503	457.07	398.561	364.32	437.372	405.396
576_at	93.941	96.73	89.582	88.682	97.605	100.758	83.721	94.745
577_at	135.048	139.132	139.904	141.178	136.702	122.307	135.646	126.394
578_at	151.571	139.778	143.668	140.582	159.912	136.69	122.275	141.076
579_at	75.73	86.469	78.492	82.012	70.742	74.797	93.277	70.499
556_s_at	584.864	573.366	643.154	592.269	577.478	559.001	621.623	512.053
557_s_at	190.105	196.5	193.784	198.096	200.143	185.053	212.576	204.494
558_at	92.904	83.922	84.354	86.196	98.206	83.563	78.367	84.977
559_s_at	282.192	328.388	307.967	314.988	315.055	320.349	294.303	305.361
538_at	386.717	384.626	377.691	412.264	480.849	372.25	366.109	365.473
539_at	195.038	230.434	200.476	216.587	212.403	185.626	205.113	187.465
540_at	305.589	279.878	273.146	259.336	290.889	285.398	271.123	269.171
541_g_at	150.87	183.86	173.964	165.252	154.934	162.348	145.536	147.73
542_at	96.911	99.499	95.445	91.56	95.107	88.901	94.066	86.839
543_g_at	176.158	171.449	167.238	169.345	169.919	155.559	146.163	144.373
544_at	145.013	141.134	133.619	129.498	146.414	122.94	143.323	136.253
545_g_at	220.053	234.676	218.587	228.02	218.75	211.269	215.878	196.837
546_at	100.604	120.066	104.508	125.742	199.523	215.537	182.682	195.56
547_s_at	102.143	110.302	100.453	112.861	110.866	111.325	122.015	102.525
548_s_at	48.861	46.319	45.009	48.133	49.528	44.914	44.324	42.33
549_at	140.017	137.85	148.101	150.711	152.489	148.001	140.4	142.319
550_at	22.907	22.068	18.809	19.738	22.552	19.011	22.101	22.629
551_at	16.776	20.173	13.703	15.819	17.408	16.233	17.528	19.508
552_at	350.954	362.521	372.428	380.714	388.85	380.867	327.824	355.331
553_g_at	125.575	157.512	131.085	141.912	135.06	138.584	126.651	128.152
554_at	74.077	83.354	78.085	68.663	79.693	79.67	73.93	69.997
555_at	46.02	52.392	56.651	48.748	65.263	65.489	35.685	63.361
537_f_at	132.65	132.83	126.441	127.563	129.831	129.646	129.268	123.223
517_at	218.933	207.432	208.32	195.907	219.294	244.344	199.111	226.06
518_at	141.809	140.465	134.689	138.496	145.103	141.001	127.438	147.361
519_g_at	390.443	386.948	375.197	394.86	441.815	412.685	400.68	386.015
520_at	288.344	279.882	273.522	272.98	283.971	276.804	256.462	273.058
521_at	34.747	31.594	32.452	30.835	36.824	33.22	31.756	35.224
522_s_at	77.353	79.404	90.652	77.498	92.144	89.603	83.704	81.475
523_s_at	115.658	102.253	108.913	104.19	122.279	124.245	113.612	119.618
524_at	96.024	89.492	102.946	85.381	92.205	90.31	88.986	98.052
525_g_at	107.004	110.843	97.645	106.873	111.911	96.086	111.206	105.962
526_s_at	41.867	42.646	40.622	44.032	44.38	45.137	47.349	49.061
527_at	26.239	27.661	25.189	29.398	31.268	25.13	24.109	24.389
528_at	61.675	59.226	59.361	64.117	67.746	61.174	66.75	65.054
529_at	119.961	100.629	105.911	109.472	129.182	120.416	114.111	126.695
530_at	100.385	102.704	92.265	105.781	92.848	89.195	92.898	87.897
531_at	26.418	25.782	21.681	26.347	30.405	26.801	23.613	28.038
532_at	62.505	66.45	57.799	65.458	57.69	51.673	50.449	57.279
533_g_at	299.172	277.975	296.147	287.887	296.551	292.755	280.197	282.696
534_s_at	517.628	526.917	512.157	502.457	506.144	503.772	502.506	495.544
535_s_at	123.406	125.087	131.902	119.234	125.332	128.885	127.345	116.536
511_s_at	19.217	17.649	18.763	16.42	21.273	14.667	14.898	19.51
512_at	71.576	73.139	79.97	73.002	65.568	62.389	72.154	61.363
513_at	298.741	314.819	343.113	313.316	334.903	310.178	283.151	272.395
514_at	47.971	48.207	52.789	48.29	58.263	55.88	50.063	48.521
515_s_at	39.092	41.097	41.985	42.347	44.592	43.373	39.452	32.064
493_at	225.525	217.528	219.668	229.706	240.928	216.315	200.747	212.851
494_at	297.365	250.25	278.762	248.536	325.077	288.765	271.761	285.452
495_at	298.131	335.004	327.797	340.79	354.829	375.178	285.144	316.64
496_s_at	102.988	106.209	99.413	103.584	107.45	105.201	93.816	94.63
497_at	148.998	167.914	158.312	172.702	175.138	164.791	166.342	158.369
498_at	195.61	219.714	198.014	217.109	207.255	199.219	208.373	183.011
499_at	63.754	66.817	64.43	70.861	69.935	69.384	64.998	62.68
500_at	61.581	70.66	63.39	64.65	69.31	61.844	52.133	60.841
501_g_at	87.555	78.208	84.177	72.186	99.388	90.867	76.992	76.689
502_s_at	22.01	22.936	22.037	22.61	22.469	18.96	21.041	18.581
503_at	742.107	868.014	905.857	923.844	815.669	772.655	909.102	774.218
504_at	36.758	43.855	36.831	45.142	37.332	35.846	39.711	38.477
505_at	559.995	611.425	678.625	672.516	694.753	639.189	601.526	598.245
506_s_at	155.397	151.035	147.768	146.053	148.607	138.957	139.323	133.628
507_s_at	124.001	137.184	125.825	126.738	138.533	136.669	120.44	126.473
508_at	85.083	81.546	81.062	76.971	92.426	85.743	85.154	86.595
509_at	30.818	35.413	30.736	31.485	33.196	31.569	33.574	28.886
510_g_at	47.654	49.667	47.043	44.699	47.462	39.855	48.66	53.388
491_at	58.554	47.304	53.97	41.148	55.627	52.174	47.79	52.521
492_g_at	17.44	19.078	17.065	17.59	16.335	20.126	18.049	16.215
471_f_at	360.175	365.983	369.023	374.359	340.577	360.206	348.079	350.312
472_at	96.015	99.662	106.374	115.786	98.545	98.51	112.06	103.38
473_g_at	194.914	166.763	175.675	161.767	208.908	195.838	175.188	207.759
474_at	24.033	21.755	24.985	23.267	30.131	21.01	23.215	25.643
475_at	131.189	131.948	131.269	129.7	129.688	127.983	136.43	121.03
476_s_at	212.617	233.114	235.029	241.283	233.786	240.47	235.551	237.81
477_at	308.837	307.741	285.699	318.965	315.796	295.587	287.255	303.776
478_g_at	88.726	82.581	85.633	73.412	74.52	83.523	80.034	73.863
479_at	106.68	90.817	96.327	92.055	94.137	97.263	113.778	97.354
480_at	488.454	537.551	558.745	553.885	524.589	521.272	557.516	488.823
481_at	19.677	17.707	14.506	11.419	16.925	12.913	15.276	19.531
482_at	160.411	147.604	151.805	155.133	180.532	155.803	142.822	152.573
483_g_at	15.183	14.955	12.305	17.204	14.751	13.707	10.51	8.855
484_at	160.469	161.645	172.353	163.518	179.292	172.187	165.327	168.901
485_at	78.318	76.205	81.186	77.714	84.831	83.262	65.367	79.225
486_at	105.194	107.998	106.408	103.329	117.08	105.691	99.941	97.023
487_g_at	145.49	148.255	160.702	156.472	169.517	161.785	160.615	154.673
488_at	63.508	66.006	56.856	60.07	65.784	57.056	55.371	56.335
489_at	211.868	216.257	213.912	208.693	209.336	214.877	201.059	203.913
490_g_at	246.116	240.135	254.644	244.43	284.017	262.494	231.37	237.238
467_at	42.272	45.787	46.046	44.776	51.995	41.37	43.583	41.766
468_at	85.127	95.658	91.81	91.606	91.611	97.331	80.995	79.683
469_at	253.508	230.079	230.818	230.759	271.504	232.39	262.186	203.169
470_at	76.45	75.702	76.022	80.662	75.245	70.985	89.47	69.429
449_at	46.431	46.736	46.871	50.267	58.246	53.607	48.347	53.255
450_g_at	35.934	43.429	40.552	39.634	36.496	37.871	42.297	39.969
451_at	149.501	159.466	171.239	166.031	162.708	154.127	142.874	142.212
452_at	20.106	24.46	21.394	17.881	17.284	17.26	23.552	19.526
453_at	104.902	100.508	106.299	101.564	116.774	107.884	96.365	109.71
454_at	179.252	176.802	209.866	173.144	201.741	188.446	159.609	172.673
455_at	85.205	94.586	87.501	88.201	102.732	90.329	97.056	84.04
456_at	75.525	72.276	72.344	68.296	72.932	68.357	75.734	62.364
457_s_at	94.365	108.751	101.515	108.788	92.241	97.945	98.408	96.343
458_at	58.59	63.809	61.287	72.445	65.668	53.65	76.643	61.995
459_s_at	234.067	216.141	232.979	225.529	218.766	221.902	207.162	231.26
460_at	37.937	41.194	43.266	49.709	52.405	38.365	51.38	44.708
461_at	95.701	103.185	94.85	88.366	86.845	90.442	87.195	87.203
462_at	24.418	25.977	20.477	22.171	26.817	25.408	21.151	25.31
463_g_at	69.575	63.514	66.409	66.157	65.75	72.423	66.534	68.348
464_s_at	176.623	174.314	179.018	170.113	165.732	178.033	165.496	167.511
465_at	134.718	133.519	122.055	122.275	114.774	118.701	138.104	120.909
466_at	233.048	282.809	289.488	325.148	290.85	293.571	303.32	296.864
445_at	40.91	33.99	38.675	37.296	36.554	42.734	34.419	38.261
446_at	113.08	114.614	120.342	111.158	122.066	117.372	108.278	109.757
447_g_at	70.164	67.762	64.651	67.986	71.285	66.349	76.248	60.682
448_s_at	90.378	97.39	99.538	97.433	108.236	95.102	96.387	98.169
427_f_at	127.351	128.039	131.581	124.857	119.615	119.511	133.815	126.673
428_s_at	1429.655	1688.454	1560.753	1707.626	1532.32	1413.234	1543.579	1418.23
429_f_at	462.488	481.618	461.264	492.883	471.631	471.081	406.786	421.431
430_at	134.053	134.145	142.082	135.4	145.344	143.939	143.255	140.816
431_at	43.669	37.099	42.941	36.042	50.568	42.259	36.171	39.01
432_s_at	77.589	68.374	76.856	69.476	76.457	76.698	69.13	69.408
433_at	45.219	37.994	37.639	38.08	47.891	43.94	41.927	42.228
434_at	47.611	54.224	58.902	63.922	60.724	54.974	59.925	59.187
435_g_at	123.713	133.816	144.993	139.125	147.674	133.417	130.691	146.883
436_at	63.599	62.332	67.65	61.853	67.545	71.985	71.787	66.525
437_at	123.265	115.207	119.497	103.552	127.639	115.039	117.175	116.964
438_at	93.914	95.138	101.6	95.858	106.089	102.552	110.553	101.18
439_at	150.977	141.872	147.528	136.776	150.641	149.915	157.692	143.017
440_at	191.946	192.082	210.309	191.952	175.69	178.349	148.283	165.981
441_s_at	179.962	181.416	196.895	183.648	191.685	180.387	185.949	176.717
442_at	571.244	699.124	655.129	734.67	629.045	606.436	731.949	646.296
443_at	156.851	156.093	161.599	158.202	175.488	171.447	156.108	163.183
444_g_at	91.536	82.551	85.536	78.648	99.114	94.525	85.384	94.876
426_at	17.368	17.809	14.805	19.561	26.727	20.543	19.483	16.811
404_at	151.434	144.995	154.254	143.673	161.202	159.472	141.407	148.031
405_at	534.714	517.668	503.658	465.17	505.649	465.807	529.75	466.506
406_at	131.624	126.132	146.507	138.38	136.388	126.742	158.172	129.843
407_at	4226.531	4634.535	4646.063	4647.053	5392.981	5173.462	4890.562	4905.751
408_at	52.488	54.561	53.903	59.067	51.291	47.989	46.411	45.835
409_at	369.197	452.048	384.447	446.525	390.705	397.223	433.084	381.252
410_s_at	181.198	206.211	203.741	206.062	188.545	196.016	186.759	186.604
411_i_at	299.511	309.203	326.955	320.323	348.555	339.737	343.087	342.628
412_s_at	151.936	160.678	178	183.642	166.434	156.991	164.706	172.929
413_at	110.932	97.985	91.563	97.254	104.701	99.202	98.979	97.039
414_at	191.07	199.221	184.523	172.121	194.541	184.802	189.076	176.859
415_at	67.362	69.437	64.006	65.452	74.786	70.946	60.166	68.445
416_s_at	308.495	304.19	270.919	283.919	304.084	303.977	279.494	290.41
417_at	115.593	112.937	119.622	107.363	123.887	117.775	107.416	113.009
418_at	12.719	9.628	10.48	10.945	7.964	9.31	15.357	7.904
419_at	51.757	52.411	50.206	49.57	57.911	56.436	49.502	51.389
420_at	319.455	276.074	280.488	260.472	294.797	297.278	296.913	304.526
421_at	161.007	155.505	152.11	146.36	151.067	155.388	155.85	155.25
422_s_at	103.298	102.722	103.199	104.341	115.178	99.313	105.393	93.469
423_at	268.123	274.602	291.265	288.155	284.792	260.083	263.885	259.898
424_s_at	571.659	589.244	607.632	592.523	642.565	576.027	549.971	565.403
425_at	581.302	619.096	568.264	590.277	580.009	550.613	559.978	525.332
401_s_at	194.045	191.352	158.399	170.866	205.052	181.42	198.172	193.39
402_s_at	89.91	95.904	95.381	90.399	89.635	87.471	85.866	84.615
403_s_at	313.914	284.487	318.89	285.677	334.284	286.247	329.945	280.524
382_at	142.363	142.236	149.113	159.033	152.635	145.523	141.577	143.202
383_at	136.475	138.217	147.791	136.94	141.633	138.154	125.346	123.431
384_at	342.16	401.367	380.272	413.414	381.221	378.081	397.563	364.004
385_at	3538.553	4031.302	3754.353	4097.882	3947.849	3738.391	3785.575	3620.088
386_g_at	3976.044	4581.183	4514.589	4559.242	4314.279	4333.641	4543.023	4296.882
387_at	141.137	144.702	134.141	141.634	142.249	143.389	132.677	137.821
388_at	327.113	329.812	368.13	334.571	360.045	354.116	320.596	317.488
389_s_at	72.936	70.745	76.504	74.342	83.292	76.016	73.1	66.079
390_at	56.015	53.811	50.796	53.042	61.082	55.185	42.819	50.209
391_at	118.733	119.825	133.267	133.265	130.149	130.763	113.175	116.709
392_g_at	106.245	112.581	116.822	123.212	126.364	112.482	109.044	105.885
393_s_at	18.422	20.187	22.575	20.886	22.883	23.762	17.568	15.323
394_at	92.17	98.478	98.175	100.953	111.969	112.712	104.954	115.084
395_at	20.252	22.249	18.907	17.621	20.191	21.485	20.156	17.602
396_f_at	845.921	810.343	819.214	772.087	934.599	873.567	764.217	794.389
397_at	64.446	71.037	64.72	66.077	58.241	63.727	62.736	56.855
398_at	61.276	69.692	70.009	73.186	76.975	75.638	62.575	66.452
399_at	109.892	124.805	122.301	126.913	106.93	113.925	117.785	114.308
400_at	160.13	142.036	160.066	148.12	184.45	161.625	137.992	152.36
380_at	53.565	58.694	54.397	55.564	58.121	48.295	63.093	49.442
381_s_at	111.576	112.506	107.095	102.721	109.085	107.612	113.346	112.666
359_at	82.119	79.933	68.403	81.115	73.956	75.255	87.196	68.312
360_at	38.554	40.912	36.948	38.907	41.154	37.321	36.788	39.821
361_at	375.906	393.978	421.805	367.231	356.423	383.096	387.188	358.026
362_at	202.325	201.211	212.771	208.134	208.344	202.515	197.246	205.162
363_at	123.187	123.009	127.695	111.598	133.652	130.357	124.802	128.455
364_s_at	71.434	73.788	64.045	59.574	64.194	64.119	55.086	62.366
365_at	21.485	29.425	22.919	18.265	28.609	28.274	21.497	23.575
366_s_at	31.807	34.287	38.576	34.631	34.022	34.905	22.812	31
367_at	73.969	78.503	73.554	74.462	72.263	77.584	69.261	77.65
368_at	84.887	79.361	82.838	87.917	105.422	86.371	80.971	88.831
369_s_at	163.119	176.774	171.317	179.602	194.046	177.819	183.766	160.43
370_at	92.294	86.839	98.028	75.822	88.899	87.421	86.971	88.951
371_at	477.076	445.487	337.529	438.986	542.297	458.511	506.786	469.031
372_f_at	320.993	380.976	354.934	355.055	312.79	321.32	291.084	304.102
373_at	111.665	114.418	105.702	107.243	117.577	117.318	112.278	115.715
374_f_at	368.177	398.637	431.261	381.587	377.665	400.142	365.795	396.068
375_at	211.667	223.852	201.852	221.21	216.395	205.341	213.978	214.431
376_at	19.655	18.282	14.286	16.497	16.729	15.826	20.479	15.391
377_g_at	12.375	13.678	14.622	12.586	10.24	14.409	12.24	14.251
378_s_at	131.558	128.496	117.635	115.959	128.947	124.858	117.133	126.653
379_at	44.231	43.251	35.492	38.288	45.846	44.55	45.246	40.636
356_at	157.843	163.391	140.248	160.772	171.325	145.248	164.914	141.77
357_at	28.416	35.331	30.671	32.254	31.298	30.363	31.336	32.03
358_at	175.234	161.838	181.082	168.302	193.304	215.943	191.174	206.039
337_at	30.258	30.419	34.387	30.402	32.598	29.41	31.464	28.705
338_at	134.342	142.042	136.285	141.84	147.489	145.106	145.267	137.634
339_at	56.999	75.039	62.944	66.669	62.962	68.646	60.067	62.74
340_at	47.223	38.796	43.405	43.044	51.19	42.684	43.998	49.632
341_at	179.942	168.87	182.735	166.064	188.669	179	171.311	174.582
342_at	134.471	123.501	137.011	145.036	149.826	136.514	152.285	135.632
343_s_at	85.322	82.845	80.096	80.156	88.665	81.395	78.597	76.109
344_s_at	232.493	202.893	210.485	200.8	224.726	206.578	212.873	216.141
345_at	124.132	113.614	114.738	112.05	119.309	116.164	110.335	104.299
346_s_at	36.399	34.031	34.79	33.067	34.305	40.503	35.669	35.914
347_s_at	2579.81	2886.364	2873.119	2918.641	2823.029	2747.801	2655.099	2736.801
348_at	341.504	371.337	332.575	348.931	433.53	359.487	351.2	328.782
349_g_at	44.395	46.847	52.791	46.484	47.992	47.934	45.975	43.639
350_at	50.101	61.011	58.525	63.025	51.39	58.317	61.982	54.264
351_f_at	171.644	193.745	185.33	175.503	171.619	181.257	162.816	173.32
352_at	204.687	185.549	191.294	204.326	205.353	183.653	174.093	172.452
353_at	86.898	89.713	87.656	92.111	103.181	88.837	89.333	83.858
354_s_at	10.713	13.575	9.717	13.909	10.207	12.704	10.375	8.424
355_s_at	70.028	63.821	61.867	57.113	63.086	68.784	54.855	71.23
336_at	148.985	153.909	153.753	152.637	153.085	160.252	159.489	150.28
314_at	84.825	68.689	82.518	72.366	75.042	79.164	89.08	74.317
315_at	99.791	114.984	116.029	115.42	114.027	114.682	121.764	113.975
316_g_at	69.668	71.069	67.392	70.061	68.338	67.76	68.732	68.435
317_at	164.643	185.074	169.216	188.932	195.58	187.515	184.636	194.9
318_at	149.212	167.544	152.042	148.288	158.681	149.845	152.929	147.783
319_g_at	487.375	529.803	524.28	506.561	538.373	514.898	505.226	522.047
320_at	80.151	87.719	79.635	83.446	76.561	78.398	78.92	71.857
321_at	37.5	48.825	41.636	49.309	35.504	45.658	54.687	36.934
322_at	76.612	65.557	66.93	65.397	66.003	64.485	60.611	64.467
323_at	262.927	277.911	284.442	278.355	288.298	290.525	276.964	280.009
324_f_at	204.795	245.402	222.294	234.655	231.389	217.994	250.369	207.274
325_s_at	62.651	62.345	66.648	68.424	72.157	73.082	69.021	61.655
326_i_at	984.312	1077.584	1138.685	1128.137	1079.406	1020.482	1183.451	1053.826
327_f_at	2556.98	2916.789	2754.896	2920.98	2801.885	2718.61	2767.004	2655.462
328_at	11.665	14.567	10.603	9.222	16.954	19.057	15.762	11.048
329_s_at	280.439	282.617	303.223	306.551	312.448	276.806	289.692	281.383
330_s_at	116.849	122.104	123.236	119.244	128.702	122.838	122.716	117.188
331_at	121.1	114.782	125.086	111.549	125.161	131.515	103.938	121.167
332_at	29.622	29.686	33.888	32.043	31.447	28.942	29.329	34.61
333_s_at	96.256	80.151	83.374	82.036	96.379	89.501	79.398	83.76
334_s_at	288.07	279.235	300.527	298.662	323.703	291.861	281.631	267.3
335_r_at	2627.755	2617.574	2791.503	2499.92	2650.989	2850.957	2771.928	2514.937
311_s_at	125.776	141.159	128.208	122.7	78.661	79.145	87.816	77.666
312_s_at	47.15	62.122	53.234	55.422	55.914	48.32	59.893	48.6
313_at	76.862	66.213	75.857	69.579	70.333	74.579	76.34	69.587
292_s_at	165.162	202.686	155.09	169.347	167.742	170.802	181.286	167.401
293_at	397.576	400.811	407.448	414.738	431.599	424.393	393.64	397.939
294_s_at	303.101	278.371	284.708	279.573	314.037	282.307	272.124	290.966
295_s_at	97.422	90.849	93.748	88.132	93.777	91.34	86.383	84.903
296_at	230.009	285.552	257.606	294.618	269.689	265.473	256.047	256.958
297_g_at	317.679	380.258	358.453	386.245	386.755	378.998	399.425	356.043
298_at	98.396	107.916	104.121	98.498	99.129	89.346	95.833	91.559
299_i_at	58.865	57.54	55.668	58.917	58.754	60.595	67.582	54.678
300_f_at	91.658	127.861	115.418	109.702	104.438	95.252	98.958	89.224
301_at	54.74	58.574	69.474	65.69	56.208	56.796	60.405	58.869
302_at	167.133	158.663	167.457	161.047	184.829	169.888	176.456	155.451
303_at	94.805	85.161	87.863	89.492	101.221	92.113	72.633	87.444
304_at	6.498	4.762	11.465	6.27	7.665	7.58	8.93	8.7
305_g_at	53.503	46.959	46.401	46.744	45.4	48.46	50.896	46.254
306_s_at	377.865	387.61	395.248	390.803	398.076	419.707	397.043	434.687
307_at	210.087	226.055	213.932	229.505	257.493	234.105	217.093	223.426
308_f_at	119.58	118.983	113.231	109.459	118.213	113.918	113.41	121.551
309_f_at	89.338	90.55	79.675	81.669	89.798	88.482	87.499	86.713
310_s_at	104.441	95.225	96.581	93.917	106.492	101.297	92.929	92.542
291_s_at	261.099	273.551	272.563	285.592	274.185	283.193	253.546	287.568
270_at	49.509	50.42	50.085	48.673	55.992	50.496	47.385	52.7
271_s_at	61.717	51.929	50.061	58.827	66.681	54.012	54.661	50.167
272_at	150.263	153.816	136.45	156.112	150.633	147.227	165.071	136.414
273_g_at	31.29	37.349	35.15	32.481	34.606	30.27	32.496	32.331
274_at	151.79	146.43	133.927	151.545	159.206	149.323	139.741	158.267
275_at	94.723	96.177	93.08	96.047	93.001	94.471	94.629	90.352
276_at	231.906	282.198	265.025	273.887	277.644	266.731	273.158	278.175
277_at	627.302	765.271	686.35	762.653	634.787	610.336	756.548	628.667
278_at	175.438	172.35	165.39	169.594	204.508	179.425	183.973	169.218
279_at	213.293	259.429	235.442	245.931	227.61	230.326	253.683	226.693
280_g_at	158.795	181.572	189.138	189.874	183.994	176.992	179.034	173.577
281_s_at	82.289	73.19	74.924	76.954	81.028	76.309	68.124	80.196
282_at	31.413	27.615	31.578	26.229	30.225	27.558	30.746	30.243
283_at	237.731	290.145	286.076	295.619	257.15	252.618	274.274	261.288
284_at	57.208	59.323	57.824	54.783	63.324	60.078	48.905	55.677
285_g_at	19.146	17.146	20.616	12.721	20.644	15.744	19.689	18.355
286_at	113.327	129.859	131.584	131.184	133.288	130.649	137.001	129.872
287_at	126.405	157.689	123.339	155.634	139.247	149.569	154.416	132.686
288_s_at	124.628	141.804	152.33	162.219	146.561	144.381	137.619	140.065
289_at	107.072	103.393	103.402	98.788	111.436	99.866	99.957	101.924
290_s_at	200.503	197.522	196.137	202.39	213.436	215.975	184.377	185.083
266_s_at	602.916	757.955	598.552	737.789	740.143	680.672	613.723	670.517
267_at	88.273	95.128	92.908	88.793	95.201	95.332	88.694	88.848
268_at	156.095	152.731	187.97	170.453	176.775	176.169	188.262	162.074
269_at	103.574	110.216	113.024	115.628	107.167	103.174	100.1	100.445
248_at	24.934	29.672	27.97	27.052	28.26	25.143	27.045	28.565
249_at	149.94	151.088	163.559	160.601	163.774	160.906	141.357	152.002
250_at	329.812	266.096	265.025	270.551	365.462	295.024	312.473	317.133
251_at	145.437	167.774	134.728	156.015	163.642	154.134	138.728	136.615
252_at	90.123	83.427	102.465	102.5	120.583	99.266	83.205	93.795
253_g_at	242.93	231.576	242.4	259.347	256.294	253.985	267.956	217.164
254_at	841.286	1014.571	954.448	1053.475	966.885	901.128	899.575	840.089
255_s_at	431	443.556	486.112	511.645	480.404	468.262	443.592	426.326
256_s_at	4951.882	5524.422	5166.225	5370.961	5033.959	5071.553	5308.988	5156.174
257_at	29.537	29.004	24.769	25.267	27.763	28.106	26.587	27.197
258_at	503.977	455.496	531.356	592.418	520.046	495.164	561.421	453.909
259_s_at	166.299	156.085	157.257	157.296	177.501	167.707	157.295	161.097
260_at	85.026	88.14	81.808	81.246	78.636	87.167	82.121	82.231
261_s_at	50.915	43.001	45.774	44.555	52.555	50.259	54.127	50.005
262_at	45.671	52.217	44.146	44.115	41.661	41.414	52.449	40.597
263_g_at	164.019	155.005	156.493	153.933	154.762	158.466	157.713	160.504
264_at	267.923	259.646	265.248	254.888	267.008	254.523	232.316	251.816
265_s_at	50.043	40.073	51.522	48.841	49.363	51.961	42.155	51.485
245_at	47.382	44.266	44.639	40.598	45.707	42.347	43.107	42.104
246_at	3983.232	4083.215	4119.452	4140.035	4099.164	4048.012	4224.582	4032.707
247_s_at	443.433	475.487	446.958	453.477	458.849	460.087	408.032	407.828
225_at	276.444	248.134	263.36	240.973	289.948	273.791	265.027	283.991
226_at	188.695	185.66	166.699	185.269	201.992	186.1	182.294	189.136
227_g_at	213.996	264.287	245.567	258.321	246.009	247.355	236.739	231.887
228_at	67.914	80.423	81.681	84.276	79.746	77.393	62.508	77.159
229_at	83.942	83.722	81.482	82.368	75.211	78.894	90.033	76.838
230_s_at	85.972	66.725	80.532	60.853	89.207	89.776	81.327	83.63
231_at	165.087	153.701	172.003	158.512	156.571	158.805	149.334	152.958
232_at	184.601	191.674	181.307	204.249	183.081	170.98	195.805	171.011
233_s_at	51.164	48.881	55.593	52.324	56.633	55.484	49.531	49.368
234_s_at	62.526	62.538	57.344	61.277	66.546	54.848	52.841	64.009
235_at	51.562	59.486	55.827	56.251	59.001	55.471	52.391	57.557
236_at	93.524	83.696	92.874	96.136	97.445	88.075	84.845	81.802
237_s_at	121.554	123.311	124.879	127.993	127.6	130.942	142.062	122.662
238_at	27.129	25.723	27.889	27.194	36.059	29.04	38.651	31.101
239_at	125.867	139.07	138.59	149.542	126.189	134.684	155.503	128.148
240_at	171.148	168.586	185.778	173.571	194.151	186.913	158.641	164.968
241_g_at	412.652	470.975	440.65	473.109	466.588	455.855	466.608	441.652
242_at	101.502	110.748	101.787	106.114	111.174	99.057	104.211	87.289
243_g_at	102.68	115.667	113.055	112.215	106.08	113.939	126.452	115.165
244_at	191.239	198.744	214.722	195.171	222.302	205.095	190.745	186.465
202_at	103.883	101.211	101.852	102.021	114.816	96.306	98.374	103.729
203_at	95.056	97.215	102.297	100.968	95.971	97.762	83.599	84.582
204_at	66.595	69.915	67.01	74.29	72.451	71.117	65.612	67.817
205_g_at	96.517	103.01	107.102	113.631	110.908	98.963	111.676	95.624
206_at	25.041	20.32	23.879	24.691	24.399	22.881	27.431	23.185
207_at	208.763	213.926	207.615	198.391	218.843	211.507	211.522	192.226
208_at	18.061	20.419	18.845	23.459	19.578	17.427	18.789	20.883
209_at	130.411	117.649	114.094	115.986	144.149	132.498	109.878	119.934
210_at	274.109	265.654	252.934	245.712	264.28	263.753	279.934	269.023
211_at	79.095	74.84	65.527	67.346	69.745	76.67	68.928	70.59
212_at	359.955	377.802	364.599	365.482	334.666	381.307	369.788	378.82
213_at	38.728	53.447	49.49	45.835	47.409	49.608	38.989	44.644
214_at	176.554	169.954	172.643	163.387	181.388	185.721	168.102	183.749
215_g_at	269.115	246.569	240.782	225.728	241.6	265.871	243.814	242.606
216_at	498.071	475.192	488.787	516.836	702.934	596.354	625.044	599.337
217_at	84.87	76.968	79.548	76.595	84.113	77.752	76.082	87.043
218_at	50.817	59.547	60.249	63.844	60.743	57.556	56.962	65.37
219_i_at	20.762	26.423	23.877	29.125	23.902	19.739	25.001	21.337
220_r_at	158.029	167.55	189.768	201.683	195.129	177.81	208.528	184.015
221_s_at	52.012	47.029	46.515	46.064	47.553	49.938	49.623	41.059
222_at	407.815	366.285	409.922	364.036	406.272	396.747	387.402	388.985
223_at	186.158	182.401	194.992	191.003	190.871	195.036	189.606	204.052
224_at	66.824	58.548	61.04	58.443	57.103	59.422	57.997	61.194
200_at	19.392	21.177	23.22	18.607	19.042	22.765	18.523	21.7
201_s_at	1778.614	2041.662	2133.891	2135.513	2166.455	2072.71	2209.662	2170.437
180_at	266.087	264.73	267.611	264.406	285.102	265.678	299.993	270.754
181_g_at	299.295	317.887	300.634	316.729	298.42	302.583	293.241	286.139
182_at	163.584	165.694	159.859	163.728	159.971	163.151	159.086	155.532
183_at	16.423	18.349	16.908	18.844	17.093	18.763	14.788	17.145
184_at	119.022	131.592	126.23	117.414	109.18	110.239	127.349	114
185_at	47.107	39.885	38.367	37.619	41.575	39.78	37.83	32.533
186_at	50.414	45.099	51.282	56.083	49.617	47.809	53.524	51.863
187_at	269.43	259.635	261.537	240.419	242.058	253.759	231.374	234.394
188_at	124.448	122.132	132.439	127.648	155.235	139.231	123.995	129.621
189_s_at	323.041	365.252	352.806	368.642	407.003	357.514	336.887	325.039
190_at	52.379	65.643	57.388	62.685	53.241	56.28	54.972	45.336
191_at	172.702	172.161	177.56	173.418	185.586	174.457	162.065	170.86
192_at	338.868	356.825	395.183	340.673	376.335	368.327	371.154	357.157
193_at	65.623	69.688	71.904	73.962	76.296	69.785	67.454	68.824
194_at	10.586	13.786	16.952	17.031	10.813	9.568	8.488	10.802
195_s_at	130.032	142.275	141.457	144.025	143.264	137.818	151.582	137.494
196_s_at	7.211	6.549	8.739	6.817	7.171	9.063	8.51	8.293
197_at	229.414	238.992	250.715	250.041	237.523	233.372	246.701	232.93
198_g_at	295.13	301.278	306.635	293.641	312.92	300.322	295.256	275.025
199_s_at	87.879	91.632	87.081	90.395	88.932	80.985	84.333	79.259
175_s_at	167.175	166.331	195.099	189.561	235.894	219.31	179.073	212.623
176_at	112.638	120.848	116.031	122.765	121.955	111.605	113.791	106.55
177_at	97.742	103.136	98.152	104.518	96.728	101.43	94.143	92.699
178_f_at	46.866	58.324	59.631	53.339	57.24	50.534	50.439	58.532
179_at	889.014	852.971	860.06	815.396	857.847	858.665	838.515	853.406
158_at	38.121	45.308	36.299	45.27	29.845	37.809	37.55	40.286
159_at	62.725	54.278	60.237	58.771	65.245	57.86	60.315	57.984
160_at	91.447	90.578	82.449	81.692	85.854	85.06	86.642	95.336
161_at	10.863	8.928	10.198	12.373	9.386	11.83	12.303	10.853
162_at	394.853	380.509	374.483	374.039	397.031	390.124	389.397	381.97
163_at	149.517	157.796	141.865	161.13	141.913	152.571	151.798	158.736
164_at	344.304	350.853	324.781	334.829	361.256	323.809	344.042	306.727
165_g_at	55.545	51.631	49.362	50.025	54.995	54.207	56.261	53.572
166_at	325.822	355.425	356.329	351.218	378.779	353.785	274.108	322.857
167_at	89.407	99.835	98.548	107.737	98.538	93.902	95.734	92.758
168_at	32.229	35.336	34.468	32.692	35.058	35.14	32.145	28.627
169_at	83.96	88.586	88.425	93.003	81.227	89.85	75.793	84.835
170_at	317.188	349.028	365.16	338.51	379.686	394.733	330.64	366.174
171_at	88.703	112.277	87.989	95.655	86.618	94.385	93.285	86.648
172_at	255.439	244.313	230.073	239.959	296.713	259.028	217.445	269.936
173_at	107.592	96.955	97.074	102.874	111.516	109.787	101.875	102.703
174_s_at	106.766	131.063	112.942	133.381	108.25	114.895	125.633	113.481
155_s_at	141.373	164.14	146.922	160.315	157.034	154.533	145.749	141.427
156_s_at	132.781	120.05	109.378	107.688	131.249	117.994	101.335	120.515
157_at	61.151	66.162	68.588	63.924	58.75	58.558	63.849	64.187
136_at	227.816	207.421	213.132	216.71	241.239	218.778	211.198	192.657
137_at	196.89	205.928	180.803	200.849	212.282	207.293	201.858	212.479
138_at	329.887	329.652	317.707	328.367	358.249	315.043	316.526	301.849
139_at	44.961	49.543	44.029	42.409	42.943	48.161	40.197	39.516
140_s_at	94.426	139.19	107.158	125.503	111.087	112.985	87.07	103.593
141_s_at	146.504	157.476	150.07	152.42	160.469	147.436	143.701	138.672
142_at	70.033	65.178	73.218	79.121	80.55	70.978	71.546	76.403
143_s_at	78.509	82.305	80.094	84.084	82.824	89.061	73.218	72.867
144_at	57.745	60.031	56.266	54.505	63.116	60.22	53.925	61.627
145_s_at	227.444	221.789	220.618	234.835	256.857	216.455	233.181	212.916
146_at	210.2	185.14	179.104	182.785	210.519	198.501	191.818	215.478
147_at	132.73	155.05	161.601	163.124	151.618	152.026	150.013	143.67
148_at	155.161	166.96	168.096	167.179	173.039	161.739	160.961	158.525
149_at	73.143	84.36	83.043	82.362	75.112	71.21	84.797	70.013
150_at	43.046	39.561	39.652	36.487	40.262	44.184	39.576	38.122
151_s_at	785.846	791.867	790.42	835.65	870.434	799.345	844.989	785.434
152_f_at	87.88	84.28	90.55	78.915	85.122	84.503	74.886	88.571
153_f_at	169.794	166.778	175.659	159.777	152.357	190.044	141.126	154.223
154_at	13.492	13.957	15.82	16.293	11.767	13.337	14.999	13.031
112_g_at	43.09	31.035	37.024	31.91	34.143	32.554	32.227	33.414
113_i_at	37.936	37.988	40.214	40.312	39.936	38.6	39.818	41.806
114_r_at	73.95	86.024	85.031	81.446	84.868	85.473	89.798	81.851
115_at	164.375	170.865	162.541	155.811	167.119	157.371	150.266	139.787
116_at	82.101	86.051	87.88	97.275	84.063	83.886	90.771	82.642
117_at	166.748	170.429	180.474	201.304	177.173	164.779	187.506	183.349
118_at	110.02	98.8	94.274	96.49	92.788	92.051	83.744	92.609
119_at	85.553	88.311	89.693	81.367	94.329	98.941	84.646	84.299
120_at	27.537	28.475	24.766	29.501	29.209	31.742	31.51	27.086
121_at	1423.291	1426.247	1460.841	1549.018	1738.133	1696.928	1620.484	1760.074
122_at	153.415	165.805	155.185	152.191	140.599	167.587	150.163	136.137
123_at	50.665	51.912	55.697	54.73	54.333	53.285	50.531	49.71
124_i_at	109.579	104.754	110.106	107.889	118.11	112.216	113.888	109.818
125_r_at	2079.828	2126.762	2174.314	2289.453	2181.845	2106.188	2052.575	1942.257
126_s_at	6.342	6.182	2.856	4.524	6.161	6.049	8.194	4.678
127_at	95.104	90.874	95.758	93.662	100.701	91.301	82.768	86.8
128_at	35.239	37.384	37.779	39.148	41.466	38.931	38.261	36.89
129_g_at	87.22	103.716	101.386	116.145	91.299	93.956	99.155	90.682
130_s_at	123.002	120.679	126.315	126.76	135.044	133.932	136.336	115.35
131_at	101.211	99.919	103.957	98.581	118.019	107.897	98.417	102.229
132_at	69.4	65.097	75.371	70.719	70.957	72.358	60.843	58.16
133_at	191.598	187.512	178.766	206.229	217.537	194.031	190.759	176.313
134_at	199.564	173.517	205.094	183.591	238.331	218.787	211.795	210.121
135_g_at	65.485	63.967	64.594	66.88	73.495	64.928	68.218	84.962
110_at	235.221	232.167	232.72	244.937	244.989	222.196	243.188	223.192
111_at	151.716	146.021	139.094	144.02	162.157	148.222	138.365	142.17
100_g_at	415.609	395.319	411.981	403.718	410.266	402.533	407.291	390.697
101_at	84.469	87.355	81.303	83.741	90.193	81.986	84.698	76.26
102_at	51.674	56.867	61.275	55.238	54.944	58.036	46.105	59.283
103_at	151.696	165.216	170.783	177.806	170.756	169.709	156.611	155.992
104_at	86.308	90.759	82.678	87.481	86.472	99.349	78.2	82.044
105_at	43.979	40.451	40.853	37.224	50.393	43.331	41.426	39.959
106_at	137.507	120.683	123.646	142.955	156.95	123.805	96.818	123.1
107_at	165.781	147.727	163.472	169.867	202.356	159.379	140.645	151.144
108_g_at	161.609	169.16	167.019	163.152	178.137	175.13	160.834	173.764
109_at	96.465	103.804	89.427	96.737	104.915	95.726	90.151	89.443
